relative_path,model,mode,dataset,horizon,script_name
BigST/hpo/tfb-Kelmarsh_filtered_wide__MTMV_reduced_3V_Power_(kW)/horizon_12/bigst.sh,BigST,hpo,tfb-Kelmarsh_filtered_wide__MTMV_reduced_3V_Power_(kW),horizon_12,bigst.sh
BigST/hpo/tfb-Kelmarsh_filtered_wide__MTMV_reduced_3V_Power_(kW)/horizon_144/bigst.sh,BigST,hpo,tfb-Kelmarsh_filtered_wide__MTMV_reduced_3V_Power_(kW),horizon_144,bigst.sh
BigST/hpo/tfb-Kelmarsh_filtered_wide__MTMV_reduced_3V_Power_(kW)/horizon_24/bigst.sh,BigST,hpo,tfb-Kelmarsh_filtered_wide__MTMV_reduced_3V_Power_(kW),horizon_24,bigst.sh
BigST/hpo/tfb-Kelmarsh_filtered_wide__MTMV_reduced_3V_Power_(kW)/horizon_72/bigst.sh,BigST,hpo,tfb-Kelmarsh_filtered_wide__MTMV_reduced_3V_Power_(kW),horizon_72,bigst.sh
BigST/hpo/tfb-Penmanshiel_filtered_wide__MTMV_reduced_3V_Power_(kW)__quality_trim_201607_201608_202009_202010/horizon_12/bigst.sh,BigST,hpo,tfb-Penmanshiel_filtered_wide__MTMV_reduced_3V_Power_(kW)__quality_trim_201607_201608_202009_202010,horizon_12,bigst.sh
BigST/hpo/tfb-Penmanshiel_filtered_wide__MTMV_reduced_3V_Power_(kW)__quality_trim_201607_201608_202009_202010/horizon_144/bigst.sh,BigST,hpo,tfb-Penmanshiel_filtered_wide__MTMV_reduced_3V_Power_(kW)__quality_trim_201607_201608_202009_202010,horizon_144,bigst.sh
BigST/hpo/tfb-Penmanshiel_filtered_wide__MTMV_reduced_3V_Power_(kW)__quality_trim_201607_201608_202009_202010/horizon_24/bigst.sh,BigST,hpo,tfb-Penmanshiel_filtered_wide__MTMV_reduced_3V_Power_(kW)__quality_trim_201607_201608_202009_202010,horizon_24,bigst.sh
BigST/hpo/tfb-Penmanshiel_filtered_wide__MTMV_reduced_3V_Power_(kW)__quality_trim_201607_201608_202009_202010/horizon_72/bigst.sh,BigST,hpo,tfb-Penmanshiel_filtered_wide__MTMV_reduced_3V_Power_(kW)__quality_trim_201607_201608_202009_202010,horizon_72,bigst.sh
BigST/hpo/tfb-UEBB_panel_wide_filled__MTMV_reduced_3V_active_power_total/horizon_12/bigst.sh,BigST,hpo,tfb-UEBB_panel_wide_filled__MTMV_reduced_3V_active_power_total,horizon_12,bigst.sh
BigST/hpo/tfb-UEBB_panel_wide_filled__MTMV_reduced_3V_active_power_total/horizon_144/bigst.sh,BigST,hpo,tfb-UEBB_panel_wide_filled__MTMV_reduced_3V_active_power_total,horizon_144,bigst.sh
BigST/hpo/tfb-UEBB_panel_wide_filled__MTMV_reduced_3V_active_power_total/horizon_24/bigst.sh,BigST,hpo,tfb-UEBB_panel_wide_filled__MTMV_reduced_3V_active_power_total,horizon_24,bigst.sh
BigST/hpo/tfb-UEBB_panel_wide_filled__MTMV_reduced_3V_active_power_total/horizon_72/bigst.sh,BigST,hpo,tfb-UEBB_panel_wide_filled__MTMV_reduced_3V_active_power_total,horizon_72,bigst.sh
BigST/hpo/tfb-UEPS_panel_wide_filled__MTMV_reduced_3V_active_power_total/horizon_12/bigst.sh,BigST,hpo,tfb-UEPS_panel_wide_filled__MTMV_reduced_3V_active_power_total,horizon_12,bigst.sh
BigST/hpo/tfb-UEPS_panel_wide_filled__MTMV_reduced_3V_active_power_total/horizon_144/bigst.sh,BigST,hpo,tfb-UEPS_panel_wide_filled__MTMV_reduced_3V_active_power_total,horizon_144,bigst.sh
BigST/hpo/tfb-UEPS_panel_wide_filled__MTMV_reduced_3V_active_power_total/horizon_24/bigst.sh,BigST,hpo,tfb-UEPS_panel_wide_filled__MTMV_reduced_3V_active_power_total,horizon_24,bigst.sh
BigST/hpo/tfb-UEPS_panel_wide_filled__MTMV_reduced_3V_active_power_total/horizon_72/bigst.sh,BigST,hpo,tfb-UEPS_panel_wide_filled__MTMV_reduced_3V_active_power_total,horizon_72,bigst.sh
BigST/hpo/tfb-Wind farm site 1 (Nominal capacity-99MW)_final/horizon_12/bigst.sh,BigST,hpo,tfb-Wind farm site 1 (Nominal capacity-99MW)_final,horizon_12,bigst.sh
BigST/hpo/tfb-Wind farm site 1 (Nominal capacity-99MW)_final/horizon_144/bigst.sh,BigST,hpo,tfb-Wind farm site 1 (Nominal capacity-99MW)_final,horizon_144,bigst.sh
BigST/hpo/tfb-Wind farm site 1 (Nominal capacity-99MW)_final/horizon_24/bigst.sh,BigST,hpo,tfb-Wind farm site 1 (Nominal capacity-99MW)_final,horizon_24,bigst.sh
BigST/hpo/tfb-Wind farm site 1 (Nominal capacity-99MW)_final/horizon_72/bigst.sh,BigST,hpo,tfb-Wind farm site 1 (Nominal capacity-99MW)_final,horizon_72,bigst.sh
BigST/hpo/tfb-Wind farm site 2 (Nominal capacity-200MW)_final/horizon_12/bigst.sh,BigST,hpo,tfb-Wind farm site 2 (Nominal capacity-200MW)_final,horizon_12,bigst.sh
BigST/hpo/tfb-Wind farm site 2 (Nominal capacity-200MW)_final/horizon_144/bigst.sh,BigST,hpo,tfb-Wind farm site 2 (Nominal capacity-200MW)_final,horizon_144,bigst.sh
BigST/hpo/tfb-Wind farm site 2 (Nominal capacity-200MW)_final/horizon_24/bigst.sh,BigST,hpo,tfb-Wind farm site 2 (Nominal capacity-200MW)_final,horizon_24,bigst.sh
BigST/hpo/tfb-Wind farm site 2 (Nominal capacity-200MW)_final/horizon_72/bigst.sh,BigST,hpo,tfb-Wind farm site 2 (Nominal capacity-200MW)_final,horizon_72,bigst.sh
BigST/hpo/tfb-Wind farm site 3 (Nominal capacity-99MW)_final/horizon_12/bigst.sh,BigST,hpo,tfb-Wind farm site 3 (Nominal capacity-99MW)_final,horizon_12,bigst.sh
BigST/hpo/tfb-Wind farm site 3 (Nominal capacity-99MW)_final/horizon_144/bigst.sh,BigST,hpo,tfb-Wind farm site 3 (Nominal capacity-99MW)_final,horizon_144,bigst.sh
BigST/hpo/tfb-Wind farm site 3 (Nominal capacity-99MW)_final/horizon_24/bigst.sh,BigST,hpo,tfb-Wind farm site 3 (Nominal capacity-99MW)_final,horizon_24,bigst.sh
BigST/hpo/tfb-Wind farm site 3 (Nominal capacity-99MW)_final/horizon_72/bigst.sh,BigST,hpo,tfb-Wind farm site 3 (Nominal capacity-99MW)_final,horizon_72,bigst.sh
BigST/hpo/tfb-Wind farm site 4 (Nominal capacity-66MW)_final/horizon_12/bigst.sh,BigST,hpo,tfb-Wind farm site 4 (Nominal capacity-66MW)_final,horizon_12,bigst.sh
BigST/hpo/tfb-Wind farm site 4 (Nominal capacity-66MW)_final/horizon_144/bigst.sh,BigST,hpo,tfb-Wind farm site 4 (Nominal capacity-66MW)_final,horizon_144,bigst.sh
BigST/hpo/tfb-Wind farm site 4 (Nominal capacity-66MW)_final/horizon_24/bigst.sh,BigST,hpo,tfb-Wind farm site 4 (Nominal capacity-66MW)_final,horizon_24,bigst.sh
BigST/hpo/tfb-Wind farm site 4 (Nominal capacity-66MW)_final/horizon_72/bigst.sh,BigST,hpo,tfb-Wind farm site 4 (Nominal capacity-66MW)_final,horizon_72,bigst.sh
BigST/hpo/tfb-Wind farm site 6 (Nominal capacity-96MW)_final/horizon_12/bigst.sh,BigST,hpo,tfb-Wind farm site 6 (Nominal capacity-96MW)_final,horizon_12,bigst.sh
BigST/hpo/tfb-Wind farm site 6 (Nominal capacity-96MW)_final/horizon_144/bigst.sh,BigST,hpo,tfb-Wind farm site 6 (Nominal capacity-96MW)_final,horizon_144,bigst.sh
BigST/hpo/tfb-Wind farm site 6 (Nominal capacity-96MW)_final/horizon_24/bigst.sh,BigST,hpo,tfb-Wind farm site 6 (Nominal capacity-96MW)_final,horizon_24,bigst.sh
BigST/hpo/tfb-Wind farm site 6 (Nominal capacity-96MW)_final/horizon_72/bigst.sh,BigST,hpo,tfb-Wind farm site 6 (Nominal capacity-96MW)_final,horizon_72,bigst.sh
BigST/hpo/tfb-Wind_Farm_A_filtered_wide_long_fixed__1T1V_reduced_1T_1V_windpower/horizon_12/bigst.sh,BigST,hpo,tfb-Wind_Farm_A_filtered_wide_long_fixed__1T1V_reduced_1T_1V_windpower,horizon_12,bigst.sh
BigST/hpo/tfb-Wind_Farm_A_filtered_wide_long_fixed__1T1V_reduced_1T_1V_windpower/horizon_144/bigst.sh,BigST,hpo,tfb-Wind_Farm_A_filtered_wide_long_fixed__1T1V_reduced_1T_1V_windpower,horizon_144,bigst.sh
BigST/hpo/tfb-Wind_Farm_A_filtered_wide_long_fixed__1T1V_reduced_1T_1V_windpower/horizon_24/bigst.sh,BigST,hpo,tfb-Wind_Farm_A_filtered_wide_long_fixed__1T1V_reduced_1T_1V_windpower,horizon_24,bigst.sh
BigST/hpo/tfb-Wind_Farm_A_filtered_wide_long_fixed__1T1V_reduced_1T_1V_windpower/horizon_72/bigst.sh,BigST,hpo,tfb-Wind_Farm_A_filtered_wide_long_fixed__1T1V_reduced_1T_1V_windpower,horizon_72,bigst.sh
BigST/hpo/tfb-Wind_Farm_B_filtered_wide_long_fixed__1T1V_reduced_1T_1V_windpower/horizon_12/bigst.sh,BigST,hpo,tfb-Wind_Farm_B_filtered_wide_long_fixed__1T1V_reduced_1T_1V_windpower,horizon_12,bigst.sh
BigST/hpo/tfb-Wind_Farm_B_filtered_wide_long_fixed__1T1V_reduced_1T_1V_windpower/horizon_144/bigst.sh,BigST,hpo,tfb-Wind_Farm_B_filtered_wide_long_fixed__1T1V_reduced_1T_1V_windpower,horizon_144,bigst.sh
BigST/hpo/tfb-Wind_Farm_B_filtered_wide_long_fixed__1T1V_reduced_1T_1V_windpower/horizon_24/bigst.sh,BigST,hpo,tfb-Wind_Farm_B_filtered_wide_long_fixed__1T1V_reduced_1T_1V_windpower,horizon_24,bigst.sh
BigST/hpo/tfb-Wind_Farm_B_filtered_wide_long_fixed__1T1V_reduced_1T_1V_windpower/horizon_72/bigst.sh,BigST,hpo,tfb-Wind_Farm_B_filtered_wide_long_fixed__1T1V_reduced_1T_1V_windpower,horizon_72,bigst.sh
BigST/hpo/tfb-Wind_Farm_C_filtered_wide_long_fixed__MT1V_reduced_1V_windpower/horizon_12/bigst.sh,BigST,hpo,tfb-Wind_Farm_C_filtered_wide_long_fixed__MT1V_reduced_1V_windpower,horizon_12,bigst.sh
BigST/hpo/tfb-Wind_Farm_C_filtered_wide_long_fixed__MT1V_reduced_1V_windpower/horizon_144/bigst.sh,BigST,hpo,tfb-Wind_Farm_C_filtered_wide_long_fixed__MT1V_reduced_1V_windpower,horizon_144,bigst.sh
BigST/hpo/tfb-Wind_Farm_C_filtered_wide_long_fixed__MT1V_reduced_1V_windpower/horizon_24/bigst.sh,BigST,hpo,tfb-Wind_Farm_C_filtered_wide_long_fixed__MT1V_reduced_1V_windpower,horizon_24,bigst.sh
BigST/hpo/tfb-Wind_Farm_C_filtered_wide_long_fixed__MT1V_reduced_1V_windpower/horizon_72/bigst.sh,BigST,hpo,tfb-Wind_Farm_C_filtered_wide_long_fixed__MT1V_reduced_1V_windpower,horizon_72,bigst.sh
BigST/hpo/tfb-Yalova_final_ready/horizon_12/bigst.sh,BigST,hpo,tfb-Yalova_final_ready,horizon_12,bigst.sh
BigST/hpo/tfb-Yalova_final_ready/horizon_144/bigst.sh,BigST,hpo,tfb-Yalova_final_ready,horizon_144,bigst.sh
BigST/hpo/tfb-Yalova_final_ready/horizon_24/bigst.sh,BigST,hpo,tfb-Yalova_final_ready,horizon_24,bigst.sh
BigST/hpo/tfb-Yalova_final_ready/horizon_72/bigst.sh,BigST,hpo,tfb-Yalova_final_ready,horizon_72,bigst.sh
BigST/hpo/tfb-aemo/horizon_12/bigst.sh,BigST,hpo,tfb-aemo,horizon_12,bigst.sh
BigST/hpo/tfb-aemo/horizon_144/bigst.sh,BigST,hpo,tfb-aemo,horizon_144,bigst.sh
BigST/hpo/tfb-aemo/horizon_24/bigst.sh,BigST,hpo,tfb-aemo,horizon_24,bigst.sh
BigST/hpo/tfb-aemo/horizon_72/bigst.sh,BigST,hpo,tfb-aemo,horizon_72,bigst.sh
BigST/hpo/tfb-chalmers_merged_processed_data_fixed_combined__1T1V_reduced_1min_1T_1V_power/horizon_12/bigst.sh,BigST,hpo,tfb-chalmers_merged_processed_data_fixed_combined__1T1V_reduced_1min_1T_1V_power,horizon_12,bigst.sh
BigST/hpo/tfb-chalmers_merged_processed_data_fixed_combined__1T1V_reduced_1min_1T_1V_power/horizon_144/bigst.sh,BigST,hpo,tfb-chalmers_merged_processed_data_fixed_combined__1T1V_reduced_1min_1T_1V_power,horizon_144,bigst.sh
BigST/hpo/tfb-chalmers_merged_processed_data_fixed_combined__1T1V_reduced_1min_1T_1V_power/horizon_24/bigst.sh,BigST,hpo,tfb-chalmers_merged_processed_data_fixed_combined__1T1V_reduced_1min_1T_1V_power,horizon_24,bigst.sh
BigST/hpo/tfb-chalmers_merged_processed_data_fixed_combined__1T1V_reduced_1min_1T_1V_power/horizon_72/bigst.sh,BigST,hpo,tfb-chalmers_merged_processed_data_fixed_combined__1T1V_reduced_1min_1T_1V_power,horizon_72,bigst.sh
BigST/hpo/tfb-gefcom2012/horizon_12/bigst.sh,BigST,hpo,tfb-gefcom2012,horizon_12,bigst.sh
BigST/hpo/tfb-gefcom2012/horizon_144/bigst.sh,BigST,hpo,tfb-gefcom2012,horizon_144,bigst.sh
BigST/hpo/tfb-gefcom2012/horizon_24/bigst.sh,BigST,hpo,tfb-gefcom2012,horizon_24,bigst.sh
BigST/hpo/tfb-gefcom2012/horizon_72/bigst.sh,BigST,hpo,tfb-gefcom2012,horizon_72,bigst.sh
BigST/hpo/tfb-gefcom2014/horizon_12/bigst.sh,BigST,hpo,tfb-gefcom2014,horizon_12,bigst.sh
BigST/hpo/tfb-gefcom2014/horizon_144/bigst.sh,BigST,hpo,tfb-gefcom2014,horizon_144,bigst.sh
BigST/hpo/tfb-gefcom2014/horizon_24/bigst.sh,BigST,hpo,tfb-gefcom2014,horizon_24,bigst.sh
BigST/hpo/tfb-gefcom2014/horizon_72/bigst.sh,BigST,hpo,tfb-gefcom2014,horizon_72,bigst.sh
BigST/hpo/tfb-kaggle1_final_benchmark_v3_ready_no_turbinestatus/horizon_12/bigst.sh,BigST,hpo,tfb-kaggle1_final_benchmark_v3_ready_no_turbinestatus,horizon_12,bigst.sh
BigST/hpo/tfb-kaggle1_final_benchmark_v3_ready_no_turbinestatus/horizon_144/bigst.sh,BigST,hpo,tfb-kaggle1_final_benchmark_v3_ready_no_turbinestatus,horizon_144,bigst.sh
BigST/hpo/tfb-kaggle1_final_benchmark_v3_ready_no_turbinestatus/horizon_24/bigst.sh,BigST,hpo,tfb-kaggle1_final_benchmark_v3_ready_no_turbinestatus,horizon_24,bigst.sh
BigST/hpo/tfb-kaggle1_final_benchmark_v3_ready_no_turbinestatus/horizon_72/bigst.sh,BigST,hpo,tfb-kaggle1_final_benchmark_v3_ready_no_turbinestatus,horizon_72,bigst.sh
BigST/hpo/tfb-maelstrom_turbine_1_univariate/horizon_12/bigst.sh,BigST,hpo,tfb-maelstrom_turbine_1_univariate,horizon_12,bigst.sh
BigST/hpo/tfb-maelstrom_turbine_1_univariate/horizon_144/bigst.sh,BigST,hpo,tfb-maelstrom_turbine_1_univariate,horizon_144,bigst.sh
BigST/hpo/tfb-maelstrom_turbine_1_univariate/horizon_24/bigst.sh,BigST,hpo,tfb-maelstrom_turbine_1_univariate,horizon_24,bigst.sh
BigST/hpo/tfb-maelstrom_turbine_1_univariate/horizon_72/bigst.sh,BigST,hpo,tfb-maelstrom_turbine_1_univariate,horizon_72,bigst.sh
BigST/hpo/tfb-maelstrom_turbine_2_univariate/horizon_12/bigst.sh,BigST,hpo,tfb-maelstrom_turbine_2_univariate,horizon_12,bigst.sh
BigST/hpo/tfb-maelstrom_turbine_2_univariate/horizon_144/bigst.sh,BigST,hpo,tfb-maelstrom_turbine_2_univariate,horizon_144,bigst.sh
BigST/hpo/tfb-maelstrom_turbine_2_univariate/horizon_24/bigst.sh,BigST,hpo,tfb-maelstrom_turbine_2_univariate,horizon_24,bigst.sh
BigST/hpo/tfb-maelstrom_turbine_2_univariate/horizon_72/bigst.sh,BigST,hpo,tfb-maelstrom_turbine_2_univariate,horizon_72,bigst.sh
BigST/hpo/tfb-maelstrom_turbine_3_univariate/horizon_12/bigst.sh,BigST,hpo,tfb-maelstrom_turbine_3_univariate,horizon_12,bigst.sh
BigST/hpo/tfb-maelstrom_turbine_3_univariate/horizon_144/bigst.sh,BigST,hpo,tfb-maelstrom_turbine_3_univariate,horizon_144,bigst.sh
BigST/hpo/tfb-maelstrom_turbine_3_univariate/horizon_24/bigst.sh,BigST,hpo,tfb-maelstrom_turbine_3_univariate,horizon_24,bigst.sh
BigST/hpo/tfb-maelstrom_turbine_3_univariate/horizon_72/bigst.sh,BigST,hpo,tfb-maelstrom_turbine_3_univariate,horizon_72,bigst.sh
BigST/hpo/tfb-maelstrom_turbine_4_univariate/horizon_12/bigst.sh,BigST,hpo,tfb-maelstrom_turbine_4_univariate,horizon_12,bigst.sh
BigST/hpo/tfb-maelstrom_turbine_4_univariate/horizon_144/bigst.sh,BigST,hpo,tfb-maelstrom_turbine_4_univariate,horizon_144,bigst.sh
BigST/hpo/tfb-maelstrom_turbine_4_univariate/horizon_24/bigst.sh,BigST,hpo,tfb-maelstrom_turbine_4_univariate,horizon_24,bigst.sh
BigST/hpo/tfb-maelstrom_turbine_4_univariate/horizon_72/bigst.sh,BigST,hpo,tfb-maelstrom_turbine_4_univariate,horizon_72,bigst.sh
BigST/hpo/tfb-re_europe_wind_signal_COSMO_long_no_null__MT1V_reduced_38T_1V_power/horizon_12/bigst.sh,BigST,hpo,tfb-re_europe_wind_signal_COSMO_long_no_null__MT1V_reduced_38T_1V_power,horizon_12,bigst.sh
BigST/hpo/tfb-re_europe_wind_signal_COSMO_long_no_null__MT1V_reduced_38T_1V_power/horizon_144/bigst.sh,BigST,hpo,tfb-re_europe_wind_signal_COSMO_long_no_null__MT1V_reduced_38T_1V_power,horizon_144,bigst.sh
BigST/hpo/tfb-re_europe_wind_signal_COSMO_long_no_null__MT1V_reduced_38T_1V_power/horizon_24/bigst.sh,BigST,hpo,tfb-re_europe_wind_signal_COSMO_long_no_null__MT1V_reduced_38T_1V_power,horizon_24,bigst.sh
BigST/hpo/tfb-re_europe_wind_signal_COSMO_long_no_null__MT1V_reduced_38T_1V_power/horizon_72/bigst.sh,BigST,hpo,tfb-re_europe_wind_signal_COSMO_long_no_null__MT1V_reduced_38T_1V_power,horizon_72,bigst.sh
BigST/hpo/tfb-re_europe_wind_signal_ECMWF_long_no_null__MT1V_reduced_38T_1V_power/horizon_12/bigst.sh,BigST,hpo,tfb-re_europe_wind_signal_ECMWF_long_no_null__MT1V_reduced_38T_1V_power,horizon_12,bigst.sh
BigST/hpo/tfb-re_europe_wind_signal_ECMWF_long_no_null__MT1V_reduced_38T_1V_power/horizon_144/bigst.sh,BigST,hpo,tfb-re_europe_wind_signal_ECMWF_long_no_null__MT1V_reduced_38T_1V_power,horizon_144,bigst.sh
BigST/hpo/tfb-re_europe_wind_signal_ECMWF_long_no_null__MT1V_reduced_38T_1V_power/horizon_24/bigst.sh,BigST,hpo,tfb-re_europe_wind_signal_ECMWF_long_no_null__MT1V_reduced_38T_1V_power,horizon_24,bigst.sh
BigST/hpo/tfb-re_europe_wind_signal_ECMWF_long_no_null__MT1V_reduced_38T_1V_power/horizon_72/bigst.sh,BigST,hpo,tfb-re_europe_wind_signal_ECMWF_long_no_null__MT1V_reduced_38T_1V_power,horizon_72,bigst.sh
BigST/hpo/tfb-scada_fault_10min_cleaned_numeric_only/horizon_12/bigst.sh,BigST,hpo,tfb-scada_fault_10min_cleaned_numeric_only,horizon_12,bigst.sh
BigST/hpo/tfb-scada_fault_10min_cleaned_numeric_only/horizon_144/bigst.sh,BigST,hpo,tfb-scada_fault_10min_cleaned_numeric_only,horizon_144,bigst.sh
BigST/hpo/tfb-scada_fault_10min_cleaned_numeric_only/horizon_24/bigst.sh,BigST,hpo,tfb-scada_fault_10min_cleaned_numeric_only,horizon_24,bigst.sh
BigST/hpo/tfb-scada_fault_10min_cleaned_numeric_only/horizon_72/bigst.sh,BigST,hpo,tfb-scada_fault_10min_cleaned_numeric_only,horizon_72,bigst.sh
BigST/hpo/tfb-sdwpf_245days_v1_final_final_cleaned/horizon_12/bigst.sh,BigST,hpo,tfb-sdwpf_245days_v1_final_final_cleaned,horizon_12,bigst.sh
BigST/hpo/tfb-sdwpf_245days_v1_final_final_cleaned/horizon_144/bigst.sh,BigST,hpo,tfb-sdwpf_245days_v1_final_final_cleaned,horizon_144,bigst.sh
BigST/hpo/tfb-sdwpf_245days_v1_final_final_cleaned/horizon_24/bigst.sh,BigST,hpo,tfb-sdwpf_245days_v1_final_final_cleaned,horizon_24,bigst.sh
BigST/hpo/tfb-sdwpf_245days_v1_final_final_cleaned/horizon_72/bigst.sh,BigST,hpo,tfb-sdwpf_245days_v1_final_final_cleaned,horizon_72,bigst.sh
DLinear/hpo/tfb-Kelmarsh_filtered_wide__MTMV_reduced_3V_Power_(kW)/horizon_12/dlinear.sh,DLinear,hpo,tfb-Kelmarsh_filtered_wide__MTMV_reduced_3V_Power_(kW),horizon_12,dlinear.sh
DLinear/hpo/tfb-Kelmarsh_filtered_wide__MTMV_reduced_3V_Power_(kW)/horizon_144/dlinear.sh,DLinear,hpo,tfb-Kelmarsh_filtered_wide__MTMV_reduced_3V_Power_(kW),horizon_144,dlinear.sh
DLinear/hpo/tfb-Kelmarsh_filtered_wide__MTMV_reduced_3V_Power_(kW)/horizon_24/dlinear.sh,DLinear,hpo,tfb-Kelmarsh_filtered_wide__MTMV_reduced_3V_Power_(kW),horizon_24,dlinear.sh
DLinear/hpo/tfb-Kelmarsh_filtered_wide__MTMV_reduced_3V_Power_(kW)/horizon_72/dlinear.sh,DLinear,hpo,tfb-Kelmarsh_filtered_wide__MTMV_reduced_3V_Power_(kW),horizon_72,dlinear.sh
DLinear/hpo/tfb-Penmanshiel_filtered_wide__MTMV_reduced_3V_Power_(kW)__quality_trim_201607_201608_202009_202010/horizon_12/dlinear.sh,DLinear,hpo,tfb-Penmanshiel_filtered_wide__MTMV_reduced_3V_Power_(kW)__quality_trim_201607_201608_202009_202010,horizon_12,dlinear.sh
DLinear/hpo/tfb-Penmanshiel_filtered_wide__MTMV_reduced_3V_Power_(kW)__quality_trim_201607_201608_202009_202010/horizon_144/dlinear.sh,DLinear,hpo,tfb-Penmanshiel_filtered_wide__MTMV_reduced_3V_Power_(kW)__quality_trim_201607_201608_202009_202010,horizon_144,dlinear.sh
DLinear/hpo/tfb-Penmanshiel_filtered_wide__MTMV_reduced_3V_Power_(kW)__quality_trim_201607_201608_202009_202010/horizon_24/dlinear.sh,DLinear,hpo,tfb-Penmanshiel_filtered_wide__MTMV_reduced_3V_Power_(kW)__quality_trim_201607_201608_202009_202010,horizon_24,dlinear.sh
DLinear/hpo/tfb-Penmanshiel_filtered_wide__MTMV_reduced_3V_Power_(kW)__quality_trim_201607_201608_202009_202010/horizon_72/dlinear.sh,DLinear,hpo,tfb-Penmanshiel_filtered_wide__MTMV_reduced_3V_Power_(kW)__quality_trim_201607_201608_202009_202010,horizon_72,dlinear.sh
DLinear/hpo/tfb-UEBB_panel_wide_filled__MTMV_reduced_3V_active_power_total/horizon_12/dlinear.sh,DLinear,hpo,tfb-UEBB_panel_wide_filled__MTMV_reduced_3V_active_power_total,horizon_12,dlinear.sh
DLinear/hpo/tfb-UEBB_panel_wide_filled__MTMV_reduced_3V_active_power_total/horizon_144/dlinear.sh,DLinear,hpo,tfb-UEBB_panel_wide_filled__MTMV_reduced_3V_active_power_total,horizon_144,dlinear.sh
DLinear/hpo/tfb-UEBB_panel_wide_filled__MTMV_reduced_3V_active_power_total/horizon_24/dlinear.sh,DLinear,hpo,tfb-UEBB_panel_wide_filled__MTMV_reduced_3V_active_power_total,horizon_24,dlinear.sh
DLinear/hpo/tfb-UEBB_panel_wide_filled__MTMV_reduced_3V_active_power_total/horizon_72/dlinear.sh,DLinear,hpo,tfb-UEBB_panel_wide_filled__MTMV_reduced_3V_active_power_total,horizon_72,dlinear.sh
DLinear/hpo/tfb-UEPS_panel_wide_filled__MTMV_reduced_3V_active_power_total/horizon_12/dlinear.sh,DLinear,hpo,tfb-UEPS_panel_wide_filled__MTMV_reduced_3V_active_power_total,horizon_12,dlinear.sh
DLinear/hpo/tfb-UEPS_panel_wide_filled__MTMV_reduced_3V_active_power_total/horizon_144/dlinear.sh,DLinear,hpo,tfb-UEPS_panel_wide_filled__MTMV_reduced_3V_active_power_total,horizon_144,dlinear.sh
DLinear/hpo/tfb-UEPS_panel_wide_filled__MTMV_reduced_3V_active_power_total/horizon_24/dlinear.sh,DLinear,hpo,tfb-UEPS_panel_wide_filled__MTMV_reduced_3V_active_power_total,horizon_24,dlinear.sh
DLinear/hpo/tfb-UEPS_panel_wide_filled__MTMV_reduced_3V_active_power_total/horizon_72/dlinear.sh,DLinear,hpo,tfb-UEPS_panel_wide_filled__MTMV_reduced_3V_active_power_total,horizon_72,dlinear.sh
DLinear/hpo/tfb-Wind farm site 1 (Nominal capacity-99MW)_final/horizon_12/dlinear.sh,DLinear,hpo,tfb-Wind farm site 1 (Nominal capacity-99MW)_final,horizon_12,dlinear.sh
DLinear/hpo/tfb-Wind farm site 1 (Nominal capacity-99MW)_final/horizon_144/dlinear.sh,DLinear,hpo,tfb-Wind farm site 1 (Nominal capacity-99MW)_final,horizon_144,dlinear.sh
DLinear/hpo/tfb-Wind farm site 1 (Nominal capacity-99MW)_final/horizon_24/dlinear.sh,DLinear,hpo,tfb-Wind farm site 1 (Nominal capacity-99MW)_final,horizon_24,dlinear.sh
DLinear/hpo/tfb-Wind farm site 1 (Nominal capacity-99MW)_final/horizon_72/dlinear.sh,DLinear,hpo,tfb-Wind farm site 1 (Nominal capacity-99MW)_final,horizon_72,dlinear.sh
DLinear/hpo/tfb-Wind farm site 2 (Nominal capacity-200MW)_final/horizon_12/dlinear.sh,DLinear,hpo,tfb-Wind farm site 2 (Nominal capacity-200MW)_final,horizon_12,dlinear.sh
DLinear/hpo/tfb-Wind farm site 2 (Nominal capacity-200MW)_final/horizon_144/dlinear.sh,DLinear,hpo,tfb-Wind farm site 2 (Nominal capacity-200MW)_final,horizon_144,dlinear.sh
DLinear/hpo/tfb-Wind farm site 2 (Nominal capacity-200MW)_final/horizon_24/dlinear.sh,DLinear,hpo,tfb-Wind farm site 2 (Nominal capacity-200MW)_final,horizon_24,dlinear.sh
DLinear/hpo/tfb-Wind farm site 2 (Nominal capacity-200MW)_final/horizon_72/dlinear.sh,DLinear,hpo,tfb-Wind farm site 2 (Nominal capacity-200MW)_final,horizon_72,dlinear.sh
DLinear/hpo/tfb-Wind farm site 3 (Nominal capacity-99MW)_final/horizon_12/dlinear.sh,DLinear,hpo,tfb-Wind farm site 3 (Nominal capacity-99MW)_final,horizon_12,dlinear.sh
DLinear/hpo/tfb-Wind farm site 3 (Nominal capacity-99MW)_final/horizon_144/dlinear.sh,DLinear,hpo,tfb-Wind farm site 3 (Nominal capacity-99MW)_final,horizon_144,dlinear.sh
DLinear/hpo/tfb-Wind farm site 3 (Nominal capacity-99MW)_final/horizon_24/dlinear.sh,DLinear,hpo,tfb-Wind farm site 3 (Nominal capacity-99MW)_final,horizon_24,dlinear.sh
DLinear/hpo/tfb-Wind farm site 3 (Nominal capacity-99MW)_final/horizon_72/dlinear.sh,DLinear,hpo,tfb-Wind farm site 3 (Nominal capacity-99MW)_final,horizon_72,dlinear.sh
DLinear/hpo/tfb-Wind farm site 4 (Nominal capacity-66MW)_final/horizon_12/dlinear.sh,DLinear,hpo,tfb-Wind farm site 4 (Nominal capacity-66MW)_final,horizon_12,dlinear.sh
DLinear/hpo/tfb-Wind farm site 4 (Nominal capacity-66MW)_final/horizon_144/dlinear.sh,DLinear,hpo,tfb-Wind farm site 4 (Nominal capacity-66MW)_final,horizon_144,dlinear.sh
DLinear/hpo/tfb-Wind farm site 4 (Nominal capacity-66MW)_final/horizon_24/dlinear.sh,DLinear,hpo,tfb-Wind farm site 4 (Nominal capacity-66MW)_final,horizon_24,dlinear.sh
DLinear/hpo/tfb-Wind farm site 4 (Nominal capacity-66MW)_final/horizon_72/dlinear.sh,DLinear,hpo,tfb-Wind farm site 4 (Nominal capacity-66MW)_final,horizon_72,dlinear.sh
DLinear/hpo/tfb-Wind farm site 6 (Nominal capacity-96MW)_final/horizon_12/dlinear.sh,DLinear,hpo,tfb-Wind farm site 6 (Nominal capacity-96MW)_final,horizon_12,dlinear.sh
DLinear/hpo/tfb-Wind farm site 6 (Nominal capacity-96MW)_final/horizon_144/dlinear.sh,DLinear,hpo,tfb-Wind farm site 6 (Nominal capacity-96MW)_final,horizon_144,dlinear.sh
DLinear/hpo/tfb-Wind farm site 6 (Nominal capacity-96MW)_final/horizon_24/dlinear.sh,DLinear,hpo,tfb-Wind farm site 6 (Nominal capacity-96MW)_final,horizon_24,dlinear.sh
DLinear/hpo/tfb-Wind farm site 6 (Nominal capacity-96MW)_final/horizon_72/dlinear.sh,DLinear,hpo,tfb-Wind farm site 6 (Nominal capacity-96MW)_final,horizon_72,dlinear.sh
DLinear/hpo/tfb-Wind_Farm_A_filtered_wide_long_fixed__1T1V_reduced_1T_1V_windpower/horizon_12/dlinear.sh,DLinear,hpo,tfb-Wind_Farm_A_filtered_wide_long_fixed__1T1V_reduced_1T_1V_windpower,horizon_12,dlinear.sh
DLinear/hpo/tfb-Wind_Farm_A_filtered_wide_long_fixed__1T1V_reduced_1T_1V_windpower/horizon_144/dlinear.sh,DLinear,hpo,tfb-Wind_Farm_A_filtered_wide_long_fixed__1T1V_reduced_1T_1V_windpower,horizon_144,dlinear.sh
DLinear/hpo/tfb-Wind_Farm_A_filtered_wide_long_fixed__1T1V_reduced_1T_1V_windpower/horizon_24/dlinear.sh,DLinear,hpo,tfb-Wind_Farm_A_filtered_wide_long_fixed__1T1V_reduced_1T_1V_windpower,horizon_24,dlinear.sh
DLinear/hpo/tfb-Wind_Farm_A_filtered_wide_long_fixed__1T1V_reduced_1T_1V_windpower/horizon_72/dlinear.sh,DLinear,hpo,tfb-Wind_Farm_A_filtered_wide_long_fixed__1T1V_reduced_1T_1V_windpower,horizon_72,dlinear.sh
DLinear/hpo/tfb-Wind_Farm_B_filtered_wide_long_fixed__1T1V_reduced_1T_1V_windpower/horizon_12/dlinear.sh,DLinear,hpo,tfb-Wind_Farm_B_filtered_wide_long_fixed__1T1V_reduced_1T_1V_windpower,horizon_12,dlinear.sh
DLinear/hpo/tfb-Wind_Farm_B_filtered_wide_long_fixed__1T1V_reduced_1T_1V_windpower/horizon_144/dlinear.sh,DLinear,hpo,tfb-Wind_Farm_B_filtered_wide_long_fixed__1T1V_reduced_1T_1V_windpower,horizon_144,dlinear.sh
DLinear/hpo/tfb-Wind_Farm_B_filtered_wide_long_fixed__1T1V_reduced_1T_1V_windpower/horizon_24/dlinear.sh,DLinear,hpo,tfb-Wind_Farm_B_filtered_wide_long_fixed__1T1V_reduced_1T_1V_windpower,horizon_24,dlinear.sh
DLinear/hpo/tfb-Wind_Farm_B_filtered_wide_long_fixed__1T1V_reduced_1T_1V_windpower/horizon_72/dlinear.sh,DLinear,hpo,tfb-Wind_Farm_B_filtered_wide_long_fixed__1T1V_reduced_1T_1V_windpower,horizon_72,dlinear.sh
DLinear/hpo/tfb-Wind_Farm_C_filtered_wide_long_fixed__MT1V_reduced_1V_windpower/horizon_12/dlinear.sh,DLinear,hpo,tfb-Wind_Farm_C_filtered_wide_long_fixed__MT1V_reduced_1V_windpower,horizon_12,dlinear.sh
DLinear/hpo/tfb-Wind_Farm_C_filtered_wide_long_fixed__MT1V_reduced_1V_windpower/horizon_144/dlinear.sh,DLinear,hpo,tfb-Wind_Farm_C_filtered_wide_long_fixed__MT1V_reduced_1V_windpower,horizon_144,dlinear.sh
DLinear/hpo/tfb-Wind_Farm_C_filtered_wide_long_fixed__MT1V_reduced_1V_windpower/horizon_24/dlinear.sh,DLinear,hpo,tfb-Wind_Farm_C_filtered_wide_long_fixed__MT1V_reduced_1V_windpower,horizon_24,dlinear.sh
DLinear/hpo/tfb-Wind_Farm_C_filtered_wide_long_fixed__MT1V_reduced_1V_windpower/horizon_72/dlinear.sh,DLinear,hpo,tfb-Wind_Farm_C_filtered_wide_long_fixed__MT1V_reduced_1V_windpower,horizon_72,dlinear.sh
DLinear/hpo/tfb-Yalova_final_ready/horizon_12/dlinear.sh,DLinear,hpo,tfb-Yalova_final_ready,horizon_12,dlinear.sh
DLinear/hpo/tfb-Yalova_final_ready/horizon_144/dlinear.sh,DLinear,hpo,tfb-Yalova_final_ready,horizon_144,dlinear.sh
DLinear/hpo/tfb-Yalova_final_ready/horizon_24/dlinear.sh,DLinear,hpo,tfb-Yalova_final_ready,horizon_24,dlinear.sh
DLinear/hpo/tfb-Yalova_final_ready/horizon_72/dlinear.sh,DLinear,hpo,tfb-Yalova_final_ready,horizon_72,dlinear.sh
DLinear/hpo/tfb-aemo/horizon_12/dlinear.sh,DLinear,hpo,tfb-aemo,horizon_12,dlinear.sh
DLinear/hpo/tfb-aemo/horizon_144/dlinear.sh,DLinear,hpo,tfb-aemo,horizon_144,dlinear.sh
DLinear/hpo/tfb-aemo/horizon_24/dlinear.sh,DLinear,hpo,tfb-aemo,horizon_24,dlinear.sh
DLinear/hpo/tfb-aemo/horizon_72/dlinear.sh,DLinear,hpo,tfb-aemo,horizon_72,dlinear.sh
DLinear/hpo/tfb-chalmers_merged_processed_data_fixed_combined__1T1V_reduced_1min_1T_1V_power/horizon_12/dlinear.sh,DLinear,hpo,tfb-chalmers_merged_processed_data_fixed_combined__1T1V_reduced_1min_1T_1V_power,horizon_12,dlinear.sh
DLinear/hpo/tfb-chalmers_merged_processed_data_fixed_combined__1T1V_reduced_1min_1T_1V_power/horizon_144/dlinear.sh,DLinear,hpo,tfb-chalmers_merged_processed_data_fixed_combined__1T1V_reduced_1min_1T_1V_power,horizon_144,dlinear.sh
DLinear/hpo/tfb-chalmers_merged_processed_data_fixed_combined__1T1V_reduced_1min_1T_1V_power/horizon_24/dlinear.sh,DLinear,hpo,tfb-chalmers_merged_processed_data_fixed_combined__1T1V_reduced_1min_1T_1V_power,horizon_24,dlinear.sh
DLinear/hpo/tfb-chalmers_merged_processed_data_fixed_combined__1T1V_reduced_1min_1T_1V_power/horizon_72/dlinear.sh,DLinear,hpo,tfb-chalmers_merged_processed_data_fixed_combined__1T1V_reduced_1min_1T_1V_power,horizon_72,dlinear.sh
DLinear/hpo/tfb-gefcom2012/horizon_12/dlinear.sh,DLinear,hpo,tfb-gefcom2012,horizon_12,dlinear.sh
DLinear/hpo/tfb-gefcom2012/horizon_144/dlinear.sh,DLinear,hpo,tfb-gefcom2012,horizon_144,dlinear.sh
DLinear/hpo/tfb-gefcom2012/horizon_24/dlinear.sh,DLinear,hpo,tfb-gefcom2012,horizon_24,dlinear.sh
DLinear/hpo/tfb-gefcom2012/horizon_72/dlinear.sh,DLinear,hpo,tfb-gefcom2012,horizon_72,dlinear.sh
DLinear/hpo/tfb-gefcom2014/horizon_12/dlinear.sh,DLinear,hpo,tfb-gefcom2014,horizon_12,dlinear.sh
DLinear/hpo/tfb-gefcom2014/horizon_144/dlinear.sh,DLinear,hpo,tfb-gefcom2014,horizon_144,dlinear.sh
DLinear/hpo/tfb-gefcom2014/horizon_24/dlinear.sh,DLinear,hpo,tfb-gefcom2014,horizon_24,dlinear.sh
DLinear/hpo/tfb-gefcom2014/horizon_72/dlinear.sh,DLinear,hpo,tfb-gefcom2014,horizon_72,dlinear.sh
DLinear/hpo/tfb-kaggle1_final_benchmark_v3_ready_no_turbinestatus/horizon_12/dlinear.sh,DLinear,hpo,tfb-kaggle1_final_benchmark_v3_ready_no_turbinestatus,horizon_12,dlinear.sh
DLinear/hpo/tfb-kaggle1_final_benchmark_v3_ready_no_turbinestatus/horizon_144/dlinear.sh,DLinear,hpo,tfb-kaggle1_final_benchmark_v3_ready_no_turbinestatus,horizon_144,dlinear.sh
DLinear/hpo/tfb-kaggle1_final_benchmark_v3_ready_no_turbinestatus/horizon_24/dlinear.sh,DLinear,hpo,tfb-kaggle1_final_benchmark_v3_ready_no_turbinestatus,horizon_24,dlinear.sh
DLinear/hpo/tfb-kaggle1_final_benchmark_v3_ready_no_turbinestatus/horizon_72/dlinear.sh,DLinear,hpo,tfb-kaggle1_final_benchmark_v3_ready_no_turbinestatus,horizon_72,dlinear.sh
DLinear/hpo/tfb-maelstrom_turbine_1_univariate/horizon_12/dlinear.sh,DLinear,hpo,tfb-maelstrom_turbine_1_univariate,horizon_12,dlinear.sh
DLinear/hpo/tfb-maelstrom_turbine_1_univariate/horizon_144/dlinear.sh,DLinear,hpo,tfb-maelstrom_turbine_1_univariate,horizon_144,dlinear.sh
DLinear/hpo/tfb-maelstrom_turbine_1_univariate/horizon_24/dlinear.sh,DLinear,hpo,tfb-maelstrom_turbine_1_univariate,horizon_24,dlinear.sh
DLinear/hpo/tfb-maelstrom_turbine_1_univariate/horizon_72/dlinear.sh,DLinear,hpo,tfb-maelstrom_turbine_1_univariate,horizon_72,dlinear.sh
DLinear/hpo/tfb-maelstrom_turbine_2_univariate/horizon_12/dlinear.sh,DLinear,hpo,tfb-maelstrom_turbine_2_univariate,horizon_12,dlinear.sh
DLinear/hpo/tfb-maelstrom_turbine_2_univariate/horizon_144/dlinear.sh,DLinear,hpo,tfb-maelstrom_turbine_2_univariate,horizon_144,dlinear.sh
DLinear/hpo/tfb-maelstrom_turbine_2_univariate/horizon_24/dlinear.sh,DLinear,hpo,tfb-maelstrom_turbine_2_univariate,horizon_24,dlinear.sh
DLinear/hpo/tfb-maelstrom_turbine_2_univariate/horizon_72/dlinear.sh,DLinear,hpo,tfb-maelstrom_turbine_2_univariate,horizon_72,dlinear.sh
DLinear/hpo/tfb-maelstrom_turbine_3_univariate/horizon_12/dlinear.sh,DLinear,hpo,tfb-maelstrom_turbine_3_univariate,horizon_12,dlinear.sh
DLinear/hpo/tfb-maelstrom_turbine_3_univariate/horizon_144/dlinear.sh,DLinear,hpo,tfb-maelstrom_turbine_3_univariate,horizon_144,dlinear.sh
DLinear/hpo/tfb-maelstrom_turbine_3_univariate/horizon_24/dlinear.sh,DLinear,hpo,tfb-maelstrom_turbine_3_univariate,horizon_24,dlinear.sh
DLinear/hpo/tfb-maelstrom_turbine_3_univariate/horizon_72/dlinear.sh,DLinear,hpo,tfb-maelstrom_turbine_3_univariate,horizon_72,dlinear.sh
DLinear/hpo/tfb-maelstrom_turbine_4_univariate/horizon_12/dlinear.sh,DLinear,hpo,tfb-maelstrom_turbine_4_univariate,horizon_12,dlinear.sh
DLinear/hpo/tfb-maelstrom_turbine_4_univariate/horizon_144/dlinear.sh,DLinear,hpo,tfb-maelstrom_turbine_4_univariate,horizon_144,dlinear.sh
DLinear/hpo/tfb-maelstrom_turbine_4_univariate/horizon_24/dlinear.sh,DLinear,hpo,tfb-maelstrom_turbine_4_univariate,horizon_24,dlinear.sh
DLinear/hpo/tfb-maelstrom_turbine_4_univariate/horizon_72/dlinear.sh,DLinear,hpo,tfb-maelstrom_turbine_4_univariate,horizon_72,dlinear.sh
DLinear/hpo/tfb-re_europe_wind_signal_COSMO_long_no_null__MT1V_reduced_38T_1V_power/horizon_12/dlinear__server_a_day00_20260519_122429.sh,DLinear,hpo,tfb-re_europe_wind_signal_COSMO_long_no_null__MT1V_reduced_38T_1V_power,horizon_12,dlinear__server_a_day00_20260519_122429.sh
DLinear/hpo/tfb-re_europe_wind_signal_COSMO_long_no_null__MT1V_reduced_38T_1V_power/horizon_12/dlinear__server_a_day00_20260519_170534.sh,DLinear,hpo,tfb-re_europe_wind_signal_COSMO_long_no_null__MT1V_reduced_38T_1V_power,horizon_12,dlinear__server_a_day00_20260519_170534.sh
DLinear/hpo/tfb-re_europe_wind_signal_COSMO_long_no_null__MT1V_reduced_38T_1V_power/horizon_12/hpo_all_horizons.sh,DLinear,hpo,tfb-re_europe_wind_signal_COSMO_long_no_null__MT1V_reduced_38T_1V_power,horizon_12,hpo_all_horizons.sh
DLinear/hpo/tfb-re_europe_wind_signal_COSMO_long_no_null__MT1V_reduced_38T_1V_power/horizon_144/dlinear__server_a_day00_20260519_122429.sh,DLinear,hpo,tfb-re_europe_wind_signal_COSMO_long_no_null__MT1V_reduced_38T_1V_power,horizon_144,dlinear__server_a_day00_20260519_122429.sh
DLinear/hpo/tfb-re_europe_wind_signal_COSMO_long_no_null__MT1V_reduced_38T_1V_power/horizon_144/dlinear__server_a_day00_20260519_170534.sh,DLinear,hpo,tfb-re_europe_wind_signal_COSMO_long_no_null__MT1V_reduced_38T_1V_power,horizon_144,dlinear__server_a_day00_20260519_170534.sh
DLinear/hpo/tfb-re_europe_wind_signal_COSMO_long_no_null__MT1V_reduced_38T_1V_power/horizon_144/hpo_all_horizons.sh,DLinear,hpo,tfb-re_europe_wind_signal_COSMO_long_no_null__MT1V_reduced_38T_1V_power,horizon_144,hpo_all_horizons.sh
DLinear/hpo/tfb-re_europe_wind_signal_COSMO_long_no_null__MT1V_reduced_38T_1V_power/horizon_24/dlinear__server_a_day00_20260519_122429.sh,DLinear,hpo,tfb-re_europe_wind_signal_COSMO_long_no_null__MT1V_reduced_38T_1V_power,horizon_24,dlinear__server_a_day00_20260519_122429.sh
DLinear/hpo/tfb-re_europe_wind_signal_COSMO_long_no_null__MT1V_reduced_38T_1V_power/horizon_24/dlinear__server_a_day00_20260519_170534.sh,DLinear,hpo,tfb-re_europe_wind_signal_COSMO_long_no_null__MT1V_reduced_38T_1V_power,horizon_24,dlinear__server_a_day00_20260519_170534.sh
DLinear/hpo/tfb-re_europe_wind_signal_COSMO_long_no_null__MT1V_reduced_38T_1V_power/horizon_24/hpo_all_horizons.sh,DLinear,hpo,tfb-re_europe_wind_signal_COSMO_long_no_null__MT1V_reduced_38T_1V_power,horizon_24,hpo_all_horizons.sh
DLinear/hpo/tfb-re_europe_wind_signal_COSMO_long_no_null__MT1V_reduced_38T_1V_power/horizon_72/dlinear__server_a_day00_20260519_122429.sh,DLinear,hpo,tfb-re_europe_wind_signal_COSMO_long_no_null__MT1V_reduced_38T_1V_power,horizon_72,dlinear__server_a_day00_20260519_122429.sh
DLinear/hpo/tfb-re_europe_wind_signal_COSMO_long_no_null__MT1V_reduced_38T_1V_power/horizon_72/dlinear__server_a_day00_20260519_170534.sh,DLinear,hpo,tfb-re_europe_wind_signal_COSMO_long_no_null__MT1V_reduced_38T_1V_power,horizon_72,dlinear__server_a_day00_20260519_170534.sh
DLinear/hpo/tfb-re_europe_wind_signal_COSMO_long_no_null__MT1V_reduced_38T_1V_power/horizon_72/hpo_all_horizons.sh,DLinear,hpo,tfb-re_europe_wind_signal_COSMO_long_no_null__MT1V_reduced_38T_1V_power,horizon_72,hpo_all_horizons.sh
DLinear/hpo/tfb-re_europe_wind_signal_ECMWF_long_no_null__MT1V_reduced_38T_1V_power/horizon_12/dlinear__server_a_day00_20260519_122429.sh,DLinear,hpo,tfb-re_europe_wind_signal_ECMWF_long_no_null__MT1V_reduced_38T_1V_power,horizon_12,dlinear__server_a_day00_20260519_122429.sh
DLinear/hpo/tfb-re_europe_wind_signal_ECMWF_long_no_null__MT1V_reduced_38T_1V_power/horizon_12/dlinear__server_a_day00_20260519_170534.sh,DLinear,hpo,tfb-re_europe_wind_signal_ECMWF_long_no_null__MT1V_reduced_38T_1V_power,horizon_12,dlinear__server_a_day00_20260519_170534.sh
DLinear/hpo/tfb-re_europe_wind_signal_ECMWF_long_no_null__MT1V_reduced_38T_1V_power/horizon_12/hpo_all_horizons.sh,DLinear,hpo,tfb-re_europe_wind_signal_ECMWF_long_no_null__MT1V_reduced_38T_1V_power,horizon_12,hpo_all_horizons.sh
DLinear/hpo/tfb-re_europe_wind_signal_ECMWF_long_no_null__MT1V_reduced_38T_1V_power/horizon_144/dlinear__server_a_day00_20260519_122429.sh,DLinear,hpo,tfb-re_europe_wind_signal_ECMWF_long_no_null__MT1V_reduced_38T_1V_power,horizon_144,dlinear__server_a_day00_20260519_122429.sh
DLinear/hpo/tfb-re_europe_wind_signal_ECMWF_long_no_null__MT1V_reduced_38T_1V_power/horizon_144/dlinear__server_a_day00_20260519_170534.sh,DLinear,hpo,tfb-re_europe_wind_signal_ECMWF_long_no_null__MT1V_reduced_38T_1V_power,horizon_144,dlinear__server_a_day00_20260519_170534.sh
DLinear/hpo/tfb-re_europe_wind_signal_ECMWF_long_no_null__MT1V_reduced_38T_1V_power/horizon_144/hpo_all_horizons.sh,DLinear,hpo,tfb-re_europe_wind_signal_ECMWF_long_no_null__MT1V_reduced_38T_1V_power,horizon_144,hpo_all_horizons.sh
DLinear/hpo/tfb-re_europe_wind_signal_ECMWF_long_no_null__MT1V_reduced_38T_1V_power/horizon_24/dlinear__server_a_day00_20260519_122429.sh,DLinear,hpo,tfb-re_europe_wind_signal_ECMWF_long_no_null__MT1V_reduced_38T_1V_power,horizon_24,dlinear__server_a_day00_20260519_122429.sh
DLinear/hpo/tfb-re_europe_wind_signal_ECMWF_long_no_null__MT1V_reduced_38T_1V_power/horizon_24/dlinear__server_a_day00_20260519_170534.sh,DLinear,hpo,tfb-re_europe_wind_signal_ECMWF_long_no_null__MT1V_reduced_38T_1V_power,horizon_24,dlinear__server_a_day00_20260519_170534.sh
DLinear/hpo/tfb-re_europe_wind_signal_ECMWF_long_no_null__MT1V_reduced_38T_1V_power/horizon_24/hpo_all_horizons.sh,DLinear,hpo,tfb-re_europe_wind_signal_ECMWF_long_no_null__MT1V_reduced_38T_1V_power,horizon_24,hpo_all_horizons.sh
DLinear/hpo/tfb-re_europe_wind_signal_ECMWF_long_no_null__MT1V_reduced_38T_1V_power/horizon_72/dlinear__server_a_day00_20260519_122429.sh,DLinear,hpo,tfb-re_europe_wind_signal_ECMWF_long_no_null__MT1V_reduced_38T_1V_power,horizon_72,dlinear__server_a_day00_20260519_122429.sh
DLinear/hpo/tfb-re_europe_wind_signal_ECMWF_long_no_null__MT1V_reduced_38T_1V_power/horizon_72/dlinear__server_a_day00_20260519_170534.sh,DLinear,hpo,tfb-re_europe_wind_signal_ECMWF_long_no_null__MT1V_reduced_38T_1V_power,horizon_72,dlinear__server_a_day00_20260519_170534.sh
DLinear/hpo/tfb-re_europe_wind_signal_ECMWF_long_no_null__MT1V_reduced_38T_1V_power/horizon_72/hpo_all_horizons.sh,DLinear,hpo,tfb-re_europe_wind_signal_ECMWF_long_no_null__MT1V_reduced_38T_1V_power,horizon_72,hpo_all_horizons.sh
DLinear/hpo/tfb-scada_fault_10min_cleaned_numeric_only/horizon_12/dlinear.sh,DLinear,hpo,tfb-scada_fault_10min_cleaned_numeric_only,horizon_12,dlinear.sh
DLinear/hpo/tfb-scada_fault_10min_cleaned_numeric_only/horizon_144/dlinear.sh,DLinear,hpo,tfb-scada_fault_10min_cleaned_numeric_only,horizon_144,dlinear.sh
DLinear/hpo/tfb-scada_fault_10min_cleaned_numeric_only/horizon_24/dlinear.sh,DLinear,hpo,tfb-scada_fault_10min_cleaned_numeric_only,horizon_24,dlinear.sh
DLinear/hpo/tfb-scada_fault_10min_cleaned_numeric_only/horizon_72/dlinear.sh,DLinear,hpo,tfb-scada_fault_10min_cleaned_numeric_only,horizon_72,dlinear.sh
DLinear/hpo/tfb-sdwpf_245days_v1_final_final_cleaned/horizon_12/dlinear.sh,DLinear,hpo,tfb-sdwpf_245days_v1_final_final_cleaned,horizon_12,dlinear.sh
DLinear/hpo/tfb-sdwpf_245days_v1_final_final_cleaned/horizon_144/dlinear.sh,DLinear,hpo,tfb-sdwpf_245days_v1_final_final_cleaned,horizon_144,dlinear.sh
DLinear/hpo/tfb-sdwpf_245days_v1_final_final_cleaned/horizon_24/dlinear.sh,DLinear,hpo,tfb-sdwpf_245days_v1_final_final_cleaned,horizon_24,dlinear.sh
DLinear/hpo/tfb-sdwpf_245days_v1_final_final_cleaned/horizon_72/dlinear.sh,DLinear,hpo,tfb-sdwpf_245days_v1_final_final_cleaned,horizon_72,dlinear.sh
DUET/hpo/tfb-Kelmarsh_filtered_wide__MTMV_reduced_3V_Power_(kW)/horizon_12/duet.sh,DUET,hpo,tfb-Kelmarsh_filtered_wide__MTMV_reduced_3V_Power_(kW),horizon_12,duet.sh
DUET/hpo/tfb-Kelmarsh_filtered_wide__MTMV_reduced_3V_Power_(kW)/horizon_144/duet.sh,DUET,hpo,tfb-Kelmarsh_filtered_wide__MTMV_reduced_3V_Power_(kW),horizon_144,duet.sh
DUET/hpo/tfb-Kelmarsh_filtered_wide__MTMV_reduced_3V_Power_(kW)/horizon_24/duet.sh,DUET,hpo,tfb-Kelmarsh_filtered_wide__MTMV_reduced_3V_Power_(kW),horizon_24,duet.sh
DUET/hpo/tfb-Kelmarsh_filtered_wide__MTMV_reduced_3V_Power_(kW)/horizon_72/duet.sh,DUET,hpo,tfb-Kelmarsh_filtered_wide__MTMV_reduced_3V_Power_(kW),horizon_72,duet.sh
DUET/hpo/tfb-Penmanshiel_filtered_wide__MTMV_reduced_3V_Power_(kW)__quality_trim_201607_201608_202009_202010/horizon_12/duet.sh,DUET,hpo,tfb-Penmanshiel_filtered_wide__MTMV_reduced_3V_Power_(kW)__quality_trim_201607_201608_202009_202010,horizon_12,duet.sh
DUET/hpo/tfb-Penmanshiel_filtered_wide__MTMV_reduced_3V_Power_(kW)__quality_trim_201607_201608_202009_202010/horizon_144/duet.sh,DUET,hpo,tfb-Penmanshiel_filtered_wide__MTMV_reduced_3V_Power_(kW)__quality_trim_201607_201608_202009_202010,horizon_144,duet.sh
DUET/hpo/tfb-Penmanshiel_filtered_wide__MTMV_reduced_3V_Power_(kW)__quality_trim_201607_201608_202009_202010/horizon_144/hpo_all_horizons.sh,DUET,hpo,tfb-Penmanshiel_filtered_wide__MTMV_reduced_3V_Power_(kW)__quality_trim_201607_201608_202009_202010,horizon_144,hpo_all_horizons.sh
DUET/hpo/tfb-Penmanshiel_filtered_wide__MTMV_reduced_3V_Power_(kW)__quality_trim_201607_201608_202009_202010/horizon_24/duet.sh,DUET,hpo,tfb-Penmanshiel_filtered_wide__MTMV_reduced_3V_Power_(kW)__quality_trim_201607_201608_202009_202010,horizon_24,duet.sh
DUET/hpo/tfb-Penmanshiel_filtered_wide__MTMV_reduced_3V_Power_(kW)__quality_trim_201607_201608_202009_202010/horizon_72/duet.sh,DUET,hpo,tfb-Penmanshiel_filtered_wide__MTMV_reduced_3V_Power_(kW)__quality_trim_201607_201608_202009_202010,horizon_72,duet.sh
DUET/hpo/tfb-Penmanshiel_filtered_wide__MTMV_reduced_3V_Power_(kW)__quality_trim_201607_201608_202009_202010/horizon_72/hpo_all_horizons.sh,DUET,hpo,tfb-Penmanshiel_filtered_wide__MTMV_reduced_3V_Power_(kW)__quality_trim_201607_201608_202009_202010,horizon_72,hpo_all_horizons.sh
DUET/hpo/tfb-UEBB_panel_wide_filled__MTMV_reduced_3V_active_power_total/horizon_12/duet.sh,DUET,hpo,tfb-UEBB_panel_wide_filled__MTMV_reduced_3V_active_power_total,horizon_12,duet.sh
DUET/hpo/tfb-UEBB_panel_wide_filled__MTMV_reduced_3V_active_power_total/horizon_144/duet.sh,DUET,hpo,tfb-UEBB_panel_wide_filled__MTMV_reduced_3V_active_power_total,horizon_144,duet.sh
DUET/hpo/tfb-UEBB_panel_wide_filled__MTMV_reduced_3V_active_power_total/horizon_24/duet.sh,DUET,hpo,tfb-UEBB_panel_wide_filled__MTMV_reduced_3V_active_power_total,horizon_24,duet.sh
DUET/hpo/tfb-UEBB_panel_wide_filled__MTMV_reduced_3V_active_power_total/horizon_72/duet.sh,DUET,hpo,tfb-UEBB_panel_wide_filled__MTMV_reduced_3V_active_power_total,horizon_72,duet.sh
DUET/hpo/tfb-UEPS_panel_wide_filled__MTMV_reduced_3V_active_power_total/horizon_12/duet.sh,DUET,hpo,tfb-UEPS_panel_wide_filled__MTMV_reduced_3V_active_power_total,horizon_12,duet.sh
DUET/hpo/tfb-UEPS_panel_wide_filled__MTMV_reduced_3V_active_power_total/horizon_144/duet.sh,DUET,hpo,tfb-UEPS_panel_wide_filled__MTMV_reduced_3V_active_power_total,horizon_144,duet.sh
DUET/hpo/tfb-UEPS_panel_wide_filled__MTMV_reduced_3V_active_power_total/horizon_24/duet.sh,DUET,hpo,tfb-UEPS_panel_wide_filled__MTMV_reduced_3V_active_power_total,horizon_24,duet.sh
DUET/hpo/tfb-UEPS_panel_wide_filled__MTMV_reduced_3V_active_power_total/horizon_72/duet.sh,DUET,hpo,tfb-UEPS_panel_wide_filled__MTMV_reduced_3V_active_power_total,horizon_72,duet.sh
DUET/hpo/tfb-Wind farm site 1 (Nominal capacity-99MW)_final/horizon_12/duet.sh,DUET,hpo,tfb-Wind farm site 1 (Nominal capacity-99MW)_final,horizon_12,duet.sh
DUET/hpo/tfb-Wind farm site 1 (Nominal capacity-99MW)_final/horizon_144/duet.sh,DUET,hpo,tfb-Wind farm site 1 (Nominal capacity-99MW)_final,horizon_144,duet.sh
DUET/hpo/tfb-Wind farm site 1 (Nominal capacity-99MW)_final/horizon_24/duet.sh,DUET,hpo,tfb-Wind farm site 1 (Nominal capacity-99MW)_final,horizon_24,duet.sh
DUET/hpo/tfb-Wind farm site 1 (Nominal capacity-99MW)_final/horizon_72/duet.sh,DUET,hpo,tfb-Wind farm site 1 (Nominal capacity-99MW)_final,horizon_72,duet.sh
DUET/hpo/tfb-Wind farm site 2 (Nominal capacity-200MW)_final/horizon_12/duet.sh,DUET,hpo,tfb-Wind farm site 2 (Nominal capacity-200MW)_final,horizon_12,duet.sh
DUET/hpo/tfb-Wind farm site 2 (Nominal capacity-200MW)_final/horizon_144/duet.sh,DUET,hpo,tfb-Wind farm site 2 (Nominal capacity-200MW)_final,horizon_144,duet.sh
DUET/hpo/tfb-Wind farm site 2 (Nominal capacity-200MW)_final/horizon_24/duet.sh,DUET,hpo,tfb-Wind farm site 2 (Nominal capacity-200MW)_final,horizon_24,duet.sh
DUET/hpo/tfb-Wind farm site 2 (Nominal capacity-200MW)_final/horizon_72/duet.sh,DUET,hpo,tfb-Wind farm site 2 (Nominal capacity-200MW)_final,horizon_72,duet.sh
DUET/hpo/tfb-Wind farm site 3 (Nominal capacity-99MW)_final/horizon_12/duet.sh,DUET,hpo,tfb-Wind farm site 3 (Nominal capacity-99MW)_final,horizon_12,duet.sh
DUET/hpo/tfb-Wind farm site 3 (Nominal capacity-99MW)_final/horizon_144/duet.sh,DUET,hpo,tfb-Wind farm site 3 (Nominal capacity-99MW)_final,horizon_144,duet.sh
DUET/hpo/tfb-Wind farm site 3 (Nominal capacity-99MW)_final/horizon_24/duet.sh,DUET,hpo,tfb-Wind farm site 3 (Nominal capacity-99MW)_final,horizon_24,duet.sh
DUET/hpo/tfb-Wind farm site 3 (Nominal capacity-99MW)_final/horizon_72/duet.sh,DUET,hpo,tfb-Wind farm site 3 (Nominal capacity-99MW)_final,horizon_72,duet.sh
DUET/hpo/tfb-Wind farm site 4 (Nominal capacity-66MW)_final/horizon_12/duet.sh,DUET,hpo,tfb-Wind farm site 4 (Nominal capacity-66MW)_final,horizon_12,duet.sh
DUET/hpo/tfb-Wind farm site 4 (Nominal capacity-66MW)_final/horizon_144/duet.sh,DUET,hpo,tfb-Wind farm site 4 (Nominal capacity-66MW)_final,horizon_144,duet.sh
DUET/hpo/tfb-Wind farm site 4 (Nominal capacity-66MW)_final/horizon_24/duet.sh,DUET,hpo,tfb-Wind farm site 4 (Nominal capacity-66MW)_final,horizon_24,duet.sh
DUET/hpo/tfb-Wind farm site 4 (Nominal capacity-66MW)_final/horizon_72/duet.sh,DUET,hpo,tfb-Wind farm site 4 (Nominal capacity-66MW)_final,horizon_72,duet.sh
DUET/hpo/tfb-Wind farm site 6 (Nominal capacity-96MW)_final/horizon_12/duet.sh,DUET,hpo,tfb-Wind farm site 6 (Nominal capacity-96MW)_final,horizon_12,duet.sh
DUET/hpo/tfb-Wind farm site 6 (Nominal capacity-96MW)_final/horizon_144/duet.sh,DUET,hpo,tfb-Wind farm site 6 (Nominal capacity-96MW)_final,horizon_144,duet.sh
DUET/hpo/tfb-Wind farm site 6 (Nominal capacity-96MW)_final/horizon_24/duet.sh,DUET,hpo,tfb-Wind farm site 6 (Nominal capacity-96MW)_final,horizon_24,duet.sh
DUET/hpo/tfb-Wind farm site 6 (Nominal capacity-96MW)_final/horizon_72/duet.sh,DUET,hpo,tfb-Wind farm site 6 (Nominal capacity-96MW)_final,horizon_72,duet.sh
DUET/hpo/tfb-Wind_Farm_A_filtered_wide_long_fixed__1T1V_reduced_1T_1V_windpower/horizon_12/duet.sh,DUET,hpo,tfb-Wind_Farm_A_filtered_wide_long_fixed__1T1V_reduced_1T_1V_windpower,horizon_12,duet.sh
DUET/hpo/tfb-Wind_Farm_A_filtered_wide_long_fixed__1T1V_reduced_1T_1V_windpower/horizon_144/duet.sh,DUET,hpo,tfb-Wind_Farm_A_filtered_wide_long_fixed__1T1V_reduced_1T_1V_windpower,horizon_144,duet.sh
DUET/hpo/tfb-Wind_Farm_A_filtered_wide_long_fixed__1T1V_reduced_1T_1V_windpower/horizon_24/duet.sh,DUET,hpo,tfb-Wind_Farm_A_filtered_wide_long_fixed__1T1V_reduced_1T_1V_windpower,horizon_24,duet.sh
DUET/hpo/tfb-Wind_Farm_A_filtered_wide_long_fixed__1T1V_reduced_1T_1V_windpower/horizon_72/duet.sh,DUET,hpo,tfb-Wind_Farm_A_filtered_wide_long_fixed__1T1V_reduced_1T_1V_windpower,horizon_72,duet.sh
DUET/hpo/tfb-Wind_Farm_B_filtered_wide_long_fixed__1T1V_reduced_1T_1V_windpower/horizon_12/duet.sh,DUET,hpo,tfb-Wind_Farm_B_filtered_wide_long_fixed__1T1V_reduced_1T_1V_windpower,horizon_12,duet.sh
DUET/hpo/tfb-Wind_Farm_B_filtered_wide_long_fixed__1T1V_reduced_1T_1V_windpower/horizon_144/duet.sh,DUET,hpo,tfb-Wind_Farm_B_filtered_wide_long_fixed__1T1V_reduced_1T_1V_windpower,horizon_144,duet.sh
DUET/hpo/tfb-Wind_Farm_B_filtered_wide_long_fixed__1T1V_reduced_1T_1V_windpower/horizon_24/duet.sh,DUET,hpo,tfb-Wind_Farm_B_filtered_wide_long_fixed__1T1V_reduced_1T_1V_windpower,horizon_24,duet.sh
DUET/hpo/tfb-Wind_Farm_B_filtered_wide_long_fixed__1T1V_reduced_1T_1V_windpower/horizon_72/duet.sh,DUET,hpo,tfb-Wind_Farm_B_filtered_wide_long_fixed__1T1V_reduced_1T_1V_windpower,horizon_72,duet.sh
DUET/hpo/tfb-Wind_Farm_C_filtered_wide_long_fixed__MT1V_reduced_1V_windpower/horizon_12/duet.sh,DUET,hpo,tfb-Wind_Farm_C_filtered_wide_long_fixed__MT1V_reduced_1V_windpower,horizon_12,duet.sh
DUET/hpo/tfb-Wind_Farm_C_filtered_wide_long_fixed__MT1V_reduced_1V_windpower/horizon_144/duet.sh,DUET,hpo,tfb-Wind_Farm_C_filtered_wide_long_fixed__MT1V_reduced_1V_windpower,horizon_144,duet.sh
DUET/hpo/tfb-Wind_Farm_C_filtered_wide_long_fixed__MT1V_reduced_1V_windpower/horizon_24/duet.sh,DUET,hpo,tfb-Wind_Farm_C_filtered_wide_long_fixed__MT1V_reduced_1V_windpower,horizon_24,duet.sh
DUET/hpo/tfb-Wind_Farm_C_filtered_wide_long_fixed__MT1V_reduced_1V_windpower/horizon_72/duet.sh,DUET,hpo,tfb-Wind_Farm_C_filtered_wide_long_fixed__MT1V_reduced_1V_windpower,horizon_72,duet.sh
DUET/hpo/tfb-Yalova_final_ready/horizon_12/duet.sh,DUET,hpo,tfb-Yalova_final_ready,horizon_12,duet.sh
DUET/hpo/tfb-Yalova_final_ready/horizon_144/duet.sh,DUET,hpo,tfb-Yalova_final_ready,horizon_144,duet.sh
DUET/hpo/tfb-Yalova_final_ready/horizon_24/duet.sh,DUET,hpo,tfb-Yalova_final_ready,horizon_24,duet.sh
DUET/hpo/tfb-Yalova_final_ready/horizon_72/duet.sh,DUET,hpo,tfb-Yalova_final_ready,horizon_72,duet.sh
DUET/hpo/tfb-aemo/horizon_12/duet.sh,DUET,hpo,tfb-aemo,horizon_12,duet.sh
DUET/hpo/tfb-aemo/horizon_144/duet.sh,DUET,hpo,tfb-aemo,horizon_144,duet.sh
DUET/hpo/tfb-aemo/horizon_24/duet.sh,DUET,hpo,tfb-aemo,horizon_24,duet.sh
DUET/hpo/tfb-aemo/horizon_72/duet.sh,DUET,hpo,tfb-aemo,horizon_72,duet.sh
DUET/hpo/tfb-chalmers_merged_processed_data_fixed_combined__1T1V_reduced_1min_1T_1V_power/horizon_12/duet.sh,DUET,hpo,tfb-chalmers_merged_processed_data_fixed_combined__1T1V_reduced_1min_1T_1V_power,horizon_12,duet.sh
DUET/hpo/tfb-chalmers_merged_processed_data_fixed_combined__1T1V_reduced_1min_1T_1V_power/horizon_144/duet.sh,DUET,hpo,tfb-chalmers_merged_processed_data_fixed_combined__1T1V_reduced_1min_1T_1V_power,horizon_144,duet.sh
DUET/hpo/tfb-chalmers_merged_processed_data_fixed_combined__1T1V_reduced_1min_1T_1V_power/horizon_24/duet.sh,DUET,hpo,tfb-chalmers_merged_processed_data_fixed_combined__1T1V_reduced_1min_1T_1V_power,horizon_24,duet.sh
DUET/hpo/tfb-chalmers_merged_processed_data_fixed_combined__1T1V_reduced_1min_1T_1V_power/horizon_72/duet.sh,DUET,hpo,tfb-chalmers_merged_processed_data_fixed_combined__1T1V_reduced_1min_1T_1V_power,horizon_72,duet.sh
DUET/hpo/tfb-gefcom2012/horizon_12/duet.sh,DUET,hpo,tfb-gefcom2012,horizon_12,duet.sh
DUET/hpo/tfb-gefcom2012/horizon_144/duet.sh,DUET,hpo,tfb-gefcom2012,horizon_144,duet.sh
DUET/hpo/tfb-gefcom2012/horizon_24/duet.sh,DUET,hpo,tfb-gefcom2012,horizon_24,duet.sh
DUET/hpo/tfb-gefcom2012/horizon_72/duet.sh,DUET,hpo,tfb-gefcom2012,horizon_72,duet.sh
DUET/hpo/tfb-gefcom2014/horizon_12/duet.sh,DUET,hpo,tfb-gefcom2014,horizon_12,duet.sh
DUET/hpo/tfb-gefcom2014/horizon_144/duet.sh,DUET,hpo,tfb-gefcom2014,horizon_144,duet.sh
DUET/hpo/tfb-gefcom2014/horizon_24/duet.sh,DUET,hpo,tfb-gefcom2014,horizon_24,duet.sh
DUET/hpo/tfb-gefcom2014/horizon_72/duet.sh,DUET,hpo,tfb-gefcom2014,horizon_72,duet.sh
DUET/hpo/tfb-kaggle1_final_benchmark_v3_ready_no_turbinestatus/horizon_12/duet__server_a_day02_20260519_171704.sh,DUET,hpo,tfb-kaggle1_final_benchmark_v3_ready_no_turbinestatus,horizon_12,duet__server_a_day02_20260519_171704.sh
DUET/hpo/tfb-kaggle1_final_benchmark_v3_ready_no_turbinestatus/horizon_12/duet__server_a_day02_20260520_133059.sh,DUET,hpo,tfb-kaggle1_final_benchmark_v3_ready_no_turbinestatus,horizon_12,duet__server_a_day02_20260520_133059.sh
DUET/hpo/tfb-kaggle1_final_benchmark_v3_ready_no_turbinestatus/horizon_144/duet__server_a_day02_20260519_171704.sh,DUET,hpo,tfb-kaggle1_final_benchmark_v3_ready_no_turbinestatus,horizon_144,duet__server_a_day02_20260519_171704.sh
DUET/hpo/tfb-kaggle1_final_benchmark_v3_ready_no_turbinestatus/horizon_144/duet__server_a_day02_20260520_133059.sh,DUET,hpo,tfb-kaggle1_final_benchmark_v3_ready_no_turbinestatus,horizon_144,duet__server_a_day02_20260520_133059.sh
DUET/hpo/tfb-kaggle1_final_benchmark_v3_ready_no_turbinestatus/horizon_24/duet__server_a_day02_20260519_171704.sh,DUET,hpo,tfb-kaggle1_final_benchmark_v3_ready_no_turbinestatus,horizon_24,duet__server_a_day02_20260519_171704.sh
DUET/hpo/tfb-kaggle1_final_benchmark_v3_ready_no_turbinestatus/horizon_24/duet__server_a_day02_20260520_133059.sh,DUET,hpo,tfb-kaggle1_final_benchmark_v3_ready_no_turbinestatus,horizon_24,duet__server_a_day02_20260520_133059.sh
DUET/hpo/tfb-kaggle1_final_benchmark_v3_ready_no_turbinestatus/horizon_72/duet__server_a_day02_20260519_171704.sh,DUET,hpo,tfb-kaggle1_final_benchmark_v3_ready_no_turbinestatus,horizon_72,duet__server_a_day02_20260519_171704.sh
DUET/hpo/tfb-kaggle1_final_benchmark_v3_ready_no_turbinestatus/horizon_72/duet__server_a_day02_20260520_133059.sh,DUET,hpo,tfb-kaggle1_final_benchmark_v3_ready_no_turbinestatus,horizon_72,duet__server_a_day02_20260520_133059.sh
DUET/hpo/tfb-maelstrom_turbine_1_univariate/horizon_12/duet.sh,DUET,hpo,tfb-maelstrom_turbine_1_univariate,horizon_12,duet.sh
DUET/hpo/tfb-maelstrom_turbine_1_univariate/horizon_144/duet.sh,DUET,hpo,tfb-maelstrom_turbine_1_univariate,horizon_144,duet.sh
DUET/hpo/tfb-maelstrom_turbine_1_univariate/horizon_24/duet.sh,DUET,hpo,tfb-maelstrom_turbine_1_univariate,horizon_24,duet.sh
DUET/hpo/tfb-maelstrom_turbine_1_univariate/horizon_72/duet.sh,DUET,hpo,tfb-maelstrom_turbine_1_univariate,horizon_72,duet.sh
DUET/hpo/tfb-maelstrom_turbine_2_univariate/horizon_12/duet.sh,DUET,hpo,tfb-maelstrom_turbine_2_univariate,horizon_12,duet.sh
DUET/hpo/tfb-maelstrom_turbine_2_univariate/horizon_144/duet.sh,DUET,hpo,tfb-maelstrom_turbine_2_univariate,horizon_144,duet.sh
DUET/hpo/tfb-maelstrom_turbine_2_univariate/horizon_24/duet.sh,DUET,hpo,tfb-maelstrom_turbine_2_univariate,horizon_24,duet.sh
DUET/hpo/tfb-maelstrom_turbine_2_univariate/horizon_72/duet.sh,DUET,hpo,tfb-maelstrom_turbine_2_univariate,horizon_72,duet.sh
DUET/hpo/tfb-maelstrom_turbine_3_univariate/horizon_12/duet.sh,DUET,hpo,tfb-maelstrom_turbine_3_univariate,horizon_12,duet.sh
DUET/hpo/tfb-maelstrom_turbine_3_univariate/horizon_144/duet.sh,DUET,hpo,tfb-maelstrom_turbine_3_univariate,horizon_144,duet.sh
DUET/hpo/tfb-maelstrom_turbine_3_univariate/horizon_24/duet.sh,DUET,hpo,tfb-maelstrom_turbine_3_univariate,horizon_24,duet.sh
DUET/hpo/tfb-maelstrom_turbine_3_univariate/horizon_72/duet.sh,DUET,hpo,tfb-maelstrom_turbine_3_univariate,horizon_72,duet.sh
DUET/hpo/tfb-maelstrom_turbine_4_univariate/horizon_12/duet.sh,DUET,hpo,tfb-maelstrom_turbine_4_univariate,horizon_12,duet.sh
DUET/hpo/tfb-maelstrom_turbine_4_univariate/horizon_144/duet.sh,DUET,hpo,tfb-maelstrom_turbine_4_univariate,horizon_144,duet.sh
DUET/hpo/tfb-maelstrom_turbine_4_univariate/horizon_24/duet.sh,DUET,hpo,tfb-maelstrom_turbine_4_univariate,horizon_24,duet.sh
DUET/hpo/tfb-maelstrom_turbine_4_univariate/horizon_72/duet.sh,DUET,hpo,tfb-maelstrom_turbine_4_univariate,horizon_72,duet.sh
DUET/hpo/tfb-re_europe_wind_signal_COSMO_long_no_null__MT1V_reduced_38T_1V_power/horizon_12/duet__server_a_day02_20260519_171704.sh,DUET,hpo,tfb-re_europe_wind_signal_COSMO_long_no_null__MT1V_reduced_38T_1V_power,horizon_12,duet__server_a_day02_20260519_171704.sh
DUET/hpo/tfb-re_europe_wind_signal_COSMO_long_no_null__MT1V_reduced_38T_1V_power/horizon_12/duet__server_a_day02_20260520_133059.sh,DUET,hpo,tfb-re_europe_wind_signal_COSMO_long_no_null__MT1V_reduced_38T_1V_power,horizon_12,duet__server_a_day02_20260520_133059.sh
DUET/hpo/tfb-re_europe_wind_signal_COSMO_long_no_null__MT1V_reduced_38T_1V_power/horizon_144/duet__server_a_day02_20260519_171704.sh,DUET,hpo,tfb-re_europe_wind_signal_COSMO_long_no_null__MT1V_reduced_38T_1V_power,horizon_144,duet__server_a_day02_20260519_171704.sh
DUET/hpo/tfb-re_europe_wind_signal_COSMO_long_no_null__MT1V_reduced_38T_1V_power/horizon_144/duet__server_a_day02_20260520_133059.sh,DUET,hpo,tfb-re_europe_wind_signal_COSMO_long_no_null__MT1V_reduced_38T_1V_power,horizon_144,duet__server_a_day02_20260520_133059.sh
DUET/hpo/tfb-re_europe_wind_signal_COSMO_long_no_null__MT1V_reduced_38T_1V_power/horizon_24/duet__server_a_day02_20260519_171704.sh,DUET,hpo,tfb-re_europe_wind_signal_COSMO_long_no_null__MT1V_reduced_38T_1V_power,horizon_24,duet__server_a_day02_20260519_171704.sh
DUET/hpo/tfb-re_europe_wind_signal_COSMO_long_no_null__MT1V_reduced_38T_1V_power/horizon_24/duet__server_a_day02_20260520_133059.sh,DUET,hpo,tfb-re_europe_wind_signal_COSMO_long_no_null__MT1V_reduced_38T_1V_power,horizon_24,duet__server_a_day02_20260520_133059.sh
DUET/hpo/tfb-re_europe_wind_signal_COSMO_long_no_null__MT1V_reduced_38T_1V_power/horizon_72/duet__server_a_day02_20260519_171704.sh,DUET,hpo,tfb-re_europe_wind_signal_COSMO_long_no_null__MT1V_reduced_38T_1V_power,horizon_72,duet__server_a_day02_20260519_171704.sh
DUET/hpo/tfb-re_europe_wind_signal_COSMO_long_no_null__MT1V_reduced_38T_1V_power/horizon_72/duet__server_a_day02_20260520_133059.sh,DUET,hpo,tfb-re_europe_wind_signal_COSMO_long_no_null__MT1V_reduced_38T_1V_power,horizon_72,duet__server_a_day02_20260520_133059.sh
DUET/hpo/tfb-re_europe_wind_signal_ECMWF_long_no_null__MT1V_reduced_38T_1V_power/horizon_12/duet__server_a_day02_20260519_171704.sh,DUET,hpo,tfb-re_europe_wind_signal_ECMWF_long_no_null__MT1V_reduced_38T_1V_power,horizon_12,duet__server_a_day02_20260519_171704.sh
DUET/hpo/tfb-re_europe_wind_signal_ECMWF_long_no_null__MT1V_reduced_38T_1V_power/horizon_12/duet__server_a_day02_20260520_133059.sh,DUET,hpo,tfb-re_europe_wind_signal_ECMWF_long_no_null__MT1V_reduced_38T_1V_power,horizon_12,duet__server_a_day02_20260520_133059.sh
DUET/hpo/tfb-re_europe_wind_signal_ECMWF_long_no_null__MT1V_reduced_38T_1V_power/horizon_144/duet__server_a_day02_20260519_171704.sh,DUET,hpo,tfb-re_europe_wind_signal_ECMWF_long_no_null__MT1V_reduced_38T_1V_power,horizon_144,duet__server_a_day02_20260519_171704.sh
DUET/hpo/tfb-re_europe_wind_signal_ECMWF_long_no_null__MT1V_reduced_38T_1V_power/horizon_144/duet__server_a_day02_20260520_133059.sh,DUET,hpo,tfb-re_europe_wind_signal_ECMWF_long_no_null__MT1V_reduced_38T_1V_power,horizon_144,duet__server_a_day02_20260520_133059.sh
DUET/hpo/tfb-re_europe_wind_signal_ECMWF_long_no_null__MT1V_reduced_38T_1V_power/horizon_24/duet__server_a_day02_20260519_171704.sh,DUET,hpo,tfb-re_europe_wind_signal_ECMWF_long_no_null__MT1V_reduced_38T_1V_power,horizon_24,duet__server_a_day02_20260519_171704.sh
DUET/hpo/tfb-re_europe_wind_signal_ECMWF_long_no_null__MT1V_reduced_38T_1V_power/horizon_24/duet__server_a_day02_20260520_133059.sh,DUET,hpo,tfb-re_europe_wind_signal_ECMWF_long_no_null__MT1V_reduced_38T_1V_power,horizon_24,duet__server_a_day02_20260520_133059.sh
DUET/hpo/tfb-re_europe_wind_signal_ECMWF_long_no_null__MT1V_reduced_38T_1V_power/horizon_72/duet__server_a_day02_20260519_171704.sh,DUET,hpo,tfb-re_europe_wind_signal_ECMWF_long_no_null__MT1V_reduced_38T_1V_power,horizon_72,duet__server_a_day02_20260519_171704.sh
DUET/hpo/tfb-re_europe_wind_signal_ECMWF_long_no_null__MT1V_reduced_38T_1V_power/horizon_72/duet__server_a_day02_20260520_133059.sh,DUET,hpo,tfb-re_europe_wind_signal_ECMWF_long_no_null__MT1V_reduced_38T_1V_power,horizon_72,duet__server_a_day02_20260520_133059.sh
DUET/hpo/tfb-scada_fault_10min_cleaned_numeric_only/horizon_12/duet.sh,DUET,hpo,tfb-scada_fault_10min_cleaned_numeric_only,horizon_12,duet.sh
DUET/hpo/tfb-scada_fault_10min_cleaned_numeric_only/horizon_144/duet.sh,DUET,hpo,tfb-scada_fault_10min_cleaned_numeric_only,horizon_144,duet.sh
DUET/hpo/tfb-scada_fault_10min_cleaned_numeric_only/horizon_24/duet.sh,DUET,hpo,tfb-scada_fault_10min_cleaned_numeric_only,horizon_24,duet.sh
DUET/hpo/tfb-scada_fault_10min_cleaned_numeric_only/horizon_72/duet.sh,DUET,hpo,tfb-scada_fault_10min_cleaned_numeric_only,horizon_72,duet.sh
DUET/hpo/tfb-sdwpf_245days_v1_final_final_cleaned/horizon_12/duet__icde_missing_all_sheets_day17_gpu5_80g_final2_20260529_20260531_071513.sh,DUET,hpo,tfb-sdwpf_245days_v1_final_final_cleaned,horizon_12,duet__icde_missing_all_sheets_day17_gpu5_80g_final2_20260529_20260531_071513.sh
DUET/hpo/tfb-sdwpf_245days_v1_final_final_cleaned/horizon_12/duet__icde_missing_all_sheets_day17_gpu5_80g_final2_20260529_20260601_043403.sh,DUET,hpo,tfb-sdwpf_245days_v1_final_final_cleaned,horizon_12,duet__icde_missing_all_sheets_day17_gpu5_80g_final2_20260529_20260601_043403.sh
DUET/hpo/tfb-sdwpf_245days_v1_final_final_cleaned/horizon_12/duet__icde_missing_all_sheets_day17_gpu5_80g_final2_20260529_20260604_065156.sh,DUET,hpo,tfb-sdwpf_245days_v1_final_final_cleaned,horizon_12,duet__icde_missing_all_sheets_day17_gpu5_80g_final2_20260529_20260604_065156.sh
DUET/hpo/tfb-sdwpf_245days_v1_final_final_cleaned/horizon_12/duet__icde_missing_all_sheets_day17_gpu5_80g_final2_20260529_20260605_173453.sh,DUET,hpo,tfb-sdwpf_245days_v1_final_final_cleaned,horizon_12,duet__icde_missing_all_sheets_day17_gpu5_80g_final2_20260529_20260605_173453.sh
DUET/hpo/tfb-sdwpf_245days_v1_final_final_cleaned/horizon_144/duet__icde_missing_all_sheets_day17_gpu5_80g_final2_20260529_20260601_043403.sh,DUET,hpo,tfb-sdwpf_245days_v1_final_final_cleaned,horizon_144,duet__icde_missing_all_sheets_day17_gpu5_80g_final2_20260529_20260601_043403.sh
DUET/hpo/tfb-sdwpf_245days_v1_final_final_cleaned/horizon_144/duet__icde_missing_all_sheets_day17_gpu5_80g_final2_20260529_20260604_065156.sh,DUET,hpo,tfb-sdwpf_245days_v1_final_final_cleaned,horizon_144,duet__icde_missing_all_sheets_day17_gpu5_80g_final2_20260529_20260604_065156.sh
DUET/hpo/tfb-sdwpf_245days_v1_final_final_cleaned/horizon_144/duet__icde_missing_all_sheets_day17_gpu5_80g_final2_20260529_20260605_173453.sh,DUET,hpo,tfb-sdwpf_245days_v1_final_final_cleaned,horizon_144,duet__icde_missing_all_sheets_day17_gpu5_80g_final2_20260529_20260605_173453.sh
DUET/hpo/tfb-sdwpf_245days_v1_final_final_cleaned/horizon_24/duet__icde_missing_all_sheets_day17_gpu5_80g_final2_20260529_20260531_071513.sh,DUET,hpo,tfb-sdwpf_245days_v1_final_final_cleaned,horizon_24,duet__icde_missing_all_sheets_day17_gpu5_80g_final2_20260529_20260531_071513.sh
DUET/hpo/tfb-sdwpf_245days_v1_final_final_cleaned/horizon_24/duet__icde_missing_all_sheets_day17_gpu5_80g_final2_20260529_20260601_043403.sh,DUET,hpo,tfb-sdwpf_245days_v1_final_final_cleaned,horizon_24,duet__icde_missing_all_sheets_day17_gpu5_80g_final2_20260529_20260601_043403.sh
DUET/hpo/tfb-sdwpf_245days_v1_final_final_cleaned/horizon_24/duet__icde_missing_all_sheets_day17_gpu5_80g_final2_20260529_20260604_065156.sh,DUET,hpo,tfb-sdwpf_245days_v1_final_final_cleaned,horizon_24,duet__icde_missing_all_sheets_day17_gpu5_80g_final2_20260529_20260604_065156.sh
DUET/hpo/tfb-sdwpf_245days_v1_final_final_cleaned/horizon_24/duet__icde_missing_all_sheets_day17_gpu5_80g_final2_20260529_20260605_173453.sh,DUET,hpo,tfb-sdwpf_245days_v1_final_final_cleaned,horizon_24,duet__icde_missing_all_sheets_day17_gpu5_80g_final2_20260529_20260605_173453.sh
DUET/hpo/tfb-sdwpf_245days_v1_final_final_cleaned/horizon_72/duet__icde_missing_all_sheets_day17_gpu5_80g_final2_20260529_20260531_071513.sh,DUET,hpo,tfb-sdwpf_245days_v1_final_final_cleaned,horizon_72,duet__icde_missing_all_sheets_day17_gpu5_80g_final2_20260529_20260531_071513.sh
DUET/hpo/tfb-sdwpf_245days_v1_final_final_cleaned/horizon_72/duet__icde_missing_all_sheets_day17_gpu5_80g_final2_20260529_20260601_043403.sh,DUET,hpo,tfb-sdwpf_245days_v1_final_final_cleaned,horizon_72,duet__icde_missing_all_sheets_day17_gpu5_80g_final2_20260529_20260601_043403.sh
DUET/hpo/tfb-sdwpf_245days_v1_final_final_cleaned/horizon_72/duet__icde_missing_all_sheets_day17_gpu5_80g_final2_20260529_20260604_065156.sh,DUET,hpo,tfb-sdwpf_245days_v1_final_final_cleaned,horizon_72,duet__icde_missing_all_sheets_day17_gpu5_80g_final2_20260529_20260604_065156.sh
DUET/hpo/tfb-sdwpf_245days_v1_final_final_cleaned/horizon_72/duet__icde_missing_all_sheets_day17_gpu5_80g_final2_20260529_20260605_173453.sh,DUET,hpo,tfb-sdwpf_245days_v1_final_final_cleaned,horizon_72,duet__icde_missing_all_sheets_day17_gpu5_80g_final2_20260529_20260605_173453.sh
FactoST_STA/few_shot_10pct/tfb-Kelmarsh_filtered_wide__MTMV_reduced_3V_Power_(kW)/horizon_12/factost_sta.sh,FactoST_STA,few_shot_10pct,tfb-Kelmarsh_filtered_wide__MTMV_reduced_3V_Power_(kW),horizon_12,factost_sta.sh
FactoST_STA/few_shot_10pct/tfb-Kelmarsh_filtered_wide__MTMV_reduced_3V_Power_(kW)/horizon_144/factost_sta.sh,FactoST_STA,few_shot_10pct,tfb-Kelmarsh_filtered_wide__MTMV_reduced_3V_Power_(kW),horizon_144,factost_sta.sh
FactoST_STA/few_shot_10pct/tfb-Kelmarsh_filtered_wide__MTMV_reduced_3V_Power_(kW)/horizon_24/factost_sta.sh,FactoST_STA,few_shot_10pct,tfb-Kelmarsh_filtered_wide__MTMV_reduced_3V_Power_(kW),horizon_24,factost_sta.sh
FactoST_STA/few_shot_10pct/tfb-Kelmarsh_filtered_wide__MTMV_reduced_3V_Power_(kW)/horizon_72/factost_sta.sh,FactoST_STA,few_shot_10pct,tfb-Kelmarsh_filtered_wide__MTMV_reduced_3V_Power_(kW),horizon_72,factost_sta.sh
FactoST_STA/few_shot_10pct/tfb-Penmanshiel_filtered_wide__MTMV_reduced_3V_Power_(kW)__quality_trim_201607_201608_202009_202010/horizon_12/factost_sta.sh,FactoST_STA,few_shot_10pct,tfb-Penmanshiel_filtered_wide__MTMV_reduced_3V_Power_(kW)__quality_trim_201607_201608_202009_202010,horizon_12,factost_sta.sh
FactoST_STA/few_shot_10pct/tfb-Penmanshiel_filtered_wide__MTMV_reduced_3V_Power_(kW)__quality_trim_201607_201608_202009_202010/horizon_144/factost_sta.sh,FactoST_STA,few_shot_10pct,tfb-Penmanshiel_filtered_wide__MTMV_reduced_3V_Power_(kW)__quality_trim_201607_201608_202009_202010,horizon_144,factost_sta.sh
FactoST_STA/few_shot_10pct/tfb-Penmanshiel_filtered_wide__MTMV_reduced_3V_Power_(kW)__quality_trim_201607_201608_202009_202010/horizon_144/few_shot_10pct_all_horizons.sh,FactoST_STA,few_shot_10pct,tfb-Penmanshiel_filtered_wide__MTMV_reduced_3V_Power_(kW)__quality_trim_201607_201608_202009_202010,horizon_144,few_shot_10pct_all_horizons.sh
FactoST_STA/few_shot_10pct/tfb-Penmanshiel_filtered_wide__MTMV_reduced_3V_Power_(kW)__quality_trim_201607_201608_202009_202010/horizon_24/factost_sta.sh,FactoST_STA,few_shot_10pct,tfb-Penmanshiel_filtered_wide__MTMV_reduced_3V_Power_(kW)__quality_trim_201607_201608_202009_202010,horizon_24,factost_sta.sh
FactoST_STA/few_shot_10pct/tfb-Penmanshiel_filtered_wide__MTMV_reduced_3V_Power_(kW)__quality_trim_201607_201608_202009_202010/horizon_24/few_shot_10pct_all_horizons.sh,FactoST_STA,few_shot_10pct,tfb-Penmanshiel_filtered_wide__MTMV_reduced_3V_Power_(kW)__quality_trim_201607_201608_202009_202010,horizon_24,few_shot_10pct_all_horizons.sh
FactoST_STA/few_shot_10pct/tfb-Penmanshiel_filtered_wide__MTMV_reduced_3V_Power_(kW)__quality_trim_201607_201608_202009_202010/horizon_72/factost_sta.sh,FactoST_STA,few_shot_10pct,tfb-Penmanshiel_filtered_wide__MTMV_reduced_3V_Power_(kW)__quality_trim_201607_201608_202009_202010,horizon_72,factost_sta.sh
FactoST_STA/few_shot_10pct/tfb-Penmanshiel_filtered_wide__MTMV_reduced_3V_Power_(kW)__quality_trim_201607_201608_202009_202010/horizon_72/few_shot_10pct_all_horizons.sh,FactoST_STA,few_shot_10pct,tfb-Penmanshiel_filtered_wide__MTMV_reduced_3V_Power_(kW)__quality_trim_201607_201608_202009_202010,horizon_72,few_shot_10pct_all_horizons.sh
FactoST_STA/few_shot_10pct/tfb-UEBB_panel_wide_filled__MTMV_reduced_3V_active_power_total/horizon_12/factost_sta.sh,FactoST_STA,few_shot_10pct,tfb-UEBB_panel_wide_filled__MTMV_reduced_3V_active_power_total,horizon_12,factost_sta.sh
FactoST_STA/few_shot_10pct/tfb-UEBB_panel_wide_filled__MTMV_reduced_3V_active_power_total/horizon_144/factost_sta.sh,FactoST_STA,few_shot_10pct,tfb-UEBB_panel_wide_filled__MTMV_reduced_3V_active_power_total,horizon_144,factost_sta.sh
FactoST_STA/few_shot_10pct/tfb-UEBB_panel_wide_filled__MTMV_reduced_3V_active_power_total/horizon_24/factost_sta.sh,FactoST_STA,few_shot_10pct,tfb-UEBB_panel_wide_filled__MTMV_reduced_3V_active_power_total,horizon_24,factost_sta.sh
FactoST_STA/few_shot_10pct/tfb-UEBB_panel_wide_filled__MTMV_reduced_3V_active_power_total/horizon_72/factost_sta.sh,FactoST_STA,few_shot_10pct,tfb-UEBB_panel_wide_filled__MTMV_reduced_3V_active_power_total,horizon_72,factost_sta.sh
FactoST_STA/few_shot_10pct/tfb-UEPS_panel_wide_filled__MTMV_reduced_3V_active_power_total/horizon_12/factost_sta.sh,FactoST_STA,few_shot_10pct,tfb-UEPS_panel_wide_filled__MTMV_reduced_3V_active_power_total,horizon_12,factost_sta.sh
FactoST_STA/few_shot_10pct/tfb-UEPS_panel_wide_filled__MTMV_reduced_3V_active_power_total/horizon_144/factost_sta.sh,FactoST_STA,few_shot_10pct,tfb-UEPS_panel_wide_filled__MTMV_reduced_3V_active_power_total,horizon_144,factost_sta.sh
FactoST_STA/few_shot_10pct/tfb-UEPS_panel_wide_filled__MTMV_reduced_3V_active_power_total/horizon_24/factost_sta.sh,FactoST_STA,few_shot_10pct,tfb-UEPS_panel_wide_filled__MTMV_reduced_3V_active_power_total,horizon_24,factost_sta.sh
FactoST_STA/few_shot_10pct/tfb-UEPS_panel_wide_filled__MTMV_reduced_3V_active_power_total/horizon_72/factost_sta.sh,FactoST_STA,few_shot_10pct,tfb-UEPS_panel_wide_filled__MTMV_reduced_3V_active_power_total,horizon_72,factost_sta.sh
FactoST_STA/few_shot_10pct/tfb-Wind_Farm_C_filtered_wide_long_fixed__MT1V_reduced_1V_windpower/horizon_12/factost_sta.sh,FactoST_STA,few_shot_10pct,tfb-Wind_Farm_C_filtered_wide_long_fixed__MT1V_reduced_1V_windpower,horizon_12,factost_sta.sh
FactoST_STA/few_shot_10pct/tfb-Wind_Farm_C_filtered_wide_long_fixed__MT1V_reduced_1V_windpower/horizon_144/factost_sta.sh,FactoST_STA,few_shot_10pct,tfb-Wind_Farm_C_filtered_wide_long_fixed__MT1V_reduced_1V_windpower,horizon_144,factost_sta.sh
FactoST_STA/few_shot_10pct/tfb-Wind_Farm_C_filtered_wide_long_fixed__MT1V_reduced_1V_windpower/horizon_24/factost_sta.sh,FactoST_STA,few_shot_10pct,tfb-Wind_Farm_C_filtered_wide_long_fixed__MT1V_reduced_1V_windpower,horizon_24,factost_sta.sh
FactoST_STA/few_shot_10pct/tfb-Wind_Farm_C_filtered_wide_long_fixed__MT1V_reduced_1V_windpower/horizon_72/factost_sta.sh,FactoST_STA,few_shot_10pct,tfb-Wind_Farm_C_filtered_wide_long_fixed__MT1V_reduced_1V_windpower,horizon_72,factost_sta.sh
FactoST_STA/few_shot_10pct/tfb-aemo/horizon_12/factost_sta.sh,FactoST_STA,few_shot_10pct,tfb-aemo,horizon_12,factost_sta.sh
FactoST_STA/few_shot_10pct/tfb-aemo/horizon_144/factost_sta.sh,FactoST_STA,few_shot_10pct,tfb-aemo,horizon_144,factost_sta.sh
FactoST_STA/few_shot_10pct/tfb-aemo/horizon_24/factost_sta.sh,FactoST_STA,few_shot_10pct,tfb-aemo,horizon_24,factost_sta.sh
FactoST_STA/few_shot_10pct/tfb-aemo/horizon_72/factost_sta.sh,FactoST_STA,few_shot_10pct,tfb-aemo,horizon_72,factost_sta.sh
FactoST_STA/few_shot_10pct/tfb-gefcom2012/horizon_12/factost_sta.sh,FactoST_STA,few_shot_10pct,tfb-gefcom2012,horizon_12,factost_sta.sh
FactoST_STA/few_shot_10pct/tfb-gefcom2012/horizon_144/factost_sta.sh,FactoST_STA,few_shot_10pct,tfb-gefcom2012,horizon_144,factost_sta.sh
FactoST_STA/few_shot_10pct/tfb-gefcom2012/horizon_24/factost_sta.sh,FactoST_STA,few_shot_10pct,tfb-gefcom2012,horizon_24,factost_sta.sh
FactoST_STA/few_shot_10pct/tfb-gefcom2012/horizon_72/factost_sta.sh,FactoST_STA,few_shot_10pct,tfb-gefcom2012,horizon_72,factost_sta.sh
FactoST_STA/few_shot_10pct/tfb-gefcom2014/horizon_12/factost_sta.sh,FactoST_STA,few_shot_10pct,tfb-gefcom2014,horizon_12,factost_sta.sh
FactoST_STA/few_shot_10pct/tfb-gefcom2014/horizon_144/factost_sta.sh,FactoST_STA,few_shot_10pct,tfb-gefcom2014,horizon_144,factost_sta.sh
FactoST_STA/few_shot_10pct/tfb-gefcom2014/horizon_24/factost_sta.sh,FactoST_STA,few_shot_10pct,tfb-gefcom2014,horizon_24,factost_sta.sh
FactoST_STA/few_shot_10pct/tfb-gefcom2014/horizon_72/factost_sta.sh,FactoST_STA,few_shot_10pct,tfb-gefcom2014,horizon_72,factost_sta.sh
FactoST_STA/few_shot_10pct/tfb-re_europe_wind_signal_COSMO_long_no_null__MT1V_reduced_38T_1V_power/horizon_12/factost_sta__server_a_day02_20260519_112819.sh,FactoST_STA,few_shot_10pct,tfb-re_europe_wind_signal_COSMO_long_no_null__MT1V_reduced_38T_1V_power,horizon_12,factost_sta__server_a_day02_20260519_112819.sh
FactoST_STA/few_shot_10pct/tfb-re_europe_wind_signal_COSMO_long_no_null__MT1V_reduced_38T_1V_power/horizon_12/factost_sta__server_a_day02_20260519_123043.sh,FactoST_STA,few_shot_10pct,tfb-re_europe_wind_signal_COSMO_long_no_null__MT1V_reduced_38T_1V_power,horizon_12,factost_sta__server_a_day02_20260519_123043.sh
FactoST_STA/few_shot_10pct/tfb-re_europe_wind_signal_COSMO_long_no_null__MT1V_reduced_38T_1V_power/horizon_12/factost_sta__server_a_day02_20260519_171704.sh,FactoST_STA,few_shot_10pct,tfb-re_europe_wind_signal_COSMO_long_no_null__MT1V_reduced_38T_1V_power,horizon_12,factost_sta__server_a_day02_20260519_171704.sh
FactoST_STA/few_shot_10pct/tfb-re_europe_wind_signal_COSMO_long_no_null__MT1V_reduced_38T_1V_power/horizon_12/factost_sta__server_a_day02_20260520_133059.sh,FactoST_STA,few_shot_10pct,tfb-re_europe_wind_signal_COSMO_long_no_null__MT1V_reduced_38T_1V_power,horizon_12,factost_sta__server_a_day02_20260520_133059.sh
FactoST_STA/few_shot_10pct/tfb-re_europe_wind_signal_COSMO_long_no_null__MT1V_reduced_38T_1V_power/horizon_144/factost_sta__server_a_day02_20260519_112819.sh,FactoST_STA,few_shot_10pct,tfb-re_europe_wind_signal_COSMO_long_no_null__MT1V_reduced_38T_1V_power,horizon_144,factost_sta__server_a_day02_20260519_112819.sh
FactoST_STA/few_shot_10pct/tfb-re_europe_wind_signal_COSMO_long_no_null__MT1V_reduced_38T_1V_power/horizon_144/factost_sta__server_a_day02_20260519_123043.sh,FactoST_STA,few_shot_10pct,tfb-re_europe_wind_signal_COSMO_long_no_null__MT1V_reduced_38T_1V_power,horizon_144,factost_sta__server_a_day02_20260519_123043.sh
FactoST_STA/few_shot_10pct/tfb-re_europe_wind_signal_COSMO_long_no_null__MT1V_reduced_38T_1V_power/horizon_144/factost_sta__server_a_day02_20260519_171704.sh,FactoST_STA,few_shot_10pct,tfb-re_europe_wind_signal_COSMO_long_no_null__MT1V_reduced_38T_1V_power,horizon_144,factost_sta__server_a_day02_20260519_171704.sh
FactoST_STA/few_shot_10pct/tfb-re_europe_wind_signal_COSMO_long_no_null__MT1V_reduced_38T_1V_power/horizon_144/factost_sta__server_a_day02_20260520_133059.sh,FactoST_STA,few_shot_10pct,tfb-re_europe_wind_signal_COSMO_long_no_null__MT1V_reduced_38T_1V_power,horizon_144,factost_sta__server_a_day02_20260520_133059.sh
FactoST_STA/few_shot_10pct/tfb-re_europe_wind_signal_COSMO_long_no_null__MT1V_reduced_38T_1V_power/horizon_24/factost_sta__server_a_day02_20260519_112819.sh,FactoST_STA,few_shot_10pct,tfb-re_europe_wind_signal_COSMO_long_no_null__MT1V_reduced_38T_1V_power,horizon_24,factost_sta__server_a_day02_20260519_112819.sh
FactoST_STA/few_shot_10pct/tfb-re_europe_wind_signal_COSMO_long_no_null__MT1V_reduced_38T_1V_power/horizon_24/factost_sta__server_a_day02_20260519_123043.sh,FactoST_STA,few_shot_10pct,tfb-re_europe_wind_signal_COSMO_long_no_null__MT1V_reduced_38T_1V_power,horizon_24,factost_sta__server_a_day02_20260519_123043.sh
FactoST_STA/few_shot_10pct/tfb-re_europe_wind_signal_COSMO_long_no_null__MT1V_reduced_38T_1V_power/horizon_24/factost_sta__server_a_day02_20260519_171704.sh,FactoST_STA,few_shot_10pct,tfb-re_europe_wind_signal_COSMO_long_no_null__MT1V_reduced_38T_1V_power,horizon_24,factost_sta__server_a_day02_20260519_171704.sh
FactoST_STA/few_shot_10pct/tfb-re_europe_wind_signal_COSMO_long_no_null__MT1V_reduced_38T_1V_power/horizon_24/factost_sta__server_a_day02_20260520_133059.sh,FactoST_STA,few_shot_10pct,tfb-re_europe_wind_signal_COSMO_long_no_null__MT1V_reduced_38T_1V_power,horizon_24,factost_sta__server_a_day02_20260520_133059.sh
FactoST_STA/few_shot_10pct/tfb-re_europe_wind_signal_COSMO_long_no_null__MT1V_reduced_38T_1V_power/horizon_72/factost_sta__server_a_day02_20260519_112819.sh,FactoST_STA,few_shot_10pct,tfb-re_europe_wind_signal_COSMO_long_no_null__MT1V_reduced_38T_1V_power,horizon_72,factost_sta__server_a_day02_20260519_112819.sh
FactoST_STA/few_shot_10pct/tfb-re_europe_wind_signal_COSMO_long_no_null__MT1V_reduced_38T_1V_power/horizon_72/factost_sta__server_a_day02_20260519_123043.sh,FactoST_STA,few_shot_10pct,tfb-re_europe_wind_signal_COSMO_long_no_null__MT1V_reduced_38T_1V_power,horizon_72,factost_sta__server_a_day02_20260519_123043.sh
FactoST_STA/few_shot_10pct/tfb-re_europe_wind_signal_COSMO_long_no_null__MT1V_reduced_38T_1V_power/horizon_72/factost_sta__server_a_day02_20260519_171704.sh,FactoST_STA,few_shot_10pct,tfb-re_europe_wind_signal_COSMO_long_no_null__MT1V_reduced_38T_1V_power,horizon_72,factost_sta__server_a_day02_20260519_171704.sh
FactoST_STA/few_shot_10pct/tfb-re_europe_wind_signal_COSMO_long_no_null__MT1V_reduced_38T_1V_power/horizon_72/factost_sta__server_a_day02_20260520_133059.sh,FactoST_STA,few_shot_10pct,tfb-re_europe_wind_signal_COSMO_long_no_null__MT1V_reduced_38T_1V_power,horizon_72,factost_sta__server_a_day02_20260520_133059.sh
FactoST_STA/few_shot_10pct/tfb-re_europe_wind_signal_ECMWF_long_no_null__MT1V_reduced_38T_1V_power/horizon_12/factost_sta.sh,FactoST_STA,few_shot_10pct,tfb-re_europe_wind_signal_ECMWF_long_no_null__MT1V_reduced_38T_1V_power,horizon_12,factost_sta.sh
FactoST_STA/few_shot_10pct/tfb-re_europe_wind_signal_ECMWF_long_no_null__MT1V_reduced_38T_1V_power/horizon_144/factost_sta.sh,FactoST_STA,few_shot_10pct,tfb-re_europe_wind_signal_ECMWF_long_no_null__MT1V_reduced_38T_1V_power,horizon_144,factost_sta.sh
FactoST_STA/few_shot_10pct/tfb-re_europe_wind_signal_ECMWF_long_no_null__MT1V_reduced_38T_1V_power/horizon_24/factost_sta.sh,FactoST_STA,few_shot_10pct,tfb-re_europe_wind_signal_ECMWF_long_no_null__MT1V_reduced_38T_1V_power,horizon_24,factost_sta.sh
FactoST_STA/few_shot_10pct/tfb-re_europe_wind_signal_ECMWF_long_no_null__MT1V_reduced_38T_1V_power/horizon_72/factost_sta.sh,FactoST_STA,few_shot_10pct,tfb-re_europe_wind_signal_ECMWF_long_no_null__MT1V_reduced_38T_1V_power,horizon_72,factost_sta.sh
FactoST_STA/few_shot_10pct/tfb-sdwpf_245days_v1_final_final_cleaned/horizon_12/factost_sta.sh,FactoST_STA,few_shot_10pct,tfb-sdwpf_245days_v1_final_final_cleaned,horizon_12,factost_sta.sh
FactoST_STA/few_shot_10pct/tfb-sdwpf_245days_v1_final_final_cleaned/horizon_144/factost_sta.sh,FactoST_STA,few_shot_10pct,tfb-sdwpf_245days_v1_final_final_cleaned,horizon_144,factost_sta.sh
FactoST_STA/few_shot_10pct/tfb-sdwpf_245days_v1_final_final_cleaned/horizon_24/factost_sta.sh,FactoST_STA,few_shot_10pct,tfb-sdwpf_245days_v1_final_final_cleaned,horizon_24,factost_sta.sh
FactoST_STA/few_shot_10pct/tfb-sdwpf_245days_v1_final_final_cleaned/horizon_72/factost_sta.sh,FactoST_STA,few_shot_10pct,tfb-sdwpf_245days_v1_final_final_cleaned,horizon_72,factost_sta.sh
FactoST_STA/full_shot/tfb-Kelmarsh_filtered_wide__MTMV_reduced_3V_Power_(kW)/horizon_12/factost_sta.sh,FactoST_STA,full_shot,tfb-Kelmarsh_filtered_wide__MTMV_reduced_3V_Power_(kW),horizon_12,factost_sta.sh
FactoST_STA/full_shot/tfb-Kelmarsh_filtered_wide__MTMV_reduced_3V_Power_(kW)/horizon_144/factost_sta.sh,FactoST_STA,full_shot,tfb-Kelmarsh_filtered_wide__MTMV_reduced_3V_Power_(kW),horizon_144,factost_sta.sh
FactoST_STA/full_shot/tfb-Kelmarsh_filtered_wide__MTMV_reduced_3V_Power_(kW)/horizon_24/factost_sta.sh,FactoST_STA,full_shot,tfb-Kelmarsh_filtered_wide__MTMV_reduced_3V_Power_(kW),horizon_24,factost_sta.sh
FactoST_STA/full_shot/tfb-Kelmarsh_filtered_wide__MTMV_reduced_3V_Power_(kW)/horizon_72/factost_sta.sh,FactoST_STA,full_shot,tfb-Kelmarsh_filtered_wide__MTMV_reduced_3V_Power_(kW),horizon_72,factost_sta.sh
FactoST_STA/full_shot/tfb-Penmanshiel_filtered_wide__MTMV_reduced_3V_Power_(kW)__quality_trim_201607_201608_202009_202010/horizon_12/factost_sta.sh,FactoST_STA,full_shot,tfb-Penmanshiel_filtered_wide__MTMV_reduced_3V_Power_(kW)__quality_trim_201607_201608_202009_202010,horizon_12,factost_sta.sh
FactoST_STA/full_shot/tfb-Penmanshiel_filtered_wide__MTMV_reduced_3V_Power_(kW)__quality_trim_201607_201608_202009_202010/horizon_12/factost_sta__icde_missing_all_sheets_day17_gpu5_80g_final2_20260529_20260601_043403.sh,FactoST_STA,full_shot,tfb-Penmanshiel_filtered_wide__MTMV_reduced_3V_Power_(kW)__quality_trim_201607_201608_202009_202010,horizon_12,factost_sta__icde_missing_all_sheets_day17_gpu5_80g_final2_20260529_20260601_043403.sh
FactoST_STA/full_shot/tfb-Penmanshiel_filtered_wide__MTMV_reduced_3V_Power_(kW)__quality_trim_201607_201608_202009_202010/horizon_12/factost_sta__icde_missing_all_sheets_day17_gpu5_80g_final2_20260529_20260604_065156.sh,FactoST_STA,full_shot,tfb-Penmanshiel_filtered_wide__MTMV_reduced_3V_Power_(kW)__quality_trim_201607_201608_202009_202010,horizon_12,factost_sta__icde_missing_all_sheets_day17_gpu5_80g_final2_20260529_20260604_065156.sh
FactoST_STA/full_shot/tfb-Penmanshiel_filtered_wide__MTMV_reduced_3V_Power_(kW)__quality_trim_201607_201608_202009_202010/horizon_12/factost_sta__icde_missing_all_sheets_day17_gpu5_80g_final2_20260529_20260605_173453.sh,FactoST_STA,full_shot,tfb-Penmanshiel_filtered_wide__MTMV_reduced_3V_Power_(kW)__quality_trim_201607_201608_202009_202010,horizon_12,factost_sta__icde_missing_all_sheets_day17_gpu5_80g_final2_20260529_20260605_173453.sh
FactoST_STA/full_shot/tfb-Penmanshiel_filtered_wide__MTMV_reduced_3V_Power_(kW)__quality_trim_201607_201608_202009_202010/horizon_144/factost_sta.sh,FactoST_STA,full_shot,tfb-Penmanshiel_filtered_wide__MTMV_reduced_3V_Power_(kW)__quality_trim_201607_201608_202009_202010,horizon_144,factost_sta.sh
FactoST_STA/full_shot/tfb-Penmanshiel_filtered_wide__MTMV_reduced_3V_Power_(kW)__quality_trim_201607_201608_202009_202010/horizon_144/factost_sta__icde_missing_all_sheets_day17_gpu5_80g_final2_20260529_20260601_043403.sh,FactoST_STA,full_shot,tfb-Penmanshiel_filtered_wide__MTMV_reduced_3V_Power_(kW)__quality_trim_201607_201608_202009_202010,horizon_144,factost_sta__icde_missing_all_sheets_day17_gpu5_80g_final2_20260529_20260601_043403.sh
FactoST_STA/full_shot/tfb-Penmanshiel_filtered_wide__MTMV_reduced_3V_Power_(kW)__quality_trim_201607_201608_202009_202010/horizon_144/factost_sta__icde_missing_all_sheets_day17_gpu5_80g_final2_20260529_20260604_065156.sh,FactoST_STA,full_shot,tfb-Penmanshiel_filtered_wide__MTMV_reduced_3V_Power_(kW)__quality_trim_201607_201608_202009_202010,horizon_144,factost_sta__icde_missing_all_sheets_day17_gpu5_80g_final2_20260529_20260604_065156.sh
FactoST_STA/full_shot/tfb-Penmanshiel_filtered_wide__MTMV_reduced_3V_Power_(kW)__quality_trim_201607_201608_202009_202010/horizon_144/factost_sta__icde_missing_all_sheets_day17_gpu5_80g_final2_20260529_20260605_173453.sh,FactoST_STA,full_shot,tfb-Penmanshiel_filtered_wide__MTMV_reduced_3V_Power_(kW)__quality_trim_201607_201608_202009_202010,horizon_144,factost_sta__icde_missing_all_sheets_day17_gpu5_80g_final2_20260529_20260605_173453.sh
FactoST_STA/full_shot/tfb-Penmanshiel_filtered_wide__MTMV_reduced_3V_Power_(kW)__quality_trim_201607_201608_202009_202010/horizon_24/factost_sta.sh,FactoST_STA,full_shot,tfb-Penmanshiel_filtered_wide__MTMV_reduced_3V_Power_(kW)__quality_trim_201607_201608_202009_202010,horizon_24,factost_sta.sh
FactoST_STA/full_shot/tfb-Penmanshiel_filtered_wide__MTMV_reduced_3V_Power_(kW)__quality_trim_201607_201608_202009_202010/horizon_24/factost_sta__icde_missing_all_sheets_day17_gpu5_80g_final2_20260529_20260601_043403.sh,FactoST_STA,full_shot,tfb-Penmanshiel_filtered_wide__MTMV_reduced_3V_Power_(kW)__quality_trim_201607_201608_202009_202010,horizon_24,factost_sta__icde_missing_all_sheets_day17_gpu5_80g_final2_20260529_20260601_043403.sh
FactoST_STA/full_shot/tfb-Penmanshiel_filtered_wide__MTMV_reduced_3V_Power_(kW)__quality_trim_201607_201608_202009_202010/horizon_24/factost_sta__icde_missing_all_sheets_day17_gpu5_80g_final2_20260529_20260604_065156.sh,FactoST_STA,full_shot,tfb-Penmanshiel_filtered_wide__MTMV_reduced_3V_Power_(kW)__quality_trim_201607_201608_202009_202010,horizon_24,factost_sta__icde_missing_all_sheets_day17_gpu5_80g_final2_20260529_20260604_065156.sh
FactoST_STA/full_shot/tfb-Penmanshiel_filtered_wide__MTMV_reduced_3V_Power_(kW)__quality_trim_201607_201608_202009_202010/horizon_24/factost_sta__icde_missing_all_sheets_day17_gpu5_80g_final2_20260529_20260605_173453.sh,FactoST_STA,full_shot,tfb-Penmanshiel_filtered_wide__MTMV_reduced_3V_Power_(kW)__quality_trim_201607_201608_202009_202010,horizon_24,factost_sta__icde_missing_all_sheets_day17_gpu5_80g_final2_20260529_20260605_173453.sh
FactoST_STA/full_shot/tfb-Penmanshiel_filtered_wide__MTMV_reduced_3V_Power_(kW)__quality_trim_201607_201608_202009_202010/horizon_72/factost_sta.sh,FactoST_STA,full_shot,tfb-Penmanshiel_filtered_wide__MTMV_reduced_3V_Power_(kW)__quality_trim_201607_201608_202009_202010,horizon_72,factost_sta.sh
FactoST_STA/full_shot/tfb-Penmanshiel_filtered_wide__MTMV_reduced_3V_Power_(kW)__quality_trim_201607_201608_202009_202010/horizon_72/factost_sta__icde_missing_all_sheets_day17_gpu5_80g_final2_20260529_20260601_043403.sh,FactoST_STA,full_shot,tfb-Penmanshiel_filtered_wide__MTMV_reduced_3V_Power_(kW)__quality_trim_201607_201608_202009_202010,horizon_72,factost_sta__icde_missing_all_sheets_day17_gpu5_80g_final2_20260529_20260601_043403.sh
FactoST_STA/full_shot/tfb-Penmanshiel_filtered_wide__MTMV_reduced_3V_Power_(kW)__quality_trim_201607_201608_202009_202010/horizon_72/factost_sta__icde_missing_all_sheets_day17_gpu5_80g_final2_20260529_20260604_065156.sh,FactoST_STA,full_shot,tfb-Penmanshiel_filtered_wide__MTMV_reduced_3V_Power_(kW)__quality_trim_201607_201608_202009_202010,horizon_72,factost_sta__icde_missing_all_sheets_day17_gpu5_80g_final2_20260529_20260604_065156.sh
FactoST_STA/full_shot/tfb-Penmanshiel_filtered_wide__MTMV_reduced_3V_Power_(kW)__quality_trim_201607_201608_202009_202010/horizon_72/factost_sta__icde_missing_all_sheets_day17_gpu5_80g_final2_20260529_20260605_173453.sh,FactoST_STA,full_shot,tfb-Penmanshiel_filtered_wide__MTMV_reduced_3V_Power_(kW)__quality_trim_201607_201608_202009_202010,horizon_72,factost_sta__icde_missing_all_sheets_day17_gpu5_80g_final2_20260529_20260605_173453.sh
FactoST_STA/full_shot/tfb-UEBB_panel_wide_filled__MTMV_reduced_3V_active_power_total/horizon_12/factost_sta.sh,FactoST_STA,full_shot,tfb-UEBB_panel_wide_filled__MTMV_reduced_3V_active_power_total,horizon_12,factost_sta.sh
FactoST_STA/full_shot/tfb-UEBB_panel_wide_filled__MTMV_reduced_3V_active_power_total/horizon_144/factost_sta.sh,FactoST_STA,full_shot,tfb-UEBB_panel_wide_filled__MTMV_reduced_3V_active_power_total,horizon_144,factost_sta.sh
FactoST_STA/full_shot/tfb-UEBB_panel_wide_filled__MTMV_reduced_3V_active_power_total/horizon_24/factost_sta.sh,FactoST_STA,full_shot,tfb-UEBB_panel_wide_filled__MTMV_reduced_3V_active_power_total,horizon_24,factost_sta.sh
FactoST_STA/full_shot/tfb-UEBB_panel_wide_filled__MTMV_reduced_3V_active_power_total/horizon_72/factost_sta.sh,FactoST_STA,full_shot,tfb-UEBB_panel_wide_filled__MTMV_reduced_3V_active_power_total,horizon_72,factost_sta.sh
FactoST_STA/full_shot/tfb-UEPS_panel_wide_filled__MTMV_reduced_3V_active_power_total/horizon_12/factost_sta.sh,FactoST_STA,full_shot,tfb-UEPS_panel_wide_filled__MTMV_reduced_3V_active_power_total,horizon_12,factost_sta.sh
FactoST_STA/full_shot/tfb-UEPS_panel_wide_filled__MTMV_reduced_3V_active_power_total/horizon_144/factost_sta.sh,FactoST_STA,full_shot,tfb-UEPS_panel_wide_filled__MTMV_reduced_3V_active_power_total,horizon_144,factost_sta.sh
FactoST_STA/full_shot/tfb-UEPS_panel_wide_filled__MTMV_reduced_3V_active_power_total/horizon_24/factost_sta.sh,FactoST_STA,full_shot,tfb-UEPS_panel_wide_filled__MTMV_reduced_3V_active_power_total,horizon_24,factost_sta.sh
FactoST_STA/full_shot/tfb-UEPS_panel_wide_filled__MTMV_reduced_3V_active_power_total/horizon_72/factost_sta.sh,FactoST_STA,full_shot,tfb-UEPS_panel_wide_filled__MTMV_reduced_3V_active_power_total,horizon_72,factost_sta.sh
FactoST_STA/full_shot/tfb-Wind_Farm_C_filtered_wide_long_fixed__MT1V_reduced_1V_windpower/horizon_12/factost_sta.sh,FactoST_STA,full_shot,tfb-Wind_Farm_C_filtered_wide_long_fixed__MT1V_reduced_1V_windpower,horizon_12,factost_sta.sh
FactoST_STA/full_shot/tfb-Wind_Farm_C_filtered_wide_long_fixed__MT1V_reduced_1V_windpower/horizon_144/factost_sta.sh,FactoST_STA,full_shot,tfb-Wind_Farm_C_filtered_wide_long_fixed__MT1V_reduced_1V_windpower,horizon_144,factost_sta.sh
FactoST_STA/full_shot/tfb-Wind_Farm_C_filtered_wide_long_fixed__MT1V_reduced_1V_windpower/horizon_24/factost_sta.sh,FactoST_STA,full_shot,tfb-Wind_Farm_C_filtered_wide_long_fixed__MT1V_reduced_1V_windpower,horizon_24,factost_sta.sh
FactoST_STA/full_shot/tfb-Wind_Farm_C_filtered_wide_long_fixed__MT1V_reduced_1V_windpower/horizon_72/factost_sta.sh,FactoST_STA,full_shot,tfb-Wind_Farm_C_filtered_wide_long_fixed__MT1V_reduced_1V_windpower,horizon_72,factost_sta.sh
FactoST_STA/full_shot/tfb-aemo/horizon_12/factost_sta.sh,FactoST_STA,full_shot,tfb-aemo,horizon_12,factost_sta.sh
FactoST_STA/full_shot/tfb-aemo/horizon_144/factost_sta.sh,FactoST_STA,full_shot,tfb-aemo,horizon_144,factost_sta.sh
FactoST_STA/full_shot/tfb-aemo/horizon_24/factost_sta.sh,FactoST_STA,full_shot,tfb-aemo,horizon_24,factost_sta.sh
FactoST_STA/full_shot/tfb-aemo/horizon_72/factost_sta.sh,FactoST_STA,full_shot,tfb-aemo,horizon_72,factost_sta.sh
FactoST_STA/full_shot/tfb-gefcom2012/horizon_12/factost_sta.sh,FactoST_STA,full_shot,tfb-gefcom2012,horizon_12,factost_sta.sh
FactoST_STA/full_shot/tfb-gefcom2012/horizon_144/factost_sta.sh,FactoST_STA,full_shot,tfb-gefcom2012,horizon_144,factost_sta.sh
FactoST_STA/full_shot/tfb-gefcom2012/horizon_24/factost_sta.sh,FactoST_STA,full_shot,tfb-gefcom2012,horizon_24,factost_sta.sh
FactoST_STA/full_shot/tfb-gefcom2012/horizon_72/factost_sta.sh,FactoST_STA,full_shot,tfb-gefcom2012,horizon_72,factost_sta.sh
FactoST_STA/full_shot/tfb-gefcom2014/horizon_12/factost_sta.sh,FactoST_STA,full_shot,tfb-gefcom2014,horizon_12,factost_sta.sh
FactoST_STA/full_shot/tfb-gefcom2014/horizon_144/factost_sta.sh,FactoST_STA,full_shot,tfb-gefcom2014,horizon_144,factost_sta.sh
FactoST_STA/full_shot/tfb-gefcom2014/horizon_24/factost_sta.sh,FactoST_STA,full_shot,tfb-gefcom2014,horizon_24,factost_sta.sh
FactoST_STA/full_shot/tfb-gefcom2014/horizon_72/factost_sta.sh,FactoST_STA,full_shot,tfb-gefcom2014,horizon_72,factost_sta.sh
FactoST_STA/full_shot/tfb-re_europe_wind_signal_COSMO_long_no_null__MT1V_reduced_38T_1V_power/horizon_12/factost_sta__server_a_day02_20260519_123043.sh,FactoST_STA,full_shot,tfb-re_europe_wind_signal_COSMO_long_no_null__MT1V_reduced_38T_1V_power,horizon_12,factost_sta__server_a_day02_20260519_123043.sh
FactoST_STA/full_shot/tfb-re_europe_wind_signal_COSMO_long_no_null__MT1V_reduced_38T_1V_power/horizon_12/factost_sta__server_a_day02_20260519_171704.sh,FactoST_STA,full_shot,tfb-re_europe_wind_signal_COSMO_long_no_null__MT1V_reduced_38T_1V_power,horizon_12,factost_sta__server_a_day02_20260519_171704.sh
FactoST_STA/full_shot/tfb-re_europe_wind_signal_COSMO_long_no_null__MT1V_reduced_38T_1V_power/horizon_12/factost_sta__server_a_day02_20260520_133059.sh,FactoST_STA,full_shot,tfb-re_europe_wind_signal_COSMO_long_no_null__MT1V_reduced_38T_1V_power,horizon_12,factost_sta__server_a_day02_20260520_133059.sh
FactoST_STA/full_shot/tfb-re_europe_wind_signal_COSMO_long_no_null__MT1V_reduced_38T_1V_power/horizon_144/factost_sta__server_a_day02_20260519_123043.sh,FactoST_STA,full_shot,tfb-re_europe_wind_signal_COSMO_long_no_null__MT1V_reduced_38T_1V_power,horizon_144,factost_sta__server_a_day02_20260519_123043.sh
FactoST_STA/full_shot/tfb-re_europe_wind_signal_COSMO_long_no_null__MT1V_reduced_38T_1V_power/horizon_144/factost_sta__server_a_day02_20260519_171704.sh,FactoST_STA,full_shot,tfb-re_europe_wind_signal_COSMO_long_no_null__MT1V_reduced_38T_1V_power,horizon_144,factost_sta__server_a_day02_20260519_171704.sh
FactoST_STA/full_shot/tfb-re_europe_wind_signal_COSMO_long_no_null__MT1V_reduced_38T_1V_power/horizon_144/factost_sta__server_a_day02_20260520_133059.sh,FactoST_STA,full_shot,tfb-re_europe_wind_signal_COSMO_long_no_null__MT1V_reduced_38T_1V_power,horizon_144,factost_sta__server_a_day02_20260520_133059.sh
FactoST_STA/full_shot/tfb-re_europe_wind_signal_COSMO_long_no_null__MT1V_reduced_38T_1V_power/horizon_24/factost_sta__server_a_day02_20260519_123043.sh,FactoST_STA,full_shot,tfb-re_europe_wind_signal_COSMO_long_no_null__MT1V_reduced_38T_1V_power,horizon_24,factost_sta__server_a_day02_20260519_123043.sh
FactoST_STA/full_shot/tfb-re_europe_wind_signal_COSMO_long_no_null__MT1V_reduced_38T_1V_power/horizon_24/factost_sta__server_a_day02_20260519_171704.sh,FactoST_STA,full_shot,tfb-re_europe_wind_signal_COSMO_long_no_null__MT1V_reduced_38T_1V_power,horizon_24,factost_sta__server_a_day02_20260519_171704.sh
FactoST_STA/full_shot/tfb-re_europe_wind_signal_COSMO_long_no_null__MT1V_reduced_38T_1V_power/horizon_24/factost_sta__server_a_day02_20260520_133059.sh,FactoST_STA,full_shot,tfb-re_europe_wind_signal_COSMO_long_no_null__MT1V_reduced_38T_1V_power,horizon_24,factost_sta__server_a_day02_20260520_133059.sh
FactoST_STA/full_shot/tfb-re_europe_wind_signal_COSMO_long_no_null__MT1V_reduced_38T_1V_power/horizon_72/factost_sta__server_a_day02_20260519_123043.sh,FactoST_STA,full_shot,tfb-re_europe_wind_signal_COSMO_long_no_null__MT1V_reduced_38T_1V_power,horizon_72,factost_sta__server_a_day02_20260519_123043.sh
FactoST_STA/full_shot/tfb-re_europe_wind_signal_COSMO_long_no_null__MT1V_reduced_38T_1V_power/horizon_72/factost_sta__server_a_day02_20260519_171704.sh,FactoST_STA,full_shot,tfb-re_europe_wind_signal_COSMO_long_no_null__MT1V_reduced_38T_1V_power,horizon_72,factost_sta__server_a_day02_20260519_171704.sh
FactoST_STA/full_shot/tfb-re_europe_wind_signal_COSMO_long_no_null__MT1V_reduced_38T_1V_power/horizon_72/factost_sta__server_a_day02_20260520_133059.sh,FactoST_STA,full_shot,tfb-re_europe_wind_signal_COSMO_long_no_null__MT1V_reduced_38T_1V_power,horizon_72,factost_sta__server_a_day02_20260520_133059.sh
FactoST_STA/full_shot/tfb-re_europe_wind_signal_ECMWF_long_no_null__MT1V_reduced_38T_1V_power/horizon_12/factost_sta.sh,FactoST_STA,full_shot,tfb-re_europe_wind_signal_ECMWF_long_no_null__MT1V_reduced_38T_1V_power,horizon_12,factost_sta.sh
FactoST_STA/full_shot/tfb-re_europe_wind_signal_ECMWF_long_no_null__MT1V_reduced_38T_1V_power/horizon_144/factost_sta.sh,FactoST_STA,full_shot,tfb-re_europe_wind_signal_ECMWF_long_no_null__MT1V_reduced_38T_1V_power,horizon_144,factost_sta.sh
FactoST_STA/full_shot/tfb-re_europe_wind_signal_ECMWF_long_no_null__MT1V_reduced_38T_1V_power/horizon_24/factost_sta.sh,FactoST_STA,full_shot,tfb-re_europe_wind_signal_ECMWF_long_no_null__MT1V_reduced_38T_1V_power,horizon_24,factost_sta.sh
FactoST_STA/full_shot/tfb-re_europe_wind_signal_ECMWF_long_no_null__MT1V_reduced_38T_1V_power/horizon_72/factost_sta.sh,FactoST_STA,full_shot,tfb-re_europe_wind_signal_ECMWF_long_no_null__MT1V_reduced_38T_1V_power,horizon_72,factost_sta.sh
FactoST_STA/full_shot/tfb-sdwpf_245days_v1_final_final_cleaned/horizon_12/factost_sta.sh,FactoST_STA,full_shot,tfb-sdwpf_245days_v1_final_final_cleaned,horizon_12,factost_sta.sh
FactoST_STA/full_shot/tfb-sdwpf_245days_v1_final_final_cleaned/horizon_144/factost_sta.sh,FactoST_STA,full_shot,tfb-sdwpf_245days_v1_final_final_cleaned,horizon_144,factost_sta.sh
FactoST_STA/full_shot/tfb-sdwpf_245days_v1_final_final_cleaned/horizon_24/factost_sta.sh,FactoST_STA,full_shot,tfb-sdwpf_245days_v1_final_final_cleaned,horizon_24,factost_sta.sh
FactoST_STA/full_shot/tfb-sdwpf_245days_v1_final_final_cleaned/horizon_72/factost_sta.sh,FactoST_STA,full_shot,tfb-sdwpf_245days_v1_final_final_cleaned,horizon_72,factost_sta.sh
FactoST_STA/zero_shot/tfb-Kelmarsh_filtered_wide__MTMV_reduced_3V_Power_(kW)/zero_shot_all_horizons.sh,FactoST_STA,zero_shot,tfb-Kelmarsh_filtered_wide__MTMV_reduced_3V_Power_(kW),,zero_shot_all_horizons.sh
FactoST_STA/zero_shot/tfb-Penmanshiel_filtered_wide__MTMV_reduced_3V_Power_(kW)__quality_trim_201607_201608_202009_202010/horizon_12/zero_shot_all_horizons.sh,FactoST_STA,zero_shot,tfb-Penmanshiel_filtered_wide__MTMV_reduced_3V_Power_(kW)__quality_trim_201607_201608_202009_202010,horizon_12,zero_shot_all_horizons.sh
FactoST_STA/zero_shot/tfb-Penmanshiel_filtered_wide__MTMV_reduced_3V_Power_(kW)__quality_trim_201607_201608_202009_202010/horizon_144/zero_shot_all_horizons.sh,FactoST_STA,zero_shot,tfb-Penmanshiel_filtered_wide__MTMV_reduced_3V_Power_(kW)__quality_trim_201607_201608_202009_202010,horizon_144,zero_shot_all_horizons.sh
FactoST_STA/zero_shot/tfb-Penmanshiel_filtered_wide__MTMV_reduced_3V_Power_(kW)__quality_trim_201607_201608_202009_202010/horizon_24/zero_shot_all_horizons.sh,FactoST_STA,zero_shot,tfb-Penmanshiel_filtered_wide__MTMV_reduced_3V_Power_(kW)__quality_trim_201607_201608_202009_202010,horizon_24,zero_shot_all_horizons.sh
FactoST_STA/zero_shot/tfb-Penmanshiel_filtered_wide__MTMV_reduced_3V_Power_(kW)__quality_trim_201607_201608_202009_202010/horizon_72/zero_shot_all_horizons.sh,FactoST_STA,zero_shot,tfb-Penmanshiel_filtered_wide__MTMV_reduced_3V_Power_(kW)__quality_trim_201607_201608_202009_202010,horizon_72,zero_shot_all_horizons.sh
FactoST_STA/zero_shot/tfb-UEBB_panel_wide_filled__MTMV_reduced_3V_active_power_total/zero_shot_all_horizons.sh,FactoST_STA,zero_shot,tfb-UEBB_panel_wide_filled__MTMV_reduced_3V_active_power_total,,zero_shot_all_horizons.sh
FactoST_STA/zero_shot/tfb-UEPS_panel_wide_filled__MTMV_reduced_3V_active_power_total/zero_shot_all_horizons.sh,FactoST_STA,zero_shot,tfb-UEPS_panel_wide_filled__MTMV_reduced_3V_active_power_total,,zero_shot_all_horizons.sh
FactoST_STA/zero_shot/tfb-Wind farm site 1 (Nominal capacity-99MW)_final/horizon_12/zero_shot_all_horizons.sh,FactoST_STA,zero_shot,tfb-Wind farm site 1 (Nominal capacity-99MW)_final,horizon_12,zero_shot_all_horizons.sh
FactoST_STA/zero_shot/tfb-Wind farm site 1 (Nominal capacity-99MW)_final/horizon_144/zero_shot_all_horizons.sh,FactoST_STA,zero_shot,tfb-Wind farm site 1 (Nominal capacity-99MW)_final,horizon_144,zero_shot_all_horizons.sh
FactoST_STA/zero_shot/tfb-Wind farm site 1 (Nominal capacity-99MW)_final/horizon_24/zero_shot_all_horizons.sh,FactoST_STA,zero_shot,tfb-Wind farm site 1 (Nominal capacity-99MW)_final,horizon_24,zero_shot_all_horizons.sh
FactoST_STA/zero_shot/tfb-Wind farm site 1 (Nominal capacity-99MW)_final/horizon_72/zero_shot_all_horizons.sh,FactoST_STA,zero_shot,tfb-Wind farm site 1 (Nominal capacity-99MW)_final,horizon_72,zero_shot_all_horizons.sh
FactoST_STA/zero_shot/tfb-Wind farm site 2 (Nominal capacity-200MW)_final/horizon_12/zero_shot_all_horizons.sh,FactoST_STA,zero_shot,tfb-Wind farm site 2 (Nominal capacity-200MW)_final,horizon_12,zero_shot_all_horizons.sh
FactoST_STA/zero_shot/tfb-Wind farm site 2 (Nominal capacity-200MW)_final/horizon_144/zero_shot_all_horizons.sh,FactoST_STA,zero_shot,tfb-Wind farm site 2 (Nominal capacity-200MW)_final,horizon_144,zero_shot_all_horizons.sh
FactoST_STA/zero_shot/tfb-Wind farm site 2 (Nominal capacity-200MW)_final/horizon_24/zero_shot_all_horizons.sh,FactoST_STA,zero_shot,tfb-Wind farm site 2 (Nominal capacity-200MW)_final,horizon_24,zero_shot_all_horizons.sh
FactoST_STA/zero_shot/tfb-Wind farm site 2 (Nominal capacity-200MW)_final/horizon_72/zero_shot_all_horizons.sh,FactoST_STA,zero_shot,tfb-Wind farm site 2 (Nominal capacity-200MW)_final,horizon_72,zero_shot_all_horizons.sh
FactoST_STA/zero_shot/tfb-Wind farm site 3 (Nominal capacity-99MW)_final/horizon_12/zero_shot_all_horizons.sh,FactoST_STA,zero_shot,tfb-Wind farm site 3 (Nominal capacity-99MW)_final,horizon_12,zero_shot_all_horizons.sh
FactoST_STA/zero_shot/tfb-Wind farm site 3 (Nominal capacity-99MW)_final/horizon_144/zero_shot_all_horizons.sh,FactoST_STA,zero_shot,tfb-Wind farm site 3 (Nominal capacity-99MW)_final,horizon_144,zero_shot_all_horizons.sh
FactoST_STA/zero_shot/tfb-Wind farm site 3 (Nominal capacity-99MW)_final/horizon_24/zero_shot_all_horizons.sh,FactoST_STA,zero_shot,tfb-Wind farm site 3 (Nominal capacity-99MW)_final,horizon_24,zero_shot_all_horizons.sh
FactoST_STA/zero_shot/tfb-Wind farm site 3 (Nominal capacity-99MW)_final/horizon_72/zero_shot_all_horizons.sh,FactoST_STA,zero_shot,tfb-Wind farm site 3 (Nominal capacity-99MW)_final,horizon_72,zero_shot_all_horizons.sh
FactoST_STA/zero_shot/tfb-Wind farm site 4 (Nominal capacity-66MW)_final/horizon_12/zero_shot_all_horizons.sh,FactoST_STA,zero_shot,tfb-Wind farm site 4 (Nominal capacity-66MW)_final,horizon_12,zero_shot_all_horizons.sh
FactoST_STA/zero_shot/tfb-Wind farm site 4 (Nominal capacity-66MW)_final/horizon_144/zero_shot_all_horizons.sh,FactoST_STA,zero_shot,tfb-Wind farm site 4 (Nominal capacity-66MW)_final,horizon_144,zero_shot_all_horizons.sh
FactoST_STA/zero_shot/tfb-Wind farm site 4 (Nominal capacity-66MW)_final/horizon_24/zero_shot_all_horizons.sh,FactoST_STA,zero_shot,tfb-Wind farm site 4 (Nominal capacity-66MW)_final,horizon_24,zero_shot_all_horizons.sh
FactoST_STA/zero_shot/tfb-Wind farm site 4 (Nominal capacity-66MW)_final/horizon_72/zero_shot_all_horizons.sh,FactoST_STA,zero_shot,tfb-Wind farm site 4 (Nominal capacity-66MW)_final,horizon_72,zero_shot_all_horizons.sh
FactoST_STA/zero_shot/tfb-Wind farm site 6 (Nominal capacity-96MW)_final/horizon_12/zero_shot_all_horizons.sh,FactoST_STA,zero_shot,tfb-Wind farm site 6 (Nominal capacity-96MW)_final,horizon_12,zero_shot_all_horizons.sh
FactoST_STA/zero_shot/tfb-Wind farm site 6 (Nominal capacity-96MW)_final/horizon_144/zero_shot_all_horizons.sh,FactoST_STA,zero_shot,tfb-Wind farm site 6 (Nominal capacity-96MW)_final,horizon_144,zero_shot_all_horizons.sh
FactoST_STA/zero_shot/tfb-Wind farm site 6 (Nominal capacity-96MW)_final/horizon_24/zero_shot_all_horizons.sh,FactoST_STA,zero_shot,tfb-Wind farm site 6 (Nominal capacity-96MW)_final,horizon_24,zero_shot_all_horizons.sh
FactoST_STA/zero_shot/tfb-Wind farm site 6 (Nominal capacity-96MW)_final/horizon_72/zero_shot_all_horizons.sh,FactoST_STA,zero_shot,tfb-Wind farm site 6 (Nominal capacity-96MW)_final,horizon_72,zero_shot_all_horizons.sh
FactoST_STA/zero_shot/tfb-Wind_Farm_A_filtered_wide_long_fixed__1T1V_reduced_1T_1V_windpower/horizon_12/zero_shot_all_horizons.sh,FactoST_STA,zero_shot,tfb-Wind_Farm_A_filtered_wide_long_fixed__1T1V_reduced_1T_1V_windpower,horizon_12,zero_shot_all_horizons.sh
FactoST_STA/zero_shot/tfb-Wind_Farm_A_filtered_wide_long_fixed__1T1V_reduced_1T_1V_windpower/horizon_144/zero_shot_all_horizons.sh,FactoST_STA,zero_shot,tfb-Wind_Farm_A_filtered_wide_long_fixed__1T1V_reduced_1T_1V_windpower,horizon_144,zero_shot_all_horizons.sh
FactoST_STA/zero_shot/tfb-Wind_Farm_A_filtered_wide_long_fixed__1T1V_reduced_1T_1V_windpower/horizon_24/zero_shot_all_horizons.sh,FactoST_STA,zero_shot,tfb-Wind_Farm_A_filtered_wide_long_fixed__1T1V_reduced_1T_1V_windpower,horizon_24,zero_shot_all_horizons.sh
FactoST_STA/zero_shot/tfb-Wind_Farm_A_filtered_wide_long_fixed__1T1V_reduced_1T_1V_windpower/horizon_72/zero_shot_all_horizons.sh,FactoST_STA,zero_shot,tfb-Wind_Farm_A_filtered_wide_long_fixed__1T1V_reduced_1T_1V_windpower,horizon_72,zero_shot_all_horizons.sh
FactoST_STA/zero_shot/tfb-Wind_Farm_B_filtered_wide_long_fixed__1T1V_reduced_1T_1V_windpower/horizon_12/zero_shot_all_horizons.sh,FactoST_STA,zero_shot,tfb-Wind_Farm_B_filtered_wide_long_fixed__1T1V_reduced_1T_1V_windpower,horizon_12,zero_shot_all_horizons.sh
FactoST_STA/zero_shot/tfb-Wind_Farm_B_filtered_wide_long_fixed__1T1V_reduced_1T_1V_windpower/horizon_144/zero_shot_all_horizons.sh,FactoST_STA,zero_shot,tfb-Wind_Farm_B_filtered_wide_long_fixed__1T1V_reduced_1T_1V_windpower,horizon_144,zero_shot_all_horizons.sh
FactoST_STA/zero_shot/tfb-Wind_Farm_B_filtered_wide_long_fixed__1T1V_reduced_1T_1V_windpower/horizon_24/zero_shot_all_horizons.sh,FactoST_STA,zero_shot,tfb-Wind_Farm_B_filtered_wide_long_fixed__1T1V_reduced_1T_1V_windpower,horizon_24,zero_shot_all_horizons.sh
FactoST_STA/zero_shot/tfb-Wind_Farm_B_filtered_wide_long_fixed__1T1V_reduced_1T_1V_windpower/horizon_72/zero_shot_all_horizons.sh,FactoST_STA,zero_shot,tfb-Wind_Farm_B_filtered_wide_long_fixed__1T1V_reduced_1T_1V_windpower,horizon_72,zero_shot_all_horizons.sh
FactoST_STA/zero_shot/tfb-Wind_Farm_C_filtered_wide_long_fixed__MT1V_reduced_1V_windpower/horizon_12/zero_shot_all_horizons.sh,FactoST_STA,zero_shot,tfb-Wind_Farm_C_filtered_wide_long_fixed__MT1V_reduced_1V_windpower,horizon_12,zero_shot_all_horizons.sh
FactoST_STA/zero_shot/tfb-Wind_Farm_C_filtered_wide_long_fixed__MT1V_reduced_1V_windpower/horizon_144/zero_shot_all_horizons.sh,FactoST_STA,zero_shot,tfb-Wind_Farm_C_filtered_wide_long_fixed__MT1V_reduced_1V_windpower,horizon_144,zero_shot_all_horizons.sh
FactoST_STA/zero_shot/tfb-Wind_Farm_C_filtered_wide_long_fixed__MT1V_reduced_1V_windpower/horizon_24/zero_shot_all_horizons.sh,FactoST_STA,zero_shot,tfb-Wind_Farm_C_filtered_wide_long_fixed__MT1V_reduced_1V_windpower,horizon_24,zero_shot_all_horizons.sh
FactoST_STA/zero_shot/tfb-Wind_Farm_C_filtered_wide_long_fixed__MT1V_reduced_1V_windpower/horizon_72/zero_shot_all_horizons.sh,FactoST_STA,zero_shot,tfb-Wind_Farm_C_filtered_wide_long_fixed__MT1V_reduced_1V_windpower,horizon_72,zero_shot_all_horizons.sh
FactoST_STA/zero_shot/tfb-aemo/horizon_12/zero_shot_all_horizons.sh,FactoST_STA,zero_shot,tfb-aemo,horizon_12,zero_shot_all_horizons.sh
FactoST_STA/zero_shot/tfb-aemo/horizon_144/zero_shot_all_horizons.sh,FactoST_STA,zero_shot,tfb-aemo,horizon_144,zero_shot_all_horizons.sh
FactoST_STA/zero_shot/tfb-aemo/horizon_24/zero_shot_all_horizons.sh,FactoST_STA,zero_shot,tfb-aemo,horizon_24,zero_shot_all_horizons.sh
FactoST_STA/zero_shot/tfb-aemo/horizon_72/zero_shot_all_horizons.sh,FactoST_STA,zero_shot,tfb-aemo,horizon_72,zero_shot_all_horizons.sh
FactoST_STA/zero_shot/tfb-chalmers_merged_processed_data_fixed_combined__1T1V_reduced_1min_1T_1V_power/horizon_12/zero_shot_all_horizons.sh,FactoST_STA,zero_shot,tfb-chalmers_merged_processed_data_fixed_combined__1T1V_reduced_1min_1T_1V_power,horizon_12,zero_shot_all_horizons.sh
FactoST_STA/zero_shot/tfb-chalmers_merged_processed_data_fixed_combined__1T1V_reduced_1min_1T_1V_power/horizon_144/zero_shot_all_horizons.sh,FactoST_STA,zero_shot,tfb-chalmers_merged_processed_data_fixed_combined__1T1V_reduced_1min_1T_1V_power,horizon_144,zero_shot_all_horizons.sh
FactoST_STA/zero_shot/tfb-chalmers_merged_processed_data_fixed_combined__1T1V_reduced_1min_1T_1V_power/horizon_24/zero_shot_all_horizons.sh,FactoST_STA,zero_shot,tfb-chalmers_merged_processed_data_fixed_combined__1T1V_reduced_1min_1T_1V_power,horizon_24,zero_shot_all_horizons.sh
FactoST_STA/zero_shot/tfb-chalmers_merged_processed_data_fixed_combined__1T1V_reduced_1min_1T_1V_power/horizon_72/zero_shot_all_horizons.sh,FactoST_STA,zero_shot,tfb-chalmers_merged_processed_data_fixed_combined__1T1V_reduced_1min_1T_1V_power,horizon_72,zero_shot_all_horizons.sh
FactoST_STA/zero_shot/tfb-gefcom2012/horizon_12/zero_shot_all_horizons.sh,FactoST_STA,zero_shot,tfb-gefcom2012,horizon_12,zero_shot_all_horizons.sh
FactoST_STA/zero_shot/tfb-gefcom2012/horizon_144/zero_shot_all_horizons.sh,FactoST_STA,zero_shot,tfb-gefcom2012,horizon_144,zero_shot_all_horizons.sh
FactoST_STA/zero_shot/tfb-gefcom2012/horizon_24/zero_shot_all_horizons.sh,FactoST_STA,zero_shot,tfb-gefcom2012,horizon_24,zero_shot_all_horizons.sh
FactoST_STA/zero_shot/tfb-gefcom2012/horizon_72/zero_shot_all_horizons.sh,FactoST_STA,zero_shot,tfb-gefcom2012,horizon_72,zero_shot_all_horizons.sh
FactoST_STA/zero_shot/tfb-gefcom2014/horizon_12/zero_shot_all_horizons.sh,FactoST_STA,zero_shot,tfb-gefcom2014,horizon_12,zero_shot_all_horizons.sh
FactoST_STA/zero_shot/tfb-gefcom2014/horizon_144/zero_shot_all_horizons.sh,FactoST_STA,zero_shot,tfb-gefcom2014,horizon_144,zero_shot_all_horizons.sh
FactoST_STA/zero_shot/tfb-gefcom2014/horizon_24/zero_shot_all_horizons.sh,FactoST_STA,zero_shot,tfb-gefcom2014,horizon_24,zero_shot_all_horizons.sh
FactoST_STA/zero_shot/tfb-gefcom2014/horizon_72/zero_shot_all_horizons.sh,FactoST_STA,zero_shot,tfb-gefcom2014,horizon_72,zero_shot_all_horizons.sh
FactoST_STA/zero_shot/tfb-kaggle1_final_benchmark_v3_ready_no_turbinestatus/horizon_12/zero_shot_all_horizons.sh,FactoST_STA,zero_shot,tfb-kaggle1_final_benchmark_v3_ready_no_turbinestatus,horizon_12,zero_shot_all_horizons.sh
FactoST_STA/zero_shot/tfb-kaggle1_final_benchmark_v3_ready_no_turbinestatus/horizon_144/zero_shot_all_horizons.sh,FactoST_STA,zero_shot,tfb-kaggle1_final_benchmark_v3_ready_no_turbinestatus,horizon_144,zero_shot_all_horizons.sh
FactoST_STA/zero_shot/tfb-kaggle1_final_benchmark_v3_ready_no_turbinestatus/horizon_24/zero_shot_all_horizons.sh,FactoST_STA,zero_shot,tfb-kaggle1_final_benchmark_v3_ready_no_turbinestatus,horizon_24,zero_shot_all_horizons.sh
FactoST_STA/zero_shot/tfb-kaggle1_final_benchmark_v3_ready_no_turbinestatus/horizon_72/zero_shot_all_horizons.sh,FactoST_STA,zero_shot,tfb-kaggle1_final_benchmark_v3_ready_no_turbinestatus,horizon_72,zero_shot_all_horizons.sh
FactoST_STA/zero_shot/tfb-maelstrom_turbine_1_univariate/horizon_12/zero_shot_all_horizons.sh,FactoST_STA,zero_shot,tfb-maelstrom_turbine_1_univariate,horizon_12,zero_shot_all_horizons.sh
FactoST_STA/zero_shot/tfb-maelstrom_turbine_1_univariate/horizon_144/zero_shot_all_horizons.sh,FactoST_STA,zero_shot,tfb-maelstrom_turbine_1_univariate,horizon_144,zero_shot_all_horizons.sh
FactoST_STA/zero_shot/tfb-maelstrom_turbine_1_univariate/horizon_24/zero_shot_all_horizons.sh,FactoST_STA,zero_shot,tfb-maelstrom_turbine_1_univariate,horizon_24,zero_shot_all_horizons.sh
FactoST_STA/zero_shot/tfb-maelstrom_turbine_1_univariate/horizon_72/zero_shot_all_horizons.sh,FactoST_STA,zero_shot,tfb-maelstrom_turbine_1_univariate,horizon_72,zero_shot_all_horizons.sh
FactoST_STA/zero_shot/tfb-maelstrom_turbine_2_univariate/horizon_12/zero_shot_all_horizons.sh,FactoST_STA,zero_shot,tfb-maelstrom_turbine_2_univariate,horizon_12,zero_shot_all_horizons.sh
FactoST_STA/zero_shot/tfb-maelstrom_turbine_2_univariate/horizon_144/zero_shot_all_horizons.sh,FactoST_STA,zero_shot,tfb-maelstrom_turbine_2_univariate,horizon_144,zero_shot_all_horizons.sh
FactoST_STA/zero_shot/tfb-maelstrom_turbine_2_univariate/horizon_24/zero_shot_all_horizons.sh,FactoST_STA,zero_shot,tfb-maelstrom_turbine_2_univariate,horizon_24,zero_shot_all_horizons.sh
FactoST_STA/zero_shot/tfb-maelstrom_turbine_2_univariate/horizon_72/zero_shot_all_horizons.sh,FactoST_STA,zero_shot,tfb-maelstrom_turbine_2_univariate,horizon_72,zero_shot_all_horizons.sh
FactoST_STA/zero_shot/tfb-maelstrom_turbine_3_univariate/horizon_12/zero_shot_all_horizons.sh,FactoST_STA,zero_shot,tfb-maelstrom_turbine_3_univariate,horizon_12,zero_shot_all_horizons.sh
FactoST_STA/zero_shot/tfb-maelstrom_turbine_3_univariate/horizon_144/zero_shot_all_horizons.sh,FactoST_STA,zero_shot,tfb-maelstrom_turbine_3_univariate,horizon_144,zero_shot_all_horizons.sh
FactoST_STA/zero_shot/tfb-maelstrom_turbine_3_univariate/horizon_24/zero_shot_all_horizons.sh,FactoST_STA,zero_shot,tfb-maelstrom_turbine_3_univariate,horizon_24,zero_shot_all_horizons.sh
FactoST_STA/zero_shot/tfb-maelstrom_turbine_3_univariate/horizon_72/zero_shot_all_horizons.sh,FactoST_STA,zero_shot,tfb-maelstrom_turbine_3_univariate,horizon_72,zero_shot_all_horizons.sh
FactoST_STA/zero_shot/tfb-maelstrom_turbine_4_univariate/horizon_12/zero_shot_all_horizons.sh,FactoST_STA,zero_shot,tfb-maelstrom_turbine_4_univariate,horizon_12,zero_shot_all_horizons.sh
FactoST_STA/zero_shot/tfb-maelstrom_turbine_4_univariate/horizon_144/zero_shot_all_horizons.sh,FactoST_STA,zero_shot,tfb-maelstrom_turbine_4_univariate,horizon_144,zero_shot_all_horizons.sh
FactoST_STA/zero_shot/tfb-maelstrom_turbine_4_univariate/horizon_24/zero_shot_all_horizons.sh,FactoST_STA,zero_shot,tfb-maelstrom_turbine_4_univariate,horizon_24,zero_shot_all_horizons.sh
FactoST_STA/zero_shot/tfb-maelstrom_turbine_4_univariate/horizon_72/zero_shot_all_horizons.sh,FactoST_STA,zero_shot,tfb-maelstrom_turbine_4_univariate,horizon_72,zero_shot_all_horizons.sh
FactoST_STA/zero_shot/tfb-re_europe_wind_signal_COSMO_long_no_null__MT1V_reduced_38T_1V_power/zero_shot_all_horizons.sh,FactoST_STA,zero_shot,tfb-re_europe_wind_signal_COSMO_long_no_null__MT1V_reduced_38T_1V_power,,zero_shot_all_horizons.sh
FactoST_STA/zero_shot/tfb-re_europe_wind_signal_ECMWF_long_no_null__MT1V_reduced_38T_1V_power/horizon_12/zero_shot_all_horizons.sh,FactoST_STA,zero_shot,tfb-re_europe_wind_signal_ECMWF_long_no_null__MT1V_reduced_38T_1V_power,horizon_12,zero_shot_all_horizons.sh
FactoST_STA/zero_shot/tfb-re_europe_wind_signal_ECMWF_long_no_null__MT1V_reduced_38T_1V_power/horizon_144/zero_shot_all_horizons.sh,FactoST_STA,zero_shot,tfb-re_europe_wind_signal_ECMWF_long_no_null__MT1V_reduced_38T_1V_power,horizon_144,zero_shot_all_horizons.sh
FactoST_STA/zero_shot/tfb-re_europe_wind_signal_ECMWF_long_no_null__MT1V_reduced_38T_1V_power/horizon_24/zero_shot_all_horizons.sh,FactoST_STA,zero_shot,tfb-re_europe_wind_signal_ECMWF_long_no_null__MT1V_reduced_38T_1V_power,horizon_24,zero_shot_all_horizons.sh
FactoST_STA/zero_shot/tfb-re_europe_wind_signal_ECMWF_long_no_null__MT1V_reduced_38T_1V_power/horizon_72/zero_shot_all_horizons.sh,FactoST_STA,zero_shot,tfb-re_europe_wind_signal_ECMWF_long_no_null__MT1V_reduced_38T_1V_power,horizon_72,zero_shot_all_horizons.sh
FactoST_STA/zero_shot/tfb-scada_fault_10min_cleaned_numeric_only/horizon_12/zero_shot_all_horizons.sh,FactoST_STA,zero_shot,tfb-scada_fault_10min_cleaned_numeric_only,horizon_12,zero_shot_all_horizons.sh
FactoST_STA/zero_shot/tfb-scada_fault_10min_cleaned_numeric_only/horizon_144/zero_shot_all_horizons.sh,FactoST_STA,zero_shot,tfb-scada_fault_10min_cleaned_numeric_only,horizon_144,zero_shot_all_horizons.sh
FactoST_STA/zero_shot/tfb-scada_fault_10min_cleaned_numeric_only/horizon_24/zero_shot_all_horizons.sh,FactoST_STA,zero_shot,tfb-scada_fault_10min_cleaned_numeric_only,horizon_24,zero_shot_all_horizons.sh
FactoST_STA/zero_shot/tfb-scada_fault_10min_cleaned_numeric_only/horizon_72/zero_shot_all_horizons.sh,FactoST_STA,zero_shot,tfb-scada_fault_10min_cleaned_numeric_only,horizon_72,zero_shot_all_horizons.sh
FactoST_STA/zero_shot/tfb-sdwpf_245days_v1_final_final_cleaned/zero_shot_all_horizons.sh,FactoST_STA,zero_shot,tfb-sdwpf_245days_v1_final_final_cleaned,,zero_shot_all_horizons.sh
FactoST_UTP/few_shot_10pct/tfb-Kelmarsh_filtered_wide__MTMV_reduced_3V_Power_(kW)/horizon_12/factost_utp_finetune.sh,FactoST_UTP,few_shot_10pct,tfb-Kelmarsh_filtered_wide__MTMV_reduced_3V_Power_(kW),horizon_12,factost_utp_finetune.sh
FactoST_UTP/few_shot_10pct/tfb-Kelmarsh_filtered_wide__MTMV_reduced_3V_Power_(kW)/horizon_144/factost_utp_finetune.sh,FactoST_UTP,few_shot_10pct,tfb-Kelmarsh_filtered_wide__MTMV_reduced_3V_Power_(kW),horizon_144,factost_utp_finetune.sh
FactoST_UTP/few_shot_10pct/tfb-Kelmarsh_filtered_wide__MTMV_reduced_3V_Power_(kW)/horizon_24/factost_utp_finetune.sh,FactoST_UTP,few_shot_10pct,tfb-Kelmarsh_filtered_wide__MTMV_reduced_3V_Power_(kW),horizon_24,factost_utp_finetune.sh
FactoST_UTP/few_shot_10pct/tfb-Kelmarsh_filtered_wide__MTMV_reduced_3V_Power_(kW)/horizon_72/factost_utp_finetune.sh,FactoST_UTP,few_shot_10pct,tfb-Kelmarsh_filtered_wide__MTMV_reduced_3V_Power_(kW),horizon_72,factost_utp_finetune.sh
FactoST_UTP/few_shot_10pct/tfb-Penmanshiel_filtered_wide__MTMV_reduced_3V_Power_(kW)__quality_trim_201607_201608_202009_202010/horizon_12/factost_utp_finetune.sh,FactoST_UTP,few_shot_10pct,tfb-Penmanshiel_filtered_wide__MTMV_reduced_3V_Power_(kW)__quality_trim_201607_201608_202009_202010,horizon_12,factost_utp_finetune.sh
FactoST_UTP/few_shot_10pct/tfb-Penmanshiel_filtered_wide__MTMV_reduced_3V_Power_(kW)__quality_trim_201607_201608_202009_202010/horizon_144/factost_utp_finetune.sh,FactoST_UTP,few_shot_10pct,tfb-Penmanshiel_filtered_wide__MTMV_reduced_3V_Power_(kW)__quality_trim_201607_201608_202009_202010,horizon_144,factost_utp_finetune.sh
FactoST_UTP/few_shot_10pct/tfb-Penmanshiel_filtered_wide__MTMV_reduced_3V_Power_(kW)__quality_trim_201607_201608_202009_202010/horizon_24/factost_utp_finetune.sh,FactoST_UTP,few_shot_10pct,tfb-Penmanshiel_filtered_wide__MTMV_reduced_3V_Power_(kW)__quality_trim_201607_201608_202009_202010,horizon_24,factost_utp_finetune.sh
FactoST_UTP/few_shot_10pct/tfb-Penmanshiel_filtered_wide__MTMV_reduced_3V_Power_(kW)__quality_trim_201607_201608_202009_202010/horizon_72/factost_utp_finetune.sh,FactoST_UTP,few_shot_10pct,tfb-Penmanshiel_filtered_wide__MTMV_reduced_3V_Power_(kW)__quality_trim_201607_201608_202009_202010,horizon_72,factost_utp_finetune.sh
FactoST_UTP/few_shot_10pct/tfb-UEBB_panel_wide_filled__MTMV_reduced_3V_active_power_total/horizon_12/factost_utp_finetune.sh,FactoST_UTP,few_shot_10pct,tfb-UEBB_panel_wide_filled__MTMV_reduced_3V_active_power_total,horizon_12,factost_utp_finetune.sh
FactoST_UTP/few_shot_10pct/tfb-UEBB_panel_wide_filled__MTMV_reduced_3V_active_power_total/horizon_144/factost_utp_finetune.sh,FactoST_UTP,few_shot_10pct,tfb-UEBB_panel_wide_filled__MTMV_reduced_3V_active_power_total,horizon_144,factost_utp_finetune.sh
FactoST_UTP/few_shot_10pct/tfb-UEBB_panel_wide_filled__MTMV_reduced_3V_active_power_total/horizon_24/factost_utp_finetune.sh,FactoST_UTP,few_shot_10pct,tfb-UEBB_panel_wide_filled__MTMV_reduced_3V_active_power_total,horizon_24,factost_utp_finetune.sh
FactoST_UTP/few_shot_10pct/tfb-UEBB_panel_wide_filled__MTMV_reduced_3V_active_power_total/horizon_72/factost_utp_finetune.sh,FactoST_UTP,few_shot_10pct,tfb-UEBB_panel_wide_filled__MTMV_reduced_3V_active_power_total,horizon_72,factost_utp_finetune.sh
FactoST_UTP/few_shot_10pct/tfb-UEPS_panel_wide_filled__MTMV_reduced_3V_active_power_total/horizon_12/factost_utp_finetune.sh,FactoST_UTP,few_shot_10pct,tfb-UEPS_panel_wide_filled__MTMV_reduced_3V_active_power_total,horizon_12,factost_utp_finetune.sh
FactoST_UTP/few_shot_10pct/tfb-UEPS_panel_wide_filled__MTMV_reduced_3V_active_power_total/horizon_144/factost_utp_finetune.sh,FactoST_UTP,few_shot_10pct,tfb-UEPS_panel_wide_filled__MTMV_reduced_3V_active_power_total,horizon_144,factost_utp_finetune.sh
FactoST_UTP/few_shot_10pct/tfb-UEPS_panel_wide_filled__MTMV_reduced_3V_active_power_total/horizon_24/factost_utp_finetune.sh,FactoST_UTP,few_shot_10pct,tfb-UEPS_panel_wide_filled__MTMV_reduced_3V_active_power_total,horizon_24,factost_utp_finetune.sh
FactoST_UTP/few_shot_10pct/tfb-UEPS_panel_wide_filled__MTMV_reduced_3V_active_power_total/horizon_72/factost_utp_finetune.sh,FactoST_UTP,few_shot_10pct,tfb-UEPS_panel_wide_filled__MTMV_reduced_3V_active_power_total,horizon_72,factost_utp_finetune.sh
FactoST_UTP/few_shot_10pct/tfb-Wind farm site 1 (Nominal capacity-99MW)_final/horizon_12/factost_utp_finetune.sh,FactoST_UTP,few_shot_10pct,tfb-Wind farm site 1 (Nominal capacity-99MW)_final,horizon_12,factost_utp_finetune.sh
FactoST_UTP/few_shot_10pct/tfb-Wind farm site 1 (Nominal capacity-99MW)_final/horizon_144/factost_utp_finetune.sh,FactoST_UTP,few_shot_10pct,tfb-Wind farm site 1 (Nominal capacity-99MW)_final,horizon_144,factost_utp_finetune.sh
FactoST_UTP/few_shot_10pct/tfb-Wind farm site 1 (Nominal capacity-99MW)_final/horizon_24/factost_utp_finetune.sh,FactoST_UTP,few_shot_10pct,tfb-Wind farm site 1 (Nominal capacity-99MW)_final,horizon_24,factost_utp_finetune.sh
FactoST_UTP/few_shot_10pct/tfb-Wind farm site 1 (Nominal capacity-99MW)_final/horizon_72/factost_utp_finetune.sh,FactoST_UTP,few_shot_10pct,tfb-Wind farm site 1 (Nominal capacity-99MW)_final,horizon_72,factost_utp_finetune.sh
FactoST_UTP/few_shot_10pct/tfb-Wind farm site 2 (Nominal capacity-200MW)_final/horizon_12/factost_utp_finetune.sh,FactoST_UTP,few_shot_10pct,tfb-Wind farm site 2 (Nominal capacity-200MW)_final,horizon_12,factost_utp_finetune.sh
FactoST_UTP/few_shot_10pct/tfb-Wind farm site 2 (Nominal capacity-200MW)_final/horizon_144/factost_utp_finetune.sh,FactoST_UTP,few_shot_10pct,tfb-Wind farm site 2 (Nominal capacity-200MW)_final,horizon_144,factost_utp_finetune.sh
FactoST_UTP/few_shot_10pct/tfb-Wind farm site 2 (Nominal capacity-200MW)_final/horizon_24/factost_utp_finetune.sh,FactoST_UTP,few_shot_10pct,tfb-Wind farm site 2 (Nominal capacity-200MW)_final,horizon_24,factost_utp_finetune.sh
FactoST_UTP/few_shot_10pct/tfb-Wind farm site 2 (Nominal capacity-200MW)_final/horizon_72/factost_utp_finetune.sh,FactoST_UTP,few_shot_10pct,tfb-Wind farm site 2 (Nominal capacity-200MW)_final,horizon_72,factost_utp_finetune.sh
FactoST_UTP/few_shot_10pct/tfb-Wind farm site 3 (Nominal capacity-99MW)_final/horizon_12/factost_utp_finetune.sh,FactoST_UTP,few_shot_10pct,tfb-Wind farm site 3 (Nominal capacity-99MW)_final,horizon_12,factost_utp_finetune.sh
FactoST_UTP/few_shot_10pct/tfb-Wind farm site 3 (Nominal capacity-99MW)_final/horizon_144/factost_utp_finetune.sh,FactoST_UTP,few_shot_10pct,tfb-Wind farm site 3 (Nominal capacity-99MW)_final,horizon_144,factost_utp_finetune.sh
FactoST_UTP/few_shot_10pct/tfb-Wind farm site 3 (Nominal capacity-99MW)_final/horizon_24/factost_utp_finetune.sh,FactoST_UTP,few_shot_10pct,tfb-Wind farm site 3 (Nominal capacity-99MW)_final,horizon_24,factost_utp_finetune.sh
FactoST_UTP/few_shot_10pct/tfb-Wind farm site 3 (Nominal capacity-99MW)_final/horizon_72/factost_utp_finetune.sh,FactoST_UTP,few_shot_10pct,tfb-Wind farm site 3 (Nominal capacity-99MW)_final,horizon_72,factost_utp_finetune.sh
FactoST_UTP/few_shot_10pct/tfb-Wind farm site 4 (Nominal capacity-66MW)_final/horizon_12/factost_utp_finetune.sh,FactoST_UTP,few_shot_10pct,tfb-Wind farm site 4 (Nominal capacity-66MW)_final,horizon_12,factost_utp_finetune.sh
FactoST_UTP/few_shot_10pct/tfb-Wind farm site 4 (Nominal capacity-66MW)_final/horizon_144/factost_utp_finetune.sh,FactoST_UTP,few_shot_10pct,tfb-Wind farm site 4 (Nominal capacity-66MW)_final,horizon_144,factost_utp_finetune.sh
FactoST_UTP/few_shot_10pct/tfb-Wind farm site 4 (Nominal capacity-66MW)_final/horizon_24/factost_utp_finetune.sh,FactoST_UTP,few_shot_10pct,tfb-Wind farm site 4 (Nominal capacity-66MW)_final,horizon_24,factost_utp_finetune.sh
FactoST_UTP/few_shot_10pct/tfb-Wind farm site 4 (Nominal capacity-66MW)_final/horizon_72/factost_utp_finetune.sh,FactoST_UTP,few_shot_10pct,tfb-Wind farm site 4 (Nominal capacity-66MW)_final,horizon_72,factost_utp_finetune.sh
FactoST_UTP/few_shot_10pct/tfb-Wind farm site 6 (Nominal capacity-96MW)_final/horizon_12/factost_utp_finetune.sh,FactoST_UTP,few_shot_10pct,tfb-Wind farm site 6 (Nominal capacity-96MW)_final,horizon_12,factost_utp_finetune.sh
FactoST_UTP/few_shot_10pct/tfb-Wind farm site 6 (Nominal capacity-96MW)_final/horizon_144/factost_utp_finetune.sh,FactoST_UTP,few_shot_10pct,tfb-Wind farm site 6 (Nominal capacity-96MW)_final,horizon_144,factost_utp_finetune.sh
FactoST_UTP/few_shot_10pct/tfb-Wind farm site 6 (Nominal capacity-96MW)_final/horizon_24/factost_utp_finetune.sh,FactoST_UTP,few_shot_10pct,tfb-Wind farm site 6 (Nominal capacity-96MW)_final,horizon_24,factost_utp_finetune.sh
FactoST_UTP/few_shot_10pct/tfb-Wind farm site 6 (Nominal capacity-96MW)_final/horizon_72/factost_utp_finetune.sh,FactoST_UTP,few_shot_10pct,tfb-Wind farm site 6 (Nominal capacity-96MW)_final,horizon_72,factost_utp_finetune.sh
FactoST_UTP/few_shot_10pct/tfb-Wind_Farm_A_filtered_wide_long_fixed__1T1V_reduced_1T_1V_windpower/horizon_12/factost_utp_finetune.sh,FactoST_UTP,few_shot_10pct,tfb-Wind_Farm_A_filtered_wide_long_fixed__1T1V_reduced_1T_1V_windpower,horizon_12,factost_utp_finetune.sh
FactoST_UTP/few_shot_10pct/tfb-Wind_Farm_A_filtered_wide_long_fixed__1T1V_reduced_1T_1V_windpower/horizon_144/factost_utp_finetune.sh,FactoST_UTP,few_shot_10pct,tfb-Wind_Farm_A_filtered_wide_long_fixed__1T1V_reduced_1T_1V_windpower,horizon_144,factost_utp_finetune.sh
FactoST_UTP/few_shot_10pct/tfb-Wind_Farm_A_filtered_wide_long_fixed__1T1V_reduced_1T_1V_windpower/horizon_24/factost_utp_finetune.sh,FactoST_UTP,few_shot_10pct,tfb-Wind_Farm_A_filtered_wide_long_fixed__1T1V_reduced_1T_1V_windpower,horizon_24,factost_utp_finetune.sh
FactoST_UTP/few_shot_10pct/tfb-Wind_Farm_A_filtered_wide_long_fixed__1T1V_reduced_1T_1V_windpower/horizon_72/factost_utp_finetune.sh,FactoST_UTP,few_shot_10pct,tfb-Wind_Farm_A_filtered_wide_long_fixed__1T1V_reduced_1T_1V_windpower,horizon_72,factost_utp_finetune.sh
FactoST_UTP/few_shot_10pct/tfb-Wind_Farm_B_filtered_wide_long_fixed__1T1V_reduced_1T_1V_windpower/horizon_12/factost_utp_finetune.sh,FactoST_UTP,few_shot_10pct,tfb-Wind_Farm_B_filtered_wide_long_fixed__1T1V_reduced_1T_1V_windpower,horizon_12,factost_utp_finetune.sh
FactoST_UTP/few_shot_10pct/tfb-Wind_Farm_B_filtered_wide_long_fixed__1T1V_reduced_1T_1V_windpower/horizon_144/factost_utp_finetune.sh,FactoST_UTP,few_shot_10pct,tfb-Wind_Farm_B_filtered_wide_long_fixed__1T1V_reduced_1T_1V_windpower,horizon_144,factost_utp_finetune.sh
FactoST_UTP/few_shot_10pct/tfb-Wind_Farm_B_filtered_wide_long_fixed__1T1V_reduced_1T_1V_windpower/horizon_24/factost_utp_finetune.sh,FactoST_UTP,few_shot_10pct,tfb-Wind_Farm_B_filtered_wide_long_fixed__1T1V_reduced_1T_1V_windpower,horizon_24,factost_utp_finetune.sh
FactoST_UTP/few_shot_10pct/tfb-Wind_Farm_B_filtered_wide_long_fixed__1T1V_reduced_1T_1V_windpower/horizon_72/factost_utp_finetune.sh,FactoST_UTP,few_shot_10pct,tfb-Wind_Farm_B_filtered_wide_long_fixed__1T1V_reduced_1T_1V_windpower,horizon_72,factost_utp_finetune.sh
FactoST_UTP/few_shot_10pct/tfb-Wind_Farm_C_filtered_wide_long_fixed__MT1V_reduced_1V_windpower/horizon_12/factost_utp_finetune.sh,FactoST_UTP,few_shot_10pct,tfb-Wind_Farm_C_filtered_wide_long_fixed__MT1V_reduced_1V_windpower,horizon_12,factost_utp_finetune.sh
FactoST_UTP/few_shot_10pct/tfb-Wind_Farm_C_filtered_wide_long_fixed__MT1V_reduced_1V_windpower/horizon_144/factost_utp_finetune.sh,FactoST_UTP,few_shot_10pct,tfb-Wind_Farm_C_filtered_wide_long_fixed__MT1V_reduced_1V_windpower,horizon_144,factost_utp_finetune.sh
FactoST_UTP/few_shot_10pct/tfb-Wind_Farm_C_filtered_wide_long_fixed__MT1V_reduced_1V_windpower/horizon_24/factost_utp_finetune.sh,FactoST_UTP,few_shot_10pct,tfb-Wind_Farm_C_filtered_wide_long_fixed__MT1V_reduced_1V_windpower,horizon_24,factost_utp_finetune.sh
FactoST_UTP/few_shot_10pct/tfb-Wind_Farm_C_filtered_wide_long_fixed__MT1V_reduced_1V_windpower/horizon_72/factost_utp_finetune.sh,FactoST_UTP,few_shot_10pct,tfb-Wind_Farm_C_filtered_wide_long_fixed__MT1V_reduced_1V_windpower,horizon_72,factost_utp_finetune.sh
FactoST_UTP/few_shot_10pct/tfb-Yalova_final_ready/horizon_12/factost_utp_finetune.sh,FactoST_UTP,few_shot_10pct,tfb-Yalova_final_ready,horizon_12,factost_utp_finetune.sh
FactoST_UTP/few_shot_10pct/tfb-Yalova_final_ready/horizon_144/factost_utp_finetune.sh,FactoST_UTP,few_shot_10pct,tfb-Yalova_final_ready,horizon_144,factost_utp_finetune.sh
FactoST_UTP/few_shot_10pct/tfb-Yalova_final_ready/horizon_24/factost_utp_finetune.sh,FactoST_UTP,few_shot_10pct,tfb-Yalova_final_ready,horizon_24,factost_utp_finetune.sh
FactoST_UTP/few_shot_10pct/tfb-Yalova_final_ready/horizon_72/factost_utp_finetune.sh,FactoST_UTP,few_shot_10pct,tfb-Yalova_final_ready,horizon_72,factost_utp_finetune.sh
FactoST_UTP/few_shot_10pct/tfb-aemo/horizon_12/factost_utp_finetune.sh,FactoST_UTP,few_shot_10pct,tfb-aemo,horizon_12,factost_utp_finetune.sh
FactoST_UTP/few_shot_10pct/tfb-aemo/horizon_144/factost_utp_finetune.sh,FactoST_UTP,few_shot_10pct,tfb-aemo,horizon_144,factost_utp_finetune.sh
FactoST_UTP/few_shot_10pct/tfb-aemo/horizon_24/factost_utp_finetune.sh,FactoST_UTP,few_shot_10pct,tfb-aemo,horizon_24,factost_utp_finetune.sh
FactoST_UTP/few_shot_10pct/tfb-aemo/horizon_72/factost_utp_finetune.sh,FactoST_UTP,few_shot_10pct,tfb-aemo,horizon_72,factost_utp_finetune.sh
FactoST_UTP/few_shot_10pct/tfb-chalmers_merged_processed_data_fixed_combined__1T1V_reduced_1min_1T_1V_power/horizon_12/factost_utp_finetune.sh,FactoST_UTP,few_shot_10pct,tfb-chalmers_merged_processed_data_fixed_combined__1T1V_reduced_1min_1T_1V_power,horizon_12,factost_utp_finetune.sh
FactoST_UTP/few_shot_10pct/tfb-chalmers_merged_processed_data_fixed_combined__1T1V_reduced_1min_1T_1V_power/horizon_144/factost_utp_finetune.sh,FactoST_UTP,few_shot_10pct,tfb-chalmers_merged_processed_data_fixed_combined__1T1V_reduced_1min_1T_1V_power,horizon_144,factost_utp_finetune.sh
FactoST_UTP/few_shot_10pct/tfb-chalmers_merged_processed_data_fixed_combined__1T1V_reduced_1min_1T_1V_power/horizon_24/factost_utp_finetune.sh,FactoST_UTP,few_shot_10pct,tfb-chalmers_merged_processed_data_fixed_combined__1T1V_reduced_1min_1T_1V_power,horizon_24,factost_utp_finetune.sh
FactoST_UTP/few_shot_10pct/tfb-chalmers_merged_processed_data_fixed_combined__1T1V_reduced_1min_1T_1V_power/horizon_72/factost_utp_finetune.sh,FactoST_UTP,few_shot_10pct,tfb-chalmers_merged_processed_data_fixed_combined__1T1V_reduced_1min_1T_1V_power,horizon_72,factost_utp_finetune.sh
FactoST_UTP/few_shot_10pct/tfb-gefcom2012/horizon_12/factost_utp_finetune.sh,FactoST_UTP,few_shot_10pct,tfb-gefcom2012,horizon_12,factost_utp_finetune.sh
FactoST_UTP/few_shot_10pct/tfb-gefcom2012/horizon_144/factost_utp_finetune.sh,FactoST_UTP,few_shot_10pct,tfb-gefcom2012,horizon_144,factost_utp_finetune.sh
FactoST_UTP/few_shot_10pct/tfb-gefcom2012/horizon_24/factost_utp_finetune.sh,FactoST_UTP,few_shot_10pct,tfb-gefcom2012,horizon_24,factost_utp_finetune.sh
FactoST_UTP/few_shot_10pct/tfb-gefcom2012/horizon_72/factost_utp_finetune.sh,FactoST_UTP,few_shot_10pct,tfb-gefcom2012,horizon_72,factost_utp_finetune.sh
FactoST_UTP/few_shot_10pct/tfb-gefcom2014/horizon_12/factost_utp_finetune.sh,FactoST_UTP,few_shot_10pct,tfb-gefcom2014,horizon_12,factost_utp_finetune.sh
FactoST_UTP/few_shot_10pct/tfb-gefcom2014/horizon_144/factost_utp_finetune.sh,FactoST_UTP,few_shot_10pct,tfb-gefcom2014,horizon_144,factost_utp_finetune.sh
FactoST_UTP/few_shot_10pct/tfb-gefcom2014/horizon_24/factost_utp_finetune.sh,FactoST_UTP,few_shot_10pct,tfb-gefcom2014,horizon_24,factost_utp_finetune.sh
FactoST_UTP/few_shot_10pct/tfb-gefcom2014/horizon_72/factost_utp_finetune.sh,FactoST_UTP,few_shot_10pct,tfb-gefcom2014,horizon_72,factost_utp_finetune.sh
FactoST_UTP/few_shot_10pct/tfb-kaggle1_final_benchmark_v3_ready_no_turbinestatus/horizon_12/factost_utp_finetune.sh,FactoST_UTP,few_shot_10pct,tfb-kaggle1_final_benchmark_v3_ready_no_turbinestatus,horizon_12,factost_utp_finetune.sh
FactoST_UTP/few_shot_10pct/tfb-kaggle1_final_benchmark_v3_ready_no_turbinestatus/horizon_144/factost_utp_finetune.sh,FactoST_UTP,few_shot_10pct,tfb-kaggle1_final_benchmark_v3_ready_no_turbinestatus,horizon_144,factost_utp_finetune.sh
FactoST_UTP/few_shot_10pct/tfb-kaggle1_final_benchmark_v3_ready_no_turbinestatus/horizon_24/factost_utp_finetune.sh,FactoST_UTP,few_shot_10pct,tfb-kaggle1_final_benchmark_v3_ready_no_turbinestatus,horizon_24,factost_utp_finetune.sh
FactoST_UTP/few_shot_10pct/tfb-kaggle1_final_benchmark_v3_ready_no_turbinestatus/horizon_72/factost_utp_finetune.sh,FactoST_UTP,few_shot_10pct,tfb-kaggle1_final_benchmark_v3_ready_no_turbinestatus,horizon_72,factost_utp_finetune.sh
FactoST_UTP/few_shot_10pct/tfb-maelstrom_turbine_1_univariate/horizon_12/factost_utp_finetune.sh,FactoST_UTP,few_shot_10pct,tfb-maelstrom_turbine_1_univariate,horizon_12,factost_utp_finetune.sh
FactoST_UTP/few_shot_10pct/tfb-maelstrom_turbine_1_univariate/horizon_144/factost_utp_finetune.sh,FactoST_UTP,few_shot_10pct,tfb-maelstrom_turbine_1_univariate,horizon_144,factost_utp_finetune.sh
FactoST_UTP/few_shot_10pct/tfb-maelstrom_turbine_1_univariate/horizon_24/factost_utp_finetune.sh,FactoST_UTP,few_shot_10pct,tfb-maelstrom_turbine_1_univariate,horizon_24,factost_utp_finetune.sh
FactoST_UTP/few_shot_10pct/tfb-maelstrom_turbine_1_univariate/horizon_72/factost_utp_finetune.sh,FactoST_UTP,few_shot_10pct,tfb-maelstrom_turbine_1_univariate,horizon_72,factost_utp_finetune.sh
FactoST_UTP/few_shot_10pct/tfb-maelstrom_turbine_2_univariate/horizon_12/factost_utp_finetune.sh,FactoST_UTP,few_shot_10pct,tfb-maelstrom_turbine_2_univariate,horizon_12,factost_utp_finetune.sh
FactoST_UTP/few_shot_10pct/tfb-maelstrom_turbine_2_univariate/horizon_144/factost_utp_finetune.sh,FactoST_UTP,few_shot_10pct,tfb-maelstrom_turbine_2_univariate,horizon_144,factost_utp_finetune.sh
FactoST_UTP/few_shot_10pct/tfb-maelstrom_turbine_2_univariate/horizon_24/factost_utp_finetune.sh,FactoST_UTP,few_shot_10pct,tfb-maelstrom_turbine_2_univariate,horizon_24,factost_utp_finetune.sh
FactoST_UTP/few_shot_10pct/tfb-maelstrom_turbine_2_univariate/horizon_72/factost_utp_finetune.sh,FactoST_UTP,few_shot_10pct,tfb-maelstrom_turbine_2_univariate,horizon_72,factost_utp_finetune.sh
FactoST_UTP/few_shot_10pct/tfb-maelstrom_turbine_3_univariate/horizon_12/factost_utp_finetune.sh,FactoST_UTP,few_shot_10pct,tfb-maelstrom_turbine_3_univariate,horizon_12,factost_utp_finetune.sh
FactoST_UTP/few_shot_10pct/tfb-maelstrom_turbine_3_univariate/horizon_144/factost_utp_finetune.sh,FactoST_UTP,few_shot_10pct,tfb-maelstrom_turbine_3_univariate,horizon_144,factost_utp_finetune.sh
FactoST_UTP/few_shot_10pct/tfb-maelstrom_turbine_3_univariate/horizon_24/factost_utp_finetune.sh,FactoST_UTP,few_shot_10pct,tfb-maelstrom_turbine_3_univariate,horizon_24,factost_utp_finetune.sh
FactoST_UTP/few_shot_10pct/tfb-maelstrom_turbine_3_univariate/horizon_72/factost_utp_finetune.sh,FactoST_UTP,few_shot_10pct,tfb-maelstrom_turbine_3_univariate,horizon_72,factost_utp_finetune.sh
FactoST_UTP/few_shot_10pct/tfb-maelstrom_turbine_4_univariate/horizon_12/factost_utp_finetune.sh,FactoST_UTP,few_shot_10pct,tfb-maelstrom_turbine_4_univariate,horizon_12,factost_utp_finetune.sh
FactoST_UTP/few_shot_10pct/tfb-maelstrom_turbine_4_univariate/horizon_144/factost_utp_finetune.sh,FactoST_UTP,few_shot_10pct,tfb-maelstrom_turbine_4_univariate,horizon_144,factost_utp_finetune.sh
FactoST_UTP/few_shot_10pct/tfb-maelstrom_turbine_4_univariate/horizon_24/factost_utp_finetune.sh,FactoST_UTP,few_shot_10pct,tfb-maelstrom_turbine_4_univariate,horizon_24,factost_utp_finetune.sh
FactoST_UTP/few_shot_10pct/tfb-maelstrom_turbine_4_univariate/horizon_72/factost_utp_finetune.sh,FactoST_UTP,few_shot_10pct,tfb-maelstrom_turbine_4_univariate,horizon_72,factost_utp_finetune.sh
FactoST_UTP/few_shot_10pct/tfb-re_europe_wind_signal_COSMO_long_no_null__MT1V_reduced_38T_1V_power/horizon_12/factost_utp_finetune__server_a_day02_20260519_171704.sh,FactoST_UTP,few_shot_10pct,tfb-re_europe_wind_signal_COSMO_long_no_null__MT1V_reduced_38T_1V_power,horizon_12,factost_utp_finetune__server_a_day02_20260519_171704.sh
FactoST_UTP/few_shot_10pct/tfb-re_europe_wind_signal_COSMO_long_no_null__MT1V_reduced_38T_1V_power/horizon_12/factost_utp_finetune__server_a_day02_20260520_133059.sh,FactoST_UTP,few_shot_10pct,tfb-re_europe_wind_signal_COSMO_long_no_null__MT1V_reduced_38T_1V_power,horizon_12,factost_utp_finetune__server_a_day02_20260520_133059.sh
FactoST_UTP/few_shot_10pct/tfb-re_europe_wind_signal_COSMO_long_no_null__MT1V_reduced_38T_1V_power/horizon_144/factost_utp_finetune__server_a_day02_20260519_171704.sh,FactoST_UTP,few_shot_10pct,tfb-re_europe_wind_signal_COSMO_long_no_null__MT1V_reduced_38T_1V_power,horizon_144,factost_utp_finetune__server_a_day02_20260519_171704.sh
FactoST_UTP/few_shot_10pct/tfb-re_europe_wind_signal_COSMO_long_no_null__MT1V_reduced_38T_1V_power/horizon_144/factost_utp_finetune__server_a_day02_20260520_133059.sh,FactoST_UTP,few_shot_10pct,tfb-re_europe_wind_signal_COSMO_long_no_null__MT1V_reduced_38T_1V_power,horizon_144,factost_utp_finetune__server_a_day02_20260520_133059.sh
FactoST_UTP/few_shot_10pct/tfb-re_europe_wind_signal_COSMO_long_no_null__MT1V_reduced_38T_1V_power/horizon_24/factost_utp_finetune__server_a_day02_20260519_171704.sh,FactoST_UTP,few_shot_10pct,tfb-re_europe_wind_signal_COSMO_long_no_null__MT1V_reduced_38T_1V_power,horizon_24,factost_utp_finetune__server_a_day02_20260519_171704.sh
FactoST_UTP/few_shot_10pct/tfb-re_europe_wind_signal_COSMO_long_no_null__MT1V_reduced_38T_1V_power/horizon_24/factost_utp_finetune__server_a_day02_20260520_133059.sh,FactoST_UTP,few_shot_10pct,tfb-re_europe_wind_signal_COSMO_long_no_null__MT1V_reduced_38T_1V_power,horizon_24,factost_utp_finetune__server_a_day02_20260520_133059.sh
FactoST_UTP/few_shot_10pct/tfb-re_europe_wind_signal_COSMO_long_no_null__MT1V_reduced_38T_1V_power/horizon_72/factost_utp_finetune__server_a_day02_20260519_171704.sh,FactoST_UTP,few_shot_10pct,tfb-re_europe_wind_signal_COSMO_long_no_null__MT1V_reduced_38T_1V_power,horizon_72,factost_utp_finetune__server_a_day02_20260519_171704.sh
FactoST_UTP/few_shot_10pct/tfb-re_europe_wind_signal_COSMO_long_no_null__MT1V_reduced_38T_1V_power/horizon_72/factost_utp_finetune__server_a_day02_20260520_133059.sh,FactoST_UTP,few_shot_10pct,tfb-re_europe_wind_signal_COSMO_long_no_null__MT1V_reduced_38T_1V_power,horizon_72,factost_utp_finetune__server_a_day02_20260520_133059.sh
FactoST_UTP/few_shot_10pct/tfb-re_europe_wind_signal_ECMWF_long_no_null__MT1V_reduced_38T_1V_power/horizon_12/factost_utp_finetune.sh,FactoST_UTP,few_shot_10pct,tfb-re_europe_wind_signal_ECMWF_long_no_null__MT1V_reduced_38T_1V_power,horizon_12,factost_utp_finetune.sh
FactoST_UTP/few_shot_10pct/tfb-re_europe_wind_signal_ECMWF_long_no_null__MT1V_reduced_38T_1V_power/horizon_144/factost_utp_finetune.sh,FactoST_UTP,few_shot_10pct,tfb-re_europe_wind_signal_ECMWF_long_no_null__MT1V_reduced_38T_1V_power,horizon_144,factost_utp_finetune.sh
FactoST_UTP/few_shot_10pct/tfb-re_europe_wind_signal_ECMWF_long_no_null__MT1V_reduced_38T_1V_power/horizon_24/factost_utp_finetune.sh,FactoST_UTP,few_shot_10pct,tfb-re_europe_wind_signal_ECMWF_long_no_null__MT1V_reduced_38T_1V_power,horizon_24,factost_utp_finetune.sh
FactoST_UTP/few_shot_10pct/tfb-re_europe_wind_signal_ECMWF_long_no_null__MT1V_reduced_38T_1V_power/horizon_72/factost_utp_finetune.sh,FactoST_UTP,few_shot_10pct,tfb-re_europe_wind_signal_ECMWF_long_no_null__MT1V_reduced_38T_1V_power,horizon_72,factost_utp_finetune.sh
FactoST_UTP/few_shot_10pct/tfb-scada_fault_10min_cleaned_numeric_only/horizon_12/factost_utp_finetune.sh,FactoST_UTP,few_shot_10pct,tfb-scada_fault_10min_cleaned_numeric_only,horizon_12,factost_utp_finetune.sh
FactoST_UTP/few_shot_10pct/tfb-scada_fault_10min_cleaned_numeric_only/horizon_144/factost_utp_finetune.sh,FactoST_UTP,few_shot_10pct,tfb-scada_fault_10min_cleaned_numeric_only,horizon_144,factost_utp_finetune.sh
FactoST_UTP/few_shot_10pct/tfb-scada_fault_10min_cleaned_numeric_only/horizon_24/factost_utp_finetune.sh,FactoST_UTP,few_shot_10pct,tfb-scada_fault_10min_cleaned_numeric_only,horizon_24,factost_utp_finetune.sh
FactoST_UTP/few_shot_10pct/tfb-scada_fault_10min_cleaned_numeric_only/horizon_72/factost_utp_finetune.sh,FactoST_UTP,few_shot_10pct,tfb-scada_fault_10min_cleaned_numeric_only,horizon_72,factost_utp_finetune.sh
FactoST_UTP/few_shot_10pct/tfb-sdwpf_245days_v1_final_final_cleaned/horizon_12/factost_utp_finetune.sh,FactoST_UTP,few_shot_10pct,tfb-sdwpf_245days_v1_final_final_cleaned,horizon_12,factost_utp_finetune.sh
FactoST_UTP/few_shot_10pct/tfb-sdwpf_245days_v1_final_final_cleaned/horizon_144/factost_utp_finetune.sh,FactoST_UTP,few_shot_10pct,tfb-sdwpf_245days_v1_final_final_cleaned,horizon_144,factost_utp_finetune.sh
FactoST_UTP/few_shot_10pct/tfb-sdwpf_245days_v1_final_final_cleaned/horizon_24/factost_utp_finetune.sh,FactoST_UTP,few_shot_10pct,tfb-sdwpf_245days_v1_final_final_cleaned,horizon_24,factost_utp_finetune.sh
FactoST_UTP/few_shot_10pct/tfb-sdwpf_245days_v1_final_final_cleaned/horizon_72/factost_utp_finetune.sh,FactoST_UTP,few_shot_10pct,tfb-sdwpf_245days_v1_final_final_cleaned,horizon_72,factost_utp_finetune.sh
FactoST_UTP/full_shot/tfb-Kelmarsh_filtered_wide__MTMV_reduced_3V_Power_(kW)/horizon_12/factost_utp_finetune.sh,FactoST_UTP,full_shot,tfb-Kelmarsh_filtered_wide__MTMV_reduced_3V_Power_(kW),horizon_12,factost_utp_finetune.sh
FactoST_UTP/full_shot/tfb-Kelmarsh_filtered_wide__MTMV_reduced_3V_Power_(kW)/horizon_144/factost_utp_finetune.sh,FactoST_UTP,full_shot,tfb-Kelmarsh_filtered_wide__MTMV_reduced_3V_Power_(kW),horizon_144,factost_utp_finetune.sh
FactoST_UTP/full_shot/tfb-Kelmarsh_filtered_wide__MTMV_reduced_3V_Power_(kW)/horizon_24/factost_utp_finetune.sh,FactoST_UTP,full_shot,tfb-Kelmarsh_filtered_wide__MTMV_reduced_3V_Power_(kW),horizon_24,factost_utp_finetune.sh
FactoST_UTP/full_shot/tfb-Kelmarsh_filtered_wide__MTMV_reduced_3V_Power_(kW)/horizon_72/factost_utp_finetune.sh,FactoST_UTP,full_shot,tfb-Kelmarsh_filtered_wide__MTMV_reduced_3V_Power_(kW),horizon_72,factost_utp_finetune.sh
FactoST_UTP/full_shot/tfb-Penmanshiel_filtered_wide__MTMV_reduced_3V_Power_(kW)__quality_trim_201607_201608_202009_202010/horizon_12/factost_utp_finetune.sh,FactoST_UTP,full_shot,tfb-Penmanshiel_filtered_wide__MTMV_reduced_3V_Power_(kW)__quality_trim_201607_201608_202009_202010,horizon_12,factost_utp_finetune.sh
FactoST_UTP/full_shot/tfb-Penmanshiel_filtered_wide__MTMV_reduced_3V_Power_(kW)__quality_trim_201607_201608_202009_202010/horizon_144/factost_utp_finetune.sh,FactoST_UTP,full_shot,tfb-Penmanshiel_filtered_wide__MTMV_reduced_3V_Power_(kW)__quality_trim_201607_201608_202009_202010,horizon_144,factost_utp_finetune.sh
FactoST_UTP/full_shot/tfb-Penmanshiel_filtered_wide__MTMV_reduced_3V_Power_(kW)__quality_trim_201607_201608_202009_202010/horizon_24/factost_utp_finetune.sh,FactoST_UTP,full_shot,tfb-Penmanshiel_filtered_wide__MTMV_reduced_3V_Power_(kW)__quality_trim_201607_201608_202009_202010,horizon_24,factost_utp_finetune.sh
FactoST_UTP/full_shot/tfb-Penmanshiel_filtered_wide__MTMV_reduced_3V_Power_(kW)__quality_trim_201607_201608_202009_202010/horizon_72/factost_utp_finetune.sh,FactoST_UTP,full_shot,tfb-Penmanshiel_filtered_wide__MTMV_reduced_3V_Power_(kW)__quality_trim_201607_201608_202009_202010,horizon_72,factost_utp_finetune.sh
FactoST_UTP/full_shot/tfb-UEBB_panel_wide_filled__MTMV_reduced_3V_active_power_total/horizon_12/factost_utp_finetune.sh,FactoST_UTP,full_shot,tfb-UEBB_panel_wide_filled__MTMV_reduced_3V_active_power_total,horizon_12,factost_utp_finetune.sh
FactoST_UTP/full_shot/tfb-UEBB_panel_wide_filled__MTMV_reduced_3V_active_power_total/horizon_144/factost_utp_finetune.sh,FactoST_UTP,full_shot,tfb-UEBB_panel_wide_filled__MTMV_reduced_3V_active_power_total,horizon_144,factost_utp_finetune.sh
FactoST_UTP/full_shot/tfb-UEBB_panel_wide_filled__MTMV_reduced_3V_active_power_total/horizon_24/factost_utp_finetune.sh,FactoST_UTP,full_shot,tfb-UEBB_panel_wide_filled__MTMV_reduced_3V_active_power_total,horizon_24,factost_utp_finetune.sh
FactoST_UTP/full_shot/tfb-UEBB_panel_wide_filled__MTMV_reduced_3V_active_power_total/horizon_72/factost_utp_finetune.sh,FactoST_UTP,full_shot,tfb-UEBB_panel_wide_filled__MTMV_reduced_3V_active_power_total,horizon_72,factost_utp_finetune.sh
FactoST_UTP/full_shot/tfb-UEPS_panel_wide_filled__MTMV_reduced_3V_active_power_total/horizon_12/factost_utp_finetune.sh,FactoST_UTP,full_shot,tfb-UEPS_panel_wide_filled__MTMV_reduced_3V_active_power_total,horizon_12,factost_utp_finetune.sh
FactoST_UTP/full_shot/tfb-UEPS_panel_wide_filled__MTMV_reduced_3V_active_power_total/horizon_144/factost_utp_finetune.sh,FactoST_UTP,full_shot,tfb-UEPS_panel_wide_filled__MTMV_reduced_3V_active_power_total,horizon_144,factost_utp_finetune.sh
FactoST_UTP/full_shot/tfb-UEPS_panel_wide_filled__MTMV_reduced_3V_active_power_total/horizon_24/factost_utp_finetune.sh,FactoST_UTP,full_shot,tfb-UEPS_panel_wide_filled__MTMV_reduced_3V_active_power_total,horizon_24,factost_utp_finetune.sh
FactoST_UTP/full_shot/tfb-UEPS_panel_wide_filled__MTMV_reduced_3V_active_power_total/horizon_72/factost_utp_finetune.sh,FactoST_UTP,full_shot,tfb-UEPS_panel_wide_filled__MTMV_reduced_3V_active_power_total,horizon_72,factost_utp_finetune.sh
FactoST_UTP/full_shot/tfb-Wind farm site 1 (Nominal capacity-99MW)_final/horizon_12/factost_utp_finetune.sh,FactoST_UTP,full_shot,tfb-Wind farm site 1 (Nominal capacity-99MW)_final,horizon_12,factost_utp_finetune.sh
FactoST_UTP/full_shot/tfb-Wind farm site 1 (Nominal capacity-99MW)_final/horizon_144/factost_utp_finetune.sh,FactoST_UTP,full_shot,tfb-Wind farm site 1 (Nominal capacity-99MW)_final,horizon_144,factost_utp_finetune.sh
FactoST_UTP/full_shot/tfb-Wind farm site 1 (Nominal capacity-99MW)_final/horizon_24/factost_utp_finetune.sh,FactoST_UTP,full_shot,tfb-Wind farm site 1 (Nominal capacity-99MW)_final,horizon_24,factost_utp_finetune.sh
FactoST_UTP/full_shot/tfb-Wind farm site 1 (Nominal capacity-99MW)_final/horizon_72/factost_utp_finetune.sh,FactoST_UTP,full_shot,tfb-Wind farm site 1 (Nominal capacity-99MW)_final,horizon_72,factost_utp_finetune.sh
FactoST_UTP/full_shot/tfb-Wind farm site 2 (Nominal capacity-200MW)_final/horizon_12/factost_utp_finetune.sh,FactoST_UTP,full_shot,tfb-Wind farm site 2 (Nominal capacity-200MW)_final,horizon_12,factost_utp_finetune.sh
FactoST_UTP/full_shot/tfb-Wind farm site 2 (Nominal capacity-200MW)_final/horizon_144/factost_utp_finetune.sh,FactoST_UTP,full_shot,tfb-Wind farm site 2 (Nominal capacity-200MW)_final,horizon_144,factost_utp_finetune.sh
FactoST_UTP/full_shot/tfb-Wind farm site 2 (Nominal capacity-200MW)_final/horizon_24/factost_utp_finetune.sh,FactoST_UTP,full_shot,tfb-Wind farm site 2 (Nominal capacity-200MW)_final,horizon_24,factost_utp_finetune.sh
FactoST_UTP/full_shot/tfb-Wind farm site 2 (Nominal capacity-200MW)_final/horizon_72/factost_utp_finetune.sh,FactoST_UTP,full_shot,tfb-Wind farm site 2 (Nominal capacity-200MW)_final,horizon_72,factost_utp_finetune.sh
FactoST_UTP/full_shot/tfb-Wind farm site 3 (Nominal capacity-99MW)_final/horizon_12/factost_utp_finetune.sh,FactoST_UTP,full_shot,tfb-Wind farm site 3 (Nominal capacity-99MW)_final,horizon_12,factost_utp_finetune.sh
FactoST_UTP/full_shot/tfb-Wind farm site 3 (Nominal capacity-99MW)_final/horizon_144/factost_utp_finetune.sh,FactoST_UTP,full_shot,tfb-Wind farm site 3 (Nominal capacity-99MW)_final,horizon_144,factost_utp_finetune.sh
FactoST_UTP/full_shot/tfb-Wind farm site 3 (Nominal capacity-99MW)_final/horizon_24/factost_utp_finetune.sh,FactoST_UTP,full_shot,tfb-Wind farm site 3 (Nominal capacity-99MW)_final,horizon_24,factost_utp_finetune.sh
FactoST_UTP/full_shot/tfb-Wind farm site 3 (Nominal capacity-99MW)_final/horizon_72/factost_utp_finetune.sh,FactoST_UTP,full_shot,tfb-Wind farm site 3 (Nominal capacity-99MW)_final,horizon_72,factost_utp_finetune.sh
FactoST_UTP/full_shot/tfb-Wind farm site 4 (Nominal capacity-66MW)_final/horizon_12/factost_utp_finetune.sh,FactoST_UTP,full_shot,tfb-Wind farm site 4 (Nominal capacity-66MW)_final,horizon_12,factost_utp_finetune.sh
FactoST_UTP/full_shot/tfb-Wind farm site 4 (Nominal capacity-66MW)_final/horizon_144/factost_utp_finetune.sh,FactoST_UTP,full_shot,tfb-Wind farm site 4 (Nominal capacity-66MW)_final,horizon_144,factost_utp_finetune.sh
FactoST_UTP/full_shot/tfb-Wind farm site 4 (Nominal capacity-66MW)_final/horizon_24/factost_utp_finetune.sh,FactoST_UTP,full_shot,tfb-Wind farm site 4 (Nominal capacity-66MW)_final,horizon_24,factost_utp_finetune.sh
FactoST_UTP/full_shot/tfb-Wind farm site 4 (Nominal capacity-66MW)_final/horizon_72/factost_utp_finetune.sh,FactoST_UTP,full_shot,tfb-Wind farm site 4 (Nominal capacity-66MW)_final,horizon_72,factost_utp_finetune.sh
FactoST_UTP/full_shot/tfb-Wind farm site 6 (Nominal capacity-96MW)_final/horizon_12/factost_utp_finetune.sh,FactoST_UTP,full_shot,tfb-Wind farm site 6 (Nominal capacity-96MW)_final,horizon_12,factost_utp_finetune.sh
FactoST_UTP/full_shot/tfb-Wind farm site 6 (Nominal capacity-96MW)_final/horizon_144/factost_utp_finetune.sh,FactoST_UTP,full_shot,tfb-Wind farm site 6 (Nominal capacity-96MW)_final,horizon_144,factost_utp_finetune.sh
FactoST_UTP/full_shot/tfb-Wind farm site 6 (Nominal capacity-96MW)_final/horizon_24/factost_utp_finetune.sh,FactoST_UTP,full_shot,tfb-Wind farm site 6 (Nominal capacity-96MW)_final,horizon_24,factost_utp_finetune.sh
FactoST_UTP/full_shot/tfb-Wind farm site 6 (Nominal capacity-96MW)_final/horizon_72/factost_utp_finetune.sh,FactoST_UTP,full_shot,tfb-Wind farm site 6 (Nominal capacity-96MW)_final,horizon_72,factost_utp_finetune.sh
FactoST_UTP/full_shot/tfb-Wind_Farm_A_filtered_wide_long_fixed__1T1V_reduced_1T_1V_windpower/horizon_12/factost_utp_finetune.sh,FactoST_UTP,full_shot,tfb-Wind_Farm_A_filtered_wide_long_fixed__1T1V_reduced_1T_1V_windpower,horizon_12,factost_utp_finetune.sh
FactoST_UTP/full_shot/tfb-Wind_Farm_A_filtered_wide_long_fixed__1T1V_reduced_1T_1V_windpower/horizon_144/factost_utp_finetune.sh,FactoST_UTP,full_shot,tfb-Wind_Farm_A_filtered_wide_long_fixed__1T1V_reduced_1T_1V_windpower,horizon_144,factost_utp_finetune.sh
FactoST_UTP/full_shot/tfb-Wind_Farm_A_filtered_wide_long_fixed__1T1V_reduced_1T_1V_windpower/horizon_24/factost_utp_finetune.sh,FactoST_UTP,full_shot,tfb-Wind_Farm_A_filtered_wide_long_fixed__1T1V_reduced_1T_1V_windpower,horizon_24,factost_utp_finetune.sh
FactoST_UTP/full_shot/tfb-Wind_Farm_A_filtered_wide_long_fixed__1T1V_reduced_1T_1V_windpower/horizon_72/factost_utp_finetune.sh,FactoST_UTP,full_shot,tfb-Wind_Farm_A_filtered_wide_long_fixed__1T1V_reduced_1T_1V_windpower,horizon_72,factost_utp_finetune.sh
FactoST_UTP/full_shot/tfb-Wind_Farm_B_filtered_wide_long_fixed__1T1V_reduced_1T_1V_windpower/horizon_12/factost_utp_finetune.sh,FactoST_UTP,full_shot,tfb-Wind_Farm_B_filtered_wide_long_fixed__1T1V_reduced_1T_1V_windpower,horizon_12,factost_utp_finetune.sh
FactoST_UTP/full_shot/tfb-Wind_Farm_B_filtered_wide_long_fixed__1T1V_reduced_1T_1V_windpower/horizon_144/factost_utp_finetune.sh,FactoST_UTP,full_shot,tfb-Wind_Farm_B_filtered_wide_long_fixed__1T1V_reduced_1T_1V_windpower,horizon_144,factost_utp_finetune.sh
FactoST_UTP/full_shot/tfb-Wind_Farm_B_filtered_wide_long_fixed__1T1V_reduced_1T_1V_windpower/horizon_24/factost_utp_finetune.sh,FactoST_UTP,full_shot,tfb-Wind_Farm_B_filtered_wide_long_fixed__1T1V_reduced_1T_1V_windpower,horizon_24,factost_utp_finetune.sh
FactoST_UTP/full_shot/tfb-Wind_Farm_B_filtered_wide_long_fixed__1T1V_reduced_1T_1V_windpower/horizon_72/factost_utp_finetune.sh,FactoST_UTP,full_shot,tfb-Wind_Farm_B_filtered_wide_long_fixed__1T1V_reduced_1T_1V_windpower,horizon_72,factost_utp_finetune.sh
FactoST_UTP/full_shot/tfb-Wind_Farm_C_filtered_wide_long_fixed__MT1V_reduced_1V_windpower/horizon_12/factost_utp_finetune.sh,FactoST_UTP,full_shot,tfb-Wind_Farm_C_filtered_wide_long_fixed__MT1V_reduced_1V_windpower,horizon_12,factost_utp_finetune.sh
FactoST_UTP/full_shot/tfb-Wind_Farm_C_filtered_wide_long_fixed__MT1V_reduced_1V_windpower/horizon_144/factost_utp_finetune.sh,FactoST_UTP,full_shot,tfb-Wind_Farm_C_filtered_wide_long_fixed__MT1V_reduced_1V_windpower,horizon_144,factost_utp_finetune.sh
FactoST_UTP/full_shot/tfb-Wind_Farm_C_filtered_wide_long_fixed__MT1V_reduced_1V_windpower/horizon_24/factost_utp_finetune.sh,FactoST_UTP,full_shot,tfb-Wind_Farm_C_filtered_wide_long_fixed__MT1V_reduced_1V_windpower,horizon_24,factost_utp_finetune.sh
FactoST_UTP/full_shot/tfb-Wind_Farm_C_filtered_wide_long_fixed__MT1V_reduced_1V_windpower/horizon_72/factost_utp_finetune.sh,FactoST_UTP,full_shot,tfb-Wind_Farm_C_filtered_wide_long_fixed__MT1V_reduced_1V_windpower,horizon_72,factost_utp_finetune.sh
FactoST_UTP/full_shot/tfb-Yalova_final_ready/horizon_12/factost_utp_finetune.sh,FactoST_UTP,full_shot,tfb-Yalova_final_ready,horizon_12,factost_utp_finetune.sh
FactoST_UTP/full_shot/tfb-Yalova_final_ready/horizon_144/factost_utp_finetune.sh,FactoST_UTP,full_shot,tfb-Yalova_final_ready,horizon_144,factost_utp_finetune.sh
FactoST_UTP/full_shot/tfb-Yalova_final_ready/horizon_24/factost_utp_finetune.sh,FactoST_UTP,full_shot,tfb-Yalova_final_ready,horizon_24,factost_utp_finetune.sh
FactoST_UTP/full_shot/tfb-Yalova_final_ready/horizon_72/factost_utp_finetune.sh,FactoST_UTP,full_shot,tfb-Yalova_final_ready,horizon_72,factost_utp_finetune.sh
FactoST_UTP/full_shot/tfb-aemo/horizon_12/factost_utp_finetune.sh,FactoST_UTP,full_shot,tfb-aemo,horizon_12,factost_utp_finetune.sh
FactoST_UTP/full_shot/tfb-aemo/horizon_144/factost_utp_finetune.sh,FactoST_UTP,full_shot,tfb-aemo,horizon_144,factost_utp_finetune.sh
FactoST_UTP/full_shot/tfb-aemo/horizon_144/full_shot_all_horizons.sh,FactoST_UTP,full_shot,tfb-aemo,horizon_144,full_shot_all_horizons.sh
FactoST_UTP/full_shot/tfb-aemo/horizon_24/factost_utp_finetune.sh,FactoST_UTP,full_shot,tfb-aemo,horizon_24,factost_utp_finetune.sh
FactoST_UTP/full_shot/tfb-aemo/horizon_24/full_shot_all_horizons.sh,FactoST_UTP,full_shot,tfb-aemo,horizon_24,full_shot_all_horizons.sh
FactoST_UTP/full_shot/tfb-aemo/horizon_72/factost_utp_finetune.sh,FactoST_UTP,full_shot,tfb-aemo,horizon_72,factost_utp_finetune.sh
FactoST_UTP/full_shot/tfb-aemo/horizon_72/full_shot_all_horizons.sh,FactoST_UTP,full_shot,tfb-aemo,horizon_72,full_shot_all_horizons.sh
FactoST_UTP/full_shot/tfb-chalmers_merged_processed_data_fixed_combined__1T1V_reduced_1min_1T_1V_power/horizon_12/factost_utp_finetune.sh,FactoST_UTP,full_shot,tfb-chalmers_merged_processed_data_fixed_combined__1T1V_reduced_1min_1T_1V_power,horizon_12,factost_utp_finetune.sh
FactoST_UTP/full_shot/tfb-chalmers_merged_processed_data_fixed_combined__1T1V_reduced_1min_1T_1V_power/horizon_144/factost_utp_finetune.sh,FactoST_UTP,full_shot,tfb-chalmers_merged_processed_data_fixed_combined__1T1V_reduced_1min_1T_1V_power,horizon_144,factost_utp_finetune.sh
FactoST_UTP/full_shot/tfb-chalmers_merged_processed_data_fixed_combined__1T1V_reduced_1min_1T_1V_power/horizon_24/factost_utp_finetune.sh,FactoST_UTP,full_shot,tfb-chalmers_merged_processed_data_fixed_combined__1T1V_reduced_1min_1T_1V_power,horizon_24,factost_utp_finetune.sh
FactoST_UTP/full_shot/tfb-chalmers_merged_processed_data_fixed_combined__1T1V_reduced_1min_1T_1V_power/horizon_72/factost_utp_finetune.sh,FactoST_UTP,full_shot,tfb-chalmers_merged_processed_data_fixed_combined__1T1V_reduced_1min_1T_1V_power,horizon_72,factost_utp_finetune.sh
FactoST_UTP/full_shot/tfb-gefcom2012/horizon_12/factost_utp_finetune.sh,FactoST_UTP,full_shot,tfb-gefcom2012,horizon_12,factost_utp_finetune.sh
FactoST_UTP/full_shot/tfb-gefcom2012/horizon_144/factost_utp_finetune.sh,FactoST_UTP,full_shot,tfb-gefcom2012,horizon_144,factost_utp_finetune.sh
FactoST_UTP/full_shot/tfb-gefcom2012/horizon_24/factost_utp_finetune.sh,FactoST_UTP,full_shot,tfb-gefcom2012,horizon_24,factost_utp_finetune.sh
FactoST_UTP/full_shot/tfb-gefcom2012/horizon_72/factost_utp_finetune.sh,FactoST_UTP,full_shot,tfb-gefcom2012,horizon_72,factost_utp_finetune.sh
FactoST_UTP/full_shot/tfb-gefcom2014/horizon_12/factost_utp_finetune.sh,FactoST_UTP,full_shot,tfb-gefcom2014,horizon_12,factost_utp_finetune.sh
FactoST_UTP/full_shot/tfb-gefcom2014/horizon_144/factost_utp_finetune.sh,FactoST_UTP,full_shot,tfb-gefcom2014,horizon_144,factost_utp_finetune.sh
FactoST_UTP/full_shot/tfb-gefcom2014/horizon_24/factost_utp_finetune.sh,FactoST_UTP,full_shot,tfb-gefcom2014,horizon_24,factost_utp_finetune.sh
FactoST_UTP/full_shot/tfb-gefcom2014/horizon_72/factost_utp_finetune.sh,FactoST_UTP,full_shot,tfb-gefcom2014,horizon_72,factost_utp_finetune.sh
FactoST_UTP/full_shot/tfb-kaggle1_final_benchmark_v3_ready_no_turbinestatus/horizon_12/factost_utp_finetune.sh,FactoST_UTP,full_shot,tfb-kaggle1_final_benchmark_v3_ready_no_turbinestatus,horizon_12,factost_utp_finetune.sh
FactoST_UTP/full_shot/tfb-kaggle1_final_benchmark_v3_ready_no_turbinestatus/horizon_144/factost_utp_finetune.sh,FactoST_UTP,full_shot,tfb-kaggle1_final_benchmark_v3_ready_no_turbinestatus,horizon_144,factost_utp_finetune.sh
FactoST_UTP/full_shot/tfb-kaggle1_final_benchmark_v3_ready_no_turbinestatus/horizon_24/factost_utp_finetune.sh,FactoST_UTP,full_shot,tfb-kaggle1_final_benchmark_v3_ready_no_turbinestatus,horizon_24,factost_utp_finetune.sh
FactoST_UTP/full_shot/tfb-kaggle1_final_benchmark_v3_ready_no_turbinestatus/horizon_72/factost_utp_finetune.sh,FactoST_UTP,full_shot,tfb-kaggle1_final_benchmark_v3_ready_no_turbinestatus,horizon_72,factost_utp_finetune.sh
FactoST_UTP/full_shot/tfb-maelstrom_turbine_1_univariate/horizon_12/factost_utp_finetune.sh,FactoST_UTP,full_shot,tfb-maelstrom_turbine_1_univariate,horizon_12,factost_utp_finetune.sh
FactoST_UTP/full_shot/tfb-maelstrom_turbine_1_univariate/horizon_144/factost_utp_finetune.sh,FactoST_UTP,full_shot,tfb-maelstrom_turbine_1_univariate,horizon_144,factost_utp_finetune.sh
FactoST_UTP/full_shot/tfb-maelstrom_turbine_1_univariate/horizon_24/factost_utp_finetune.sh,FactoST_UTP,full_shot,tfb-maelstrom_turbine_1_univariate,horizon_24,factost_utp_finetune.sh
FactoST_UTP/full_shot/tfb-maelstrom_turbine_1_univariate/horizon_72/factost_utp_finetune.sh,FactoST_UTP,full_shot,tfb-maelstrom_turbine_1_univariate,horizon_72,factost_utp_finetune.sh
FactoST_UTP/full_shot/tfb-maelstrom_turbine_2_univariate/horizon_12/factost_utp_finetune.sh,FactoST_UTP,full_shot,tfb-maelstrom_turbine_2_univariate,horizon_12,factost_utp_finetune.sh
FactoST_UTP/full_shot/tfb-maelstrom_turbine_2_univariate/horizon_144/factost_utp_finetune.sh,FactoST_UTP,full_shot,tfb-maelstrom_turbine_2_univariate,horizon_144,factost_utp_finetune.sh
FactoST_UTP/full_shot/tfb-maelstrom_turbine_2_univariate/horizon_24/factost_utp_finetune.sh,FactoST_UTP,full_shot,tfb-maelstrom_turbine_2_univariate,horizon_24,factost_utp_finetune.sh
FactoST_UTP/full_shot/tfb-maelstrom_turbine_2_univariate/horizon_72/factost_utp_finetune.sh,FactoST_UTP,full_shot,tfb-maelstrom_turbine_2_univariate,horizon_72,factost_utp_finetune.sh
FactoST_UTP/full_shot/tfb-maelstrom_turbine_3_univariate/horizon_12/factost_utp_finetune.sh,FactoST_UTP,full_shot,tfb-maelstrom_turbine_3_univariate,horizon_12,factost_utp_finetune.sh
FactoST_UTP/full_shot/tfb-maelstrom_turbine_3_univariate/horizon_144/factost_utp_finetune.sh,FactoST_UTP,full_shot,tfb-maelstrom_turbine_3_univariate,horizon_144,factost_utp_finetune.sh
FactoST_UTP/full_shot/tfb-maelstrom_turbine_3_univariate/horizon_24/factost_utp_finetune.sh,FactoST_UTP,full_shot,tfb-maelstrom_turbine_3_univariate,horizon_24,factost_utp_finetune.sh
FactoST_UTP/full_shot/tfb-maelstrom_turbine_3_univariate/horizon_72/factost_utp_finetune.sh,FactoST_UTP,full_shot,tfb-maelstrom_turbine_3_univariate,horizon_72,factost_utp_finetune.sh
FactoST_UTP/full_shot/tfb-maelstrom_turbine_4_univariate/horizon_12/factost_utp_finetune.sh,FactoST_UTP,full_shot,tfb-maelstrom_turbine_4_univariate,horizon_12,factost_utp_finetune.sh
FactoST_UTP/full_shot/tfb-maelstrom_turbine_4_univariate/horizon_144/factost_utp_finetune.sh,FactoST_UTP,full_shot,tfb-maelstrom_turbine_4_univariate,horizon_144,factost_utp_finetune.sh
FactoST_UTP/full_shot/tfb-maelstrom_turbine_4_univariate/horizon_24/factost_utp_finetune.sh,FactoST_UTP,full_shot,tfb-maelstrom_turbine_4_univariate,horizon_24,factost_utp_finetune.sh
FactoST_UTP/full_shot/tfb-maelstrom_turbine_4_univariate/horizon_72/factost_utp_finetune.sh,FactoST_UTP,full_shot,tfb-maelstrom_turbine_4_univariate,horizon_72,factost_utp_finetune.sh
FactoST_UTP/full_shot/tfb-re_europe_wind_signal_COSMO_long_no_null__MT1V_reduced_38T_1V_power/horizon_12/factost_utp_finetune__server_a_day01_20260519_111959.sh,FactoST_UTP,full_shot,tfb-re_europe_wind_signal_COSMO_long_no_null__MT1V_reduced_38T_1V_power,horizon_12,factost_utp_finetune__server_a_day01_20260519_111959.sh
FactoST_UTP/full_shot/tfb-re_europe_wind_signal_COSMO_long_no_null__MT1V_reduced_38T_1V_power/horizon_12/factost_utp_finetune__server_a_day01_20260519_122851.sh,FactoST_UTP,full_shot,tfb-re_europe_wind_signal_COSMO_long_no_null__MT1V_reduced_38T_1V_power,horizon_12,factost_utp_finetune__server_a_day01_20260519_122851.sh
FactoST_UTP/full_shot/tfb-re_europe_wind_signal_COSMO_long_no_null__MT1V_reduced_38T_1V_power/horizon_12/factost_utp_finetune__server_a_day01_20260519_171557.sh,FactoST_UTP,full_shot,tfb-re_europe_wind_signal_COSMO_long_no_null__MT1V_reduced_38T_1V_power,horizon_12,factost_utp_finetune__server_a_day01_20260519_171557.sh
FactoST_UTP/full_shot/tfb-re_europe_wind_signal_COSMO_long_no_null__MT1V_reduced_38T_1V_power/horizon_12/factost_utp_finetune__server_a_day01_20260520_132941.sh,FactoST_UTP,full_shot,tfb-re_europe_wind_signal_COSMO_long_no_null__MT1V_reduced_38T_1V_power,horizon_12,factost_utp_finetune__server_a_day01_20260520_132941.sh
FactoST_UTP/full_shot/tfb-re_europe_wind_signal_COSMO_long_no_null__MT1V_reduced_38T_1V_power/horizon_144/factost_utp_finetune__server_a_day01_20260519_111959.sh,FactoST_UTP,full_shot,tfb-re_europe_wind_signal_COSMO_long_no_null__MT1V_reduced_38T_1V_power,horizon_144,factost_utp_finetune__server_a_day01_20260519_111959.sh
FactoST_UTP/full_shot/tfb-re_europe_wind_signal_COSMO_long_no_null__MT1V_reduced_38T_1V_power/horizon_144/factost_utp_finetune__server_a_day01_20260519_122851.sh,FactoST_UTP,full_shot,tfb-re_europe_wind_signal_COSMO_long_no_null__MT1V_reduced_38T_1V_power,horizon_144,factost_utp_finetune__server_a_day01_20260519_122851.sh
FactoST_UTP/full_shot/tfb-re_europe_wind_signal_COSMO_long_no_null__MT1V_reduced_38T_1V_power/horizon_144/factost_utp_finetune__server_a_day01_20260519_171557.sh,FactoST_UTP,full_shot,tfb-re_europe_wind_signal_COSMO_long_no_null__MT1V_reduced_38T_1V_power,horizon_144,factost_utp_finetune__server_a_day01_20260519_171557.sh
FactoST_UTP/full_shot/tfb-re_europe_wind_signal_COSMO_long_no_null__MT1V_reduced_38T_1V_power/horizon_144/factost_utp_finetune__server_a_day01_20260520_132941.sh,FactoST_UTP,full_shot,tfb-re_europe_wind_signal_COSMO_long_no_null__MT1V_reduced_38T_1V_power,horizon_144,factost_utp_finetune__server_a_day01_20260520_132941.sh
FactoST_UTP/full_shot/tfb-re_europe_wind_signal_COSMO_long_no_null__MT1V_reduced_38T_1V_power/horizon_24/factost_utp_finetune__server_a_day01_20260519_111959.sh,FactoST_UTP,full_shot,tfb-re_europe_wind_signal_COSMO_long_no_null__MT1V_reduced_38T_1V_power,horizon_24,factost_utp_finetune__server_a_day01_20260519_111959.sh
FactoST_UTP/full_shot/tfb-re_europe_wind_signal_COSMO_long_no_null__MT1V_reduced_38T_1V_power/horizon_24/factost_utp_finetune__server_a_day01_20260519_122851.sh,FactoST_UTP,full_shot,tfb-re_europe_wind_signal_COSMO_long_no_null__MT1V_reduced_38T_1V_power,horizon_24,factost_utp_finetune__server_a_day01_20260519_122851.sh
FactoST_UTP/full_shot/tfb-re_europe_wind_signal_COSMO_long_no_null__MT1V_reduced_38T_1V_power/horizon_24/factost_utp_finetune__server_a_day01_20260519_171557.sh,FactoST_UTP,full_shot,tfb-re_europe_wind_signal_COSMO_long_no_null__MT1V_reduced_38T_1V_power,horizon_24,factost_utp_finetune__server_a_day01_20260519_171557.sh
FactoST_UTP/full_shot/tfb-re_europe_wind_signal_COSMO_long_no_null__MT1V_reduced_38T_1V_power/horizon_24/factost_utp_finetune__server_a_day01_20260520_132941.sh,FactoST_UTP,full_shot,tfb-re_europe_wind_signal_COSMO_long_no_null__MT1V_reduced_38T_1V_power,horizon_24,factost_utp_finetune__server_a_day01_20260520_132941.sh
FactoST_UTP/full_shot/tfb-re_europe_wind_signal_COSMO_long_no_null__MT1V_reduced_38T_1V_power/horizon_72/factost_utp_finetune__server_a_day01_20260519_111959.sh,FactoST_UTP,full_shot,tfb-re_europe_wind_signal_COSMO_long_no_null__MT1V_reduced_38T_1V_power,horizon_72,factost_utp_finetune__server_a_day01_20260519_111959.sh
FactoST_UTP/full_shot/tfb-re_europe_wind_signal_COSMO_long_no_null__MT1V_reduced_38T_1V_power/horizon_72/factost_utp_finetune__server_a_day01_20260519_122851.sh,FactoST_UTP,full_shot,tfb-re_europe_wind_signal_COSMO_long_no_null__MT1V_reduced_38T_1V_power,horizon_72,factost_utp_finetune__server_a_day01_20260519_122851.sh
FactoST_UTP/full_shot/tfb-re_europe_wind_signal_COSMO_long_no_null__MT1V_reduced_38T_1V_power/horizon_72/factost_utp_finetune__server_a_day01_20260519_171557.sh,FactoST_UTP,full_shot,tfb-re_europe_wind_signal_COSMO_long_no_null__MT1V_reduced_38T_1V_power,horizon_72,factost_utp_finetune__server_a_day01_20260519_171557.sh
FactoST_UTP/full_shot/tfb-re_europe_wind_signal_COSMO_long_no_null__MT1V_reduced_38T_1V_power/horizon_72/factost_utp_finetune__server_a_day01_20260520_132941.sh,FactoST_UTP,full_shot,tfb-re_europe_wind_signal_COSMO_long_no_null__MT1V_reduced_38T_1V_power,horizon_72,factost_utp_finetune__server_a_day01_20260520_132941.sh
FactoST_UTP/full_shot/tfb-re_europe_wind_signal_ECMWF_long_no_null__MT1V_reduced_38T_1V_power/horizon_12/factost_utp_finetune.sh,FactoST_UTP,full_shot,tfb-re_europe_wind_signal_ECMWF_long_no_null__MT1V_reduced_38T_1V_power,horizon_12,factost_utp_finetune.sh
FactoST_UTP/full_shot/tfb-re_europe_wind_signal_ECMWF_long_no_null__MT1V_reduced_38T_1V_power/horizon_144/factost_utp_finetune.sh,FactoST_UTP,full_shot,tfb-re_europe_wind_signal_ECMWF_long_no_null__MT1V_reduced_38T_1V_power,horizon_144,factost_utp_finetune.sh
FactoST_UTP/full_shot/tfb-re_europe_wind_signal_ECMWF_long_no_null__MT1V_reduced_38T_1V_power/horizon_24/factost_utp_finetune.sh,FactoST_UTP,full_shot,tfb-re_europe_wind_signal_ECMWF_long_no_null__MT1V_reduced_38T_1V_power,horizon_24,factost_utp_finetune.sh
FactoST_UTP/full_shot/tfb-re_europe_wind_signal_ECMWF_long_no_null__MT1V_reduced_38T_1V_power/horizon_72/factost_utp_finetune.sh,FactoST_UTP,full_shot,tfb-re_europe_wind_signal_ECMWF_long_no_null__MT1V_reduced_38T_1V_power,horizon_72,factost_utp_finetune.sh
FactoST_UTP/full_shot/tfb-scada_fault_10min_cleaned_numeric_only/horizon_12/factost_utp_finetune.sh,FactoST_UTP,full_shot,tfb-scada_fault_10min_cleaned_numeric_only,horizon_12,factost_utp_finetune.sh
FactoST_UTP/full_shot/tfb-scada_fault_10min_cleaned_numeric_only/horizon_144/factost_utp_finetune.sh,FactoST_UTP,full_shot,tfb-scada_fault_10min_cleaned_numeric_only,horizon_144,factost_utp_finetune.sh
FactoST_UTP/full_shot/tfb-scada_fault_10min_cleaned_numeric_only/horizon_24/factost_utp_finetune.sh,FactoST_UTP,full_shot,tfb-scada_fault_10min_cleaned_numeric_only,horizon_24,factost_utp_finetune.sh
FactoST_UTP/full_shot/tfb-scada_fault_10min_cleaned_numeric_only/horizon_72/factost_utp_finetune.sh,FactoST_UTP,full_shot,tfb-scada_fault_10min_cleaned_numeric_only,horizon_72,factost_utp_finetune.sh
FactoST_UTP/full_shot/tfb-sdwpf_245days_v1_final_final_cleaned/horizon_12/factost_utp_finetune.sh,FactoST_UTP,full_shot,tfb-sdwpf_245days_v1_final_final_cleaned,horizon_12,factost_utp_finetune.sh
FactoST_UTP/full_shot/tfb-sdwpf_245days_v1_final_final_cleaned/horizon_144/factost_utp_finetune.sh,FactoST_UTP,full_shot,tfb-sdwpf_245days_v1_final_final_cleaned,horizon_144,factost_utp_finetune.sh
FactoST_UTP/full_shot/tfb-sdwpf_245days_v1_final_final_cleaned/horizon_24/factost_utp_finetune.sh,FactoST_UTP,full_shot,tfb-sdwpf_245days_v1_final_final_cleaned,horizon_24,factost_utp_finetune.sh
FactoST_UTP/full_shot/tfb-sdwpf_245days_v1_final_final_cleaned/horizon_72/factost_utp_finetune.sh,FactoST_UTP,full_shot,tfb-sdwpf_245days_v1_final_final_cleaned,horizon_72,factost_utp_finetune.sh
FactoST_UTP/zero_shot/tfb-Kelmarsh_filtered_wide__MTMV_reduced_3V_Power_(kW)/zero_shot_all_horizons.sh,FactoST_UTP,zero_shot,tfb-Kelmarsh_filtered_wide__MTMV_reduced_3V_Power_(kW),,zero_shot_all_horizons.sh
FactoST_UTP/zero_shot/tfb-Penmanshiel_filtered_wide__MTMV_reduced_3V_Power_(kW)__quality_trim_201607_201608_202009_202010/horizon_12/zero_shot_all_horizons.sh,FactoST_UTP,zero_shot,tfb-Penmanshiel_filtered_wide__MTMV_reduced_3V_Power_(kW)__quality_trim_201607_201608_202009_202010,horizon_12,zero_shot_all_horizons.sh
FactoST_UTP/zero_shot/tfb-Penmanshiel_filtered_wide__MTMV_reduced_3V_Power_(kW)__quality_trim_201607_201608_202009_202010/horizon_144/zero_shot_all_horizons.sh,FactoST_UTP,zero_shot,tfb-Penmanshiel_filtered_wide__MTMV_reduced_3V_Power_(kW)__quality_trim_201607_201608_202009_202010,horizon_144,zero_shot_all_horizons.sh
FactoST_UTP/zero_shot/tfb-Penmanshiel_filtered_wide__MTMV_reduced_3V_Power_(kW)__quality_trim_201607_201608_202009_202010/horizon_24/zero_shot_all_horizons.sh,FactoST_UTP,zero_shot,tfb-Penmanshiel_filtered_wide__MTMV_reduced_3V_Power_(kW)__quality_trim_201607_201608_202009_202010,horizon_24,zero_shot_all_horizons.sh
FactoST_UTP/zero_shot/tfb-Penmanshiel_filtered_wide__MTMV_reduced_3V_Power_(kW)__quality_trim_201607_201608_202009_202010/horizon_72/zero_shot_all_horizons.sh,FactoST_UTP,zero_shot,tfb-Penmanshiel_filtered_wide__MTMV_reduced_3V_Power_(kW)__quality_trim_201607_201608_202009_202010,horizon_72,zero_shot_all_horizons.sh
FactoST_UTP/zero_shot/tfb-UEBB_panel_wide_filled__MTMV_reduced_3V_active_power_total/horizon_12/zero_shot_all_horizons.sh,FactoST_UTP,zero_shot,tfb-UEBB_panel_wide_filled__MTMV_reduced_3V_active_power_total,horizon_12,zero_shot_all_horizons.sh
FactoST_UTP/zero_shot/tfb-UEBB_panel_wide_filled__MTMV_reduced_3V_active_power_total/horizon_144/zero_shot_all_horizons.sh,FactoST_UTP,zero_shot,tfb-UEBB_panel_wide_filled__MTMV_reduced_3V_active_power_total,horizon_144,zero_shot_all_horizons.sh
FactoST_UTP/zero_shot/tfb-UEBB_panel_wide_filled__MTMV_reduced_3V_active_power_total/horizon_24/zero_shot_all_horizons.sh,FactoST_UTP,zero_shot,tfb-UEBB_panel_wide_filled__MTMV_reduced_3V_active_power_total,horizon_24,zero_shot_all_horizons.sh
FactoST_UTP/zero_shot/tfb-UEBB_panel_wide_filled__MTMV_reduced_3V_active_power_total/horizon_72/zero_shot_all_horizons.sh,FactoST_UTP,zero_shot,tfb-UEBB_panel_wide_filled__MTMV_reduced_3V_active_power_total,horizon_72,zero_shot_all_horizons.sh
FactoST_UTP/zero_shot/tfb-UEPS_panel_wide_filled__MTMV_reduced_3V_active_power_total/horizon_12/zero_shot_all_horizons.sh,FactoST_UTP,zero_shot,tfb-UEPS_panel_wide_filled__MTMV_reduced_3V_active_power_total,horizon_12,zero_shot_all_horizons.sh
FactoST_UTP/zero_shot/tfb-UEPS_panel_wide_filled__MTMV_reduced_3V_active_power_total/horizon_144/zero_shot_all_horizons.sh,FactoST_UTP,zero_shot,tfb-UEPS_panel_wide_filled__MTMV_reduced_3V_active_power_total,horizon_144,zero_shot_all_horizons.sh
FactoST_UTP/zero_shot/tfb-UEPS_panel_wide_filled__MTMV_reduced_3V_active_power_total/horizon_24/zero_shot_all_horizons.sh,FactoST_UTP,zero_shot,tfb-UEPS_panel_wide_filled__MTMV_reduced_3V_active_power_total,horizon_24,zero_shot_all_horizons.sh
FactoST_UTP/zero_shot/tfb-UEPS_panel_wide_filled__MTMV_reduced_3V_active_power_total/horizon_72/zero_shot_all_horizons.sh,FactoST_UTP,zero_shot,tfb-UEPS_panel_wide_filled__MTMV_reduced_3V_active_power_total,horizon_72,zero_shot_all_horizons.sh
FactoST_UTP/zero_shot/tfb-UEPS_panel_wide_filled__MTMV_reduced_3V_active_power_total/zero_shot_all_horizons.sh,FactoST_UTP,zero_shot,tfb-UEPS_panel_wide_filled__MTMV_reduced_3V_active_power_total,,zero_shot_all_horizons.sh
FactoST_UTP/zero_shot/tfb-Wind farm site 1 (Nominal capacity-99MW)_final/horizon_12/zero_shot_all_horizons.sh,FactoST_UTP,zero_shot,tfb-Wind farm site 1 (Nominal capacity-99MW)_final,horizon_12,zero_shot_all_horizons.sh
FactoST_UTP/zero_shot/tfb-Wind farm site 1 (Nominal capacity-99MW)_final/horizon_144/zero_shot_all_horizons.sh,FactoST_UTP,zero_shot,tfb-Wind farm site 1 (Nominal capacity-99MW)_final,horizon_144,zero_shot_all_horizons.sh
FactoST_UTP/zero_shot/tfb-Wind farm site 1 (Nominal capacity-99MW)_final/horizon_24/zero_shot_all_horizons.sh,FactoST_UTP,zero_shot,tfb-Wind farm site 1 (Nominal capacity-99MW)_final,horizon_24,zero_shot_all_horizons.sh
FactoST_UTP/zero_shot/tfb-Wind farm site 1 (Nominal capacity-99MW)_final/horizon_72/zero_shot_all_horizons.sh,FactoST_UTP,zero_shot,tfb-Wind farm site 1 (Nominal capacity-99MW)_final,horizon_72,zero_shot_all_horizons.sh
FactoST_UTP/zero_shot/tfb-Wind farm site 2 (Nominal capacity-200MW)_final/horizon_12/zero_shot_all_horizons.sh,FactoST_UTP,zero_shot,tfb-Wind farm site 2 (Nominal capacity-200MW)_final,horizon_12,zero_shot_all_horizons.sh
FactoST_UTP/zero_shot/tfb-Wind farm site 2 (Nominal capacity-200MW)_final/horizon_144/zero_shot_all_horizons.sh,FactoST_UTP,zero_shot,tfb-Wind farm site 2 (Nominal capacity-200MW)_final,horizon_144,zero_shot_all_horizons.sh
FactoST_UTP/zero_shot/tfb-Wind farm site 2 (Nominal capacity-200MW)_final/horizon_24/zero_shot_all_horizons.sh,FactoST_UTP,zero_shot,tfb-Wind farm site 2 (Nominal capacity-200MW)_final,horizon_24,zero_shot_all_horizons.sh
FactoST_UTP/zero_shot/tfb-Wind farm site 2 (Nominal capacity-200MW)_final/horizon_72/zero_shot_all_horizons.sh,FactoST_UTP,zero_shot,tfb-Wind farm site 2 (Nominal capacity-200MW)_final,horizon_72,zero_shot_all_horizons.sh
FactoST_UTP/zero_shot/tfb-Wind farm site 3 (Nominal capacity-99MW)_final/horizon_12/zero_shot_all_horizons.sh,FactoST_UTP,zero_shot,tfb-Wind farm site 3 (Nominal capacity-99MW)_final,horizon_12,zero_shot_all_horizons.sh
FactoST_UTP/zero_shot/tfb-Wind farm site 3 (Nominal capacity-99MW)_final/horizon_144/zero_shot_all_horizons.sh,FactoST_UTP,zero_shot,tfb-Wind farm site 3 (Nominal capacity-99MW)_final,horizon_144,zero_shot_all_horizons.sh
FactoST_UTP/zero_shot/tfb-Wind farm site 3 (Nominal capacity-99MW)_final/horizon_24/zero_shot_all_horizons.sh,FactoST_UTP,zero_shot,tfb-Wind farm site 3 (Nominal capacity-99MW)_final,horizon_24,zero_shot_all_horizons.sh
FactoST_UTP/zero_shot/tfb-Wind farm site 3 (Nominal capacity-99MW)_final/horizon_72/zero_shot_all_horizons.sh,FactoST_UTP,zero_shot,tfb-Wind farm site 3 (Nominal capacity-99MW)_final,horizon_72,zero_shot_all_horizons.sh
FactoST_UTP/zero_shot/tfb-Wind farm site 4 (Nominal capacity-66MW)_final/horizon_12/zero_shot_all_horizons.sh,FactoST_UTP,zero_shot,tfb-Wind farm site 4 (Nominal capacity-66MW)_final,horizon_12,zero_shot_all_horizons.sh
FactoST_UTP/zero_shot/tfb-Wind farm site 4 (Nominal capacity-66MW)_final/horizon_144/zero_shot_all_horizons.sh,FactoST_UTP,zero_shot,tfb-Wind farm site 4 (Nominal capacity-66MW)_final,horizon_144,zero_shot_all_horizons.sh
FactoST_UTP/zero_shot/tfb-Wind farm site 4 (Nominal capacity-66MW)_final/horizon_24/zero_shot_all_horizons.sh,FactoST_UTP,zero_shot,tfb-Wind farm site 4 (Nominal capacity-66MW)_final,horizon_24,zero_shot_all_horizons.sh
FactoST_UTP/zero_shot/tfb-Wind farm site 4 (Nominal capacity-66MW)_final/horizon_72/zero_shot_all_horizons.sh,FactoST_UTP,zero_shot,tfb-Wind farm site 4 (Nominal capacity-66MW)_final,horizon_72,zero_shot_all_horizons.sh
FactoST_UTP/zero_shot/tfb-Wind farm site 6 (Nominal capacity-96MW)_final/horizon_12/zero_shot_all_horizons.sh,FactoST_UTP,zero_shot,tfb-Wind farm site 6 (Nominal capacity-96MW)_final,horizon_12,zero_shot_all_horizons.sh
FactoST_UTP/zero_shot/tfb-Wind farm site 6 (Nominal capacity-96MW)_final/horizon_144/zero_shot_all_horizons.sh,FactoST_UTP,zero_shot,tfb-Wind farm site 6 (Nominal capacity-96MW)_final,horizon_144,zero_shot_all_horizons.sh
FactoST_UTP/zero_shot/tfb-Wind farm site 6 (Nominal capacity-96MW)_final/horizon_24/zero_shot_all_horizons.sh,FactoST_UTP,zero_shot,tfb-Wind farm site 6 (Nominal capacity-96MW)_final,horizon_24,zero_shot_all_horizons.sh
FactoST_UTP/zero_shot/tfb-Wind farm site 6 (Nominal capacity-96MW)_final/horizon_72/zero_shot_all_horizons.sh,FactoST_UTP,zero_shot,tfb-Wind farm site 6 (Nominal capacity-96MW)_final,horizon_72,zero_shot_all_horizons.sh
FactoST_UTP/zero_shot/tfb-Wind_Farm_A_filtered_wide_long_fixed__1T1V_reduced_1T_1V_windpower/horizon_12/zero_shot_all_horizons.sh,FactoST_UTP,zero_shot,tfb-Wind_Farm_A_filtered_wide_long_fixed__1T1V_reduced_1T_1V_windpower,horizon_12,zero_shot_all_horizons.sh
FactoST_UTP/zero_shot/tfb-Wind_Farm_A_filtered_wide_long_fixed__1T1V_reduced_1T_1V_windpower/horizon_144/zero_shot_all_horizons.sh,FactoST_UTP,zero_shot,tfb-Wind_Farm_A_filtered_wide_long_fixed__1T1V_reduced_1T_1V_windpower,horizon_144,zero_shot_all_horizons.sh
FactoST_UTP/zero_shot/tfb-Wind_Farm_A_filtered_wide_long_fixed__1T1V_reduced_1T_1V_windpower/horizon_24/zero_shot_all_horizons.sh,FactoST_UTP,zero_shot,tfb-Wind_Farm_A_filtered_wide_long_fixed__1T1V_reduced_1T_1V_windpower,horizon_24,zero_shot_all_horizons.sh
FactoST_UTP/zero_shot/tfb-Wind_Farm_A_filtered_wide_long_fixed__1T1V_reduced_1T_1V_windpower/horizon_72/zero_shot_all_horizons.sh,FactoST_UTP,zero_shot,tfb-Wind_Farm_A_filtered_wide_long_fixed__1T1V_reduced_1T_1V_windpower,horizon_72,zero_shot_all_horizons.sh
FactoST_UTP/zero_shot/tfb-Wind_Farm_B_filtered_wide_long_fixed__1T1V_reduced_1T_1V_windpower/horizon_12/zero_shot_all_horizons.sh,FactoST_UTP,zero_shot,tfb-Wind_Farm_B_filtered_wide_long_fixed__1T1V_reduced_1T_1V_windpower,horizon_12,zero_shot_all_horizons.sh
FactoST_UTP/zero_shot/tfb-Wind_Farm_B_filtered_wide_long_fixed__1T1V_reduced_1T_1V_windpower/horizon_144/zero_shot_all_horizons.sh,FactoST_UTP,zero_shot,tfb-Wind_Farm_B_filtered_wide_long_fixed__1T1V_reduced_1T_1V_windpower,horizon_144,zero_shot_all_horizons.sh
FactoST_UTP/zero_shot/tfb-Wind_Farm_B_filtered_wide_long_fixed__1T1V_reduced_1T_1V_windpower/horizon_24/zero_shot_all_horizons.sh,FactoST_UTP,zero_shot,tfb-Wind_Farm_B_filtered_wide_long_fixed__1T1V_reduced_1T_1V_windpower,horizon_24,zero_shot_all_horizons.sh
FactoST_UTP/zero_shot/tfb-Wind_Farm_B_filtered_wide_long_fixed__1T1V_reduced_1T_1V_windpower/horizon_72/zero_shot_all_horizons.sh,FactoST_UTP,zero_shot,tfb-Wind_Farm_B_filtered_wide_long_fixed__1T1V_reduced_1T_1V_windpower,horizon_72,zero_shot_all_horizons.sh
FactoST_UTP/zero_shot/tfb-Wind_Farm_C_filtered_wide_long_fixed__MT1V_reduced_1V_windpower/horizon_12/zero_shot_all_horizons.sh,FactoST_UTP,zero_shot,tfb-Wind_Farm_C_filtered_wide_long_fixed__MT1V_reduced_1V_windpower,horizon_12,zero_shot_all_horizons.sh
FactoST_UTP/zero_shot/tfb-Wind_Farm_C_filtered_wide_long_fixed__MT1V_reduced_1V_windpower/horizon_144/zero_shot_all_horizons.sh,FactoST_UTP,zero_shot,tfb-Wind_Farm_C_filtered_wide_long_fixed__MT1V_reduced_1V_windpower,horizon_144,zero_shot_all_horizons.sh
FactoST_UTP/zero_shot/tfb-Wind_Farm_C_filtered_wide_long_fixed__MT1V_reduced_1V_windpower/horizon_24/zero_shot_all_horizons.sh,FactoST_UTP,zero_shot,tfb-Wind_Farm_C_filtered_wide_long_fixed__MT1V_reduced_1V_windpower,horizon_24,zero_shot_all_horizons.sh
FactoST_UTP/zero_shot/tfb-Wind_Farm_C_filtered_wide_long_fixed__MT1V_reduced_1V_windpower/horizon_72/zero_shot_all_horizons.sh,FactoST_UTP,zero_shot,tfb-Wind_Farm_C_filtered_wide_long_fixed__MT1V_reduced_1V_windpower,horizon_72,zero_shot_all_horizons.sh
FactoST_UTP/zero_shot/tfb-Yalova_final_ready/horizon_12/zero_shot_all_horizons.sh,FactoST_UTP,zero_shot,tfb-Yalova_final_ready,horizon_12,zero_shot_all_horizons.sh
FactoST_UTP/zero_shot/tfb-Yalova_final_ready/horizon_144/zero_shot_all_horizons.sh,FactoST_UTP,zero_shot,tfb-Yalova_final_ready,horizon_144,zero_shot_all_horizons.sh
FactoST_UTP/zero_shot/tfb-Yalova_final_ready/horizon_24/zero_shot_all_horizons.sh,FactoST_UTP,zero_shot,tfb-Yalova_final_ready,horizon_24,zero_shot_all_horizons.sh
FactoST_UTP/zero_shot/tfb-Yalova_final_ready/horizon_72/zero_shot_all_horizons.sh,FactoST_UTP,zero_shot,tfb-Yalova_final_ready,horizon_72,zero_shot_all_horizons.sh
FactoST_UTP/zero_shot/tfb-Yalova_final_ready/zero_shot_all_horizons.sh,FactoST_UTP,zero_shot,tfb-Yalova_final_ready,,zero_shot_all_horizons.sh
FactoST_UTP/zero_shot/tfb-aemo/horizon_12/zero_shot_all_horizons.sh,FactoST_UTP,zero_shot,tfb-aemo,horizon_12,zero_shot_all_horizons.sh
FactoST_UTP/zero_shot/tfb-aemo/horizon_144/zero_shot_all_horizons.sh,FactoST_UTP,zero_shot,tfb-aemo,horizon_144,zero_shot_all_horizons.sh
FactoST_UTP/zero_shot/tfb-aemo/horizon_24/zero_shot_all_horizons.sh,FactoST_UTP,zero_shot,tfb-aemo,horizon_24,zero_shot_all_horizons.sh
FactoST_UTP/zero_shot/tfb-aemo/horizon_72/zero_shot_all_horizons.sh,FactoST_UTP,zero_shot,tfb-aemo,horizon_72,zero_shot_all_horizons.sh
FactoST_UTP/zero_shot/tfb-chalmers_merged_processed_data_fixed_combined__1T1V_reduced_1min_1T_1V_power/horizon_12/zero_shot_all_horizons.sh,FactoST_UTP,zero_shot,tfb-chalmers_merged_processed_data_fixed_combined__1T1V_reduced_1min_1T_1V_power,horizon_12,zero_shot_all_horizons.sh
FactoST_UTP/zero_shot/tfb-chalmers_merged_processed_data_fixed_combined__1T1V_reduced_1min_1T_1V_power/horizon_144/zero_shot_all_horizons.sh,FactoST_UTP,zero_shot,tfb-chalmers_merged_processed_data_fixed_combined__1T1V_reduced_1min_1T_1V_power,horizon_144,zero_shot_all_horizons.sh
FactoST_UTP/zero_shot/tfb-chalmers_merged_processed_data_fixed_combined__1T1V_reduced_1min_1T_1V_power/horizon_24/zero_shot_all_horizons.sh,FactoST_UTP,zero_shot,tfb-chalmers_merged_processed_data_fixed_combined__1T1V_reduced_1min_1T_1V_power,horizon_24,zero_shot_all_horizons.sh
FactoST_UTP/zero_shot/tfb-chalmers_merged_processed_data_fixed_combined__1T1V_reduced_1min_1T_1V_power/horizon_72/zero_shot_all_horizons.sh,FactoST_UTP,zero_shot,tfb-chalmers_merged_processed_data_fixed_combined__1T1V_reduced_1min_1T_1V_power,horizon_72,zero_shot_all_horizons.sh
FactoST_UTP/zero_shot/tfb-gefcom2012/horizon_12/zero_shot_all_horizons.sh,FactoST_UTP,zero_shot,tfb-gefcom2012,horizon_12,zero_shot_all_horizons.sh
FactoST_UTP/zero_shot/tfb-gefcom2012/horizon_144/zero_shot_all_horizons.sh,FactoST_UTP,zero_shot,tfb-gefcom2012,horizon_144,zero_shot_all_horizons.sh
FactoST_UTP/zero_shot/tfb-gefcom2012/horizon_24/zero_shot_all_horizons.sh,FactoST_UTP,zero_shot,tfb-gefcom2012,horizon_24,zero_shot_all_horizons.sh
FactoST_UTP/zero_shot/tfb-gefcom2012/horizon_72/zero_shot_all_horizons.sh,FactoST_UTP,zero_shot,tfb-gefcom2012,horizon_72,zero_shot_all_horizons.sh
FactoST_UTP/zero_shot/tfb-gefcom2014/horizon_12/zero_shot_all_horizons.sh,FactoST_UTP,zero_shot,tfb-gefcom2014,horizon_12,zero_shot_all_horizons.sh
FactoST_UTP/zero_shot/tfb-gefcom2014/horizon_144/zero_shot_all_horizons.sh,FactoST_UTP,zero_shot,tfb-gefcom2014,horizon_144,zero_shot_all_horizons.sh
FactoST_UTP/zero_shot/tfb-gefcom2014/horizon_24/zero_shot_all_horizons.sh,FactoST_UTP,zero_shot,tfb-gefcom2014,horizon_24,zero_shot_all_horizons.sh
FactoST_UTP/zero_shot/tfb-gefcom2014/horizon_72/zero_shot_all_horizons.sh,FactoST_UTP,zero_shot,tfb-gefcom2014,horizon_72,zero_shot_all_horizons.sh
FactoST_UTP/zero_shot/tfb-kaggle1_final_benchmark_v3_ready_no_turbinestatus/horizon_12/zero_shot_all_horizons.sh,FactoST_UTP,zero_shot,tfb-kaggle1_final_benchmark_v3_ready_no_turbinestatus,horizon_12,zero_shot_all_horizons.sh
FactoST_UTP/zero_shot/tfb-kaggle1_final_benchmark_v3_ready_no_turbinestatus/horizon_144/zero_shot_all_horizons.sh,FactoST_UTP,zero_shot,tfb-kaggle1_final_benchmark_v3_ready_no_turbinestatus,horizon_144,zero_shot_all_horizons.sh
FactoST_UTP/zero_shot/tfb-kaggle1_final_benchmark_v3_ready_no_turbinestatus/horizon_24/zero_shot_all_horizons.sh,FactoST_UTP,zero_shot,tfb-kaggle1_final_benchmark_v3_ready_no_turbinestatus,horizon_24,zero_shot_all_horizons.sh
FactoST_UTP/zero_shot/tfb-kaggle1_final_benchmark_v3_ready_no_turbinestatus/horizon_72/zero_shot_all_horizons.sh,FactoST_UTP,zero_shot,tfb-kaggle1_final_benchmark_v3_ready_no_turbinestatus,horizon_72,zero_shot_all_horizons.sh
FactoST_UTP/zero_shot/tfb-maelstrom_turbine_1_univariate/horizon_12/zero_shot_all_horizons.sh,FactoST_UTP,zero_shot,tfb-maelstrom_turbine_1_univariate,horizon_12,zero_shot_all_horizons.sh
FactoST_UTP/zero_shot/tfb-maelstrom_turbine_1_univariate/horizon_144/zero_shot_all_horizons.sh,FactoST_UTP,zero_shot,tfb-maelstrom_turbine_1_univariate,horizon_144,zero_shot_all_horizons.sh
FactoST_UTP/zero_shot/tfb-maelstrom_turbine_1_univariate/horizon_24/zero_shot_all_horizons.sh,FactoST_UTP,zero_shot,tfb-maelstrom_turbine_1_univariate,horizon_24,zero_shot_all_horizons.sh
FactoST_UTP/zero_shot/tfb-maelstrom_turbine_1_univariate/horizon_72/zero_shot_all_horizons.sh,FactoST_UTP,zero_shot,tfb-maelstrom_turbine_1_univariate,horizon_72,zero_shot_all_horizons.sh
FactoST_UTP/zero_shot/tfb-maelstrom_turbine_2_univariate/horizon_12/zero_shot_all_horizons.sh,FactoST_UTP,zero_shot,tfb-maelstrom_turbine_2_univariate,horizon_12,zero_shot_all_horizons.sh
FactoST_UTP/zero_shot/tfb-maelstrom_turbine_2_univariate/horizon_144/zero_shot_all_horizons.sh,FactoST_UTP,zero_shot,tfb-maelstrom_turbine_2_univariate,horizon_144,zero_shot_all_horizons.sh
FactoST_UTP/zero_shot/tfb-maelstrom_turbine_2_univariate/horizon_24/zero_shot_all_horizons.sh,FactoST_UTP,zero_shot,tfb-maelstrom_turbine_2_univariate,horizon_24,zero_shot_all_horizons.sh
FactoST_UTP/zero_shot/tfb-maelstrom_turbine_2_univariate/horizon_72/zero_shot_all_horizons.sh,FactoST_UTP,zero_shot,tfb-maelstrom_turbine_2_univariate,horizon_72,zero_shot_all_horizons.sh
FactoST_UTP/zero_shot/tfb-maelstrom_turbine_3_univariate/horizon_12/zero_shot_all_horizons.sh,FactoST_UTP,zero_shot,tfb-maelstrom_turbine_3_univariate,horizon_12,zero_shot_all_horizons.sh
FactoST_UTP/zero_shot/tfb-maelstrom_turbine_3_univariate/horizon_144/zero_shot_all_horizons.sh,FactoST_UTP,zero_shot,tfb-maelstrom_turbine_3_univariate,horizon_144,zero_shot_all_horizons.sh
FactoST_UTP/zero_shot/tfb-maelstrom_turbine_3_univariate/horizon_24/zero_shot_all_horizons.sh,FactoST_UTP,zero_shot,tfb-maelstrom_turbine_3_univariate,horizon_24,zero_shot_all_horizons.sh
FactoST_UTP/zero_shot/tfb-maelstrom_turbine_3_univariate/horizon_72/zero_shot_all_horizons.sh,FactoST_UTP,zero_shot,tfb-maelstrom_turbine_3_univariate,horizon_72,zero_shot_all_horizons.sh
FactoST_UTP/zero_shot/tfb-maelstrom_turbine_4_univariate/horizon_12/zero_shot_all_horizons.sh,FactoST_UTP,zero_shot,tfb-maelstrom_turbine_4_univariate,horizon_12,zero_shot_all_horizons.sh
FactoST_UTP/zero_shot/tfb-maelstrom_turbine_4_univariate/horizon_144/zero_shot_all_horizons.sh,FactoST_UTP,zero_shot,tfb-maelstrom_turbine_4_univariate,horizon_144,zero_shot_all_horizons.sh
FactoST_UTP/zero_shot/tfb-maelstrom_turbine_4_univariate/horizon_24/zero_shot_all_horizons.sh,FactoST_UTP,zero_shot,tfb-maelstrom_turbine_4_univariate,horizon_24,zero_shot_all_horizons.sh
FactoST_UTP/zero_shot/tfb-maelstrom_turbine_4_univariate/horizon_72/zero_shot_all_horizons.sh,FactoST_UTP,zero_shot,tfb-maelstrom_turbine_4_univariate,horizon_72,zero_shot_all_horizons.sh
FactoST_UTP/zero_shot/tfb-re_europe_wind_signal_COSMO_long_no_null__MT1V_reduced_38T_1V_power/zero_shot_all_horizons.sh,FactoST_UTP,zero_shot,tfb-re_europe_wind_signal_COSMO_long_no_null__MT1V_reduced_38T_1V_power,,zero_shot_all_horizons.sh
FactoST_UTP/zero_shot/tfb-re_europe_wind_signal_ECMWF_long_no_null__MT1V_reduced_38T_1V_power/horizon_12/zero_shot_all_horizons.sh,FactoST_UTP,zero_shot,tfb-re_europe_wind_signal_ECMWF_long_no_null__MT1V_reduced_38T_1V_power,horizon_12,zero_shot_all_horizons.sh
FactoST_UTP/zero_shot/tfb-re_europe_wind_signal_ECMWF_long_no_null__MT1V_reduced_38T_1V_power/horizon_144/zero_shot_all_horizons.sh,FactoST_UTP,zero_shot,tfb-re_europe_wind_signal_ECMWF_long_no_null__MT1V_reduced_38T_1V_power,horizon_144,zero_shot_all_horizons.sh
FactoST_UTP/zero_shot/tfb-re_europe_wind_signal_ECMWF_long_no_null__MT1V_reduced_38T_1V_power/horizon_24/zero_shot_all_horizons.sh,FactoST_UTP,zero_shot,tfb-re_europe_wind_signal_ECMWF_long_no_null__MT1V_reduced_38T_1V_power,horizon_24,zero_shot_all_horizons.sh
FactoST_UTP/zero_shot/tfb-re_europe_wind_signal_ECMWF_long_no_null__MT1V_reduced_38T_1V_power/horizon_72/zero_shot_all_horizons.sh,FactoST_UTP,zero_shot,tfb-re_europe_wind_signal_ECMWF_long_no_null__MT1V_reduced_38T_1V_power,horizon_72,zero_shot_all_horizons.sh
FactoST_UTP/zero_shot/tfb-scada_fault_10min_cleaned_numeric_only/horizon_12/zero_shot_all_horizons.sh,FactoST_UTP,zero_shot,tfb-scada_fault_10min_cleaned_numeric_only,horizon_12,zero_shot_all_horizons.sh
FactoST_UTP/zero_shot/tfb-scada_fault_10min_cleaned_numeric_only/horizon_144/zero_shot_all_horizons.sh,FactoST_UTP,zero_shot,tfb-scada_fault_10min_cleaned_numeric_only,horizon_144,zero_shot_all_horizons.sh
FactoST_UTP/zero_shot/tfb-scada_fault_10min_cleaned_numeric_only/horizon_24/zero_shot_all_horizons.sh,FactoST_UTP,zero_shot,tfb-scada_fault_10min_cleaned_numeric_only,horizon_24,zero_shot_all_horizons.sh
FactoST_UTP/zero_shot/tfb-scada_fault_10min_cleaned_numeric_only/horizon_72/zero_shot_all_horizons.sh,FactoST_UTP,zero_shot,tfb-scada_fault_10min_cleaned_numeric_only,horizon_72,zero_shot_all_horizons.sh
FactoST_UTP/zero_shot/tfb-scada_fault_10min_cleaned_numeric_only/zero_shot__q3_0559_scada_fault_FactoST_UTP_zero_shot.sh,FactoST_UTP,zero_shot,tfb-scada_fault_10min_cleaned_numeric_only,,zero_shot__q3_0559_scada_fault_FactoST_UTP_zero_shot.sh
FactoST_UTP/zero_shot/tfb-sdwpf_245days_v1_final_final_cleaned/zero_shot_all_horizons.sh,FactoST_UTP,zero_shot,tfb-sdwpf_245days_v1_final_final_cleaned,,zero_shot_all_horizons.sh
LR/hpo/tfb-Kelmarsh_filtered_wide__MTMV_reduced_3V_Power_(kW)/horizon_12/hpo_all_horizons.sh,LR,hpo,tfb-Kelmarsh_filtered_wide__MTMV_reduced_3V_Power_(kW),horizon_12,hpo_all_horizons.sh
LR/hpo/tfb-Kelmarsh_filtered_wide__MTMV_reduced_3V_Power_(kW)/horizon_144/hpo_all_horizons.sh,LR,hpo,tfb-Kelmarsh_filtered_wide__MTMV_reduced_3V_Power_(kW),horizon_144,hpo_all_horizons.sh
LR/hpo/tfb-Kelmarsh_filtered_wide__MTMV_reduced_3V_Power_(kW)/horizon_24/hpo_all_horizons.sh,LR,hpo,tfb-Kelmarsh_filtered_wide__MTMV_reduced_3V_Power_(kW),horizon_24,hpo_all_horizons.sh
LR/hpo/tfb-Kelmarsh_filtered_wide__MTMV_reduced_3V_Power_(kW)/horizon_72/hpo_all_horizons.sh,LR,hpo,tfb-Kelmarsh_filtered_wide__MTMV_reduced_3V_Power_(kW),horizon_72,hpo_all_horizons.sh
LR/hpo/tfb-Penmanshiel_filtered_wide__MTMV_reduced_3V_Power_(kW)__quality_trim_201607_201608_202009_202010/horizon_12/hpo_all_horizons.sh,LR,hpo,tfb-Penmanshiel_filtered_wide__MTMV_reduced_3V_Power_(kW)__quality_trim_201607_201608_202009_202010,horizon_12,hpo_all_horizons.sh
LR/hpo/tfb-Penmanshiel_filtered_wide__MTMV_reduced_3V_Power_(kW)__quality_trim_201607_201608_202009_202010/horizon_144/hpo_all_horizons.sh,LR,hpo,tfb-Penmanshiel_filtered_wide__MTMV_reduced_3V_Power_(kW)__quality_trim_201607_201608_202009_202010,horizon_144,hpo_all_horizons.sh
LR/hpo/tfb-Penmanshiel_filtered_wide__MTMV_reduced_3V_Power_(kW)__quality_trim_201607_201608_202009_202010/horizon_24/hpo_all_horizons.sh,LR,hpo,tfb-Penmanshiel_filtered_wide__MTMV_reduced_3V_Power_(kW)__quality_trim_201607_201608_202009_202010,horizon_24,hpo_all_horizons.sh
LR/hpo/tfb-Penmanshiel_filtered_wide__MTMV_reduced_3V_Power_(kW)__quality_trim_201607_201608_202009_202010/horizon_72/hpo_all_horizons.sh,LR,hpo,tfb-Penmanshiel_filtered_wide__MTMV_reduced_3V_Power_(kW)__quality_trim_201607_201608_202009_202010,horizon_72,hpo_all_horizons.sh
LR/hpo/tfb-UEBB_panel_wide_filled__MTMV_reduced_3V_active_power_total/horizon_12/hpo_all_horizons.sh,LR,hpo,tfb-UEBB_panel_wide_filled__MTMV_reduced_3V_active_power_total,horizon_12,hpo_all_horizons.sh
LR/hpo/tfb-UEBB_panel_wide_filled__MTMV_reduced_3V_active_power_total/horizon_144/hpo_all_horizons.sh,LR,hpo,tfb-UEBB_panel_wide_filled__MTMV_reduced_3V_active_power_total,horizon_144,hpo_all_horizons.sh
LR/hpo/tfb-UEBB_panel_wide_filled__MTMV_reduced_3V_active_power_total/horizon_24/hpo_all_horizons.sh,LR,hpo,tfb-UEBB_panel_wide_filled__MTMV_reduced_3V_active_power_total,horizon_24,hpo_all_horizons.sh
LR/hpo/tfb-UEBB_panel_wide_filled__MTMV_reduced_3V_active_power_total/horizon_72/hpo_all_horizons.sh,LR,hpo,tfb-UEBB_panel_wide_filled__MTMV_reduced_3V_active_power_total,horizon_72,hpo_all_horizons.sh
LR/hpo/tfb-UEPS_panel_wide_filled__MTMV_reduced_3V_active_power_total/horizon_12/hpo_all_horizons.sh,LR,hpo,tfb-UEPS_panel_wide_filled__MTMV_reduced_3V_active_power_total,horizon_12,hpo_all_horizons.sh
LR/hpo/tfb-UEPS_panel_wide_filled__MTMV_reduced_3V_active_power_total/horizon_144/hpo_all_horizons.sh,LR,hpo,tfb-UEPS_panel_wide_filled__MTMV_reduced_3V_active_power_total,horizon_144,hpo_all_horizons.sh
LR/hpo/tfb-UEPS_panel_wide_filled__MTMV_reduced_3V_active_power_total/horizon_24/hpo_all_horizons.sh,LR,hpo,tfb-UEPS_panel_wide_filled__MTMV_reduced_3V_active_power_total,horizon_24,hpo_all_horizons.sh
LR/hpo/tfb-UEPS_panel_wide_filled__MTMV_reduced_3V_active_power_total/horizon_72/hpo_all_horizons.sh,LR,hpo,tfb-UEPS_panel_wide_filled__MTMV_reduced_3V_active_power_total,horizon_72,hpo_all_horizons.sh
LR/hpo/tfb-Wind farm site 1 (Nominal capacity-99MW)_final/horizon_12/hpo_all_horizons.sh,LR,hpo,tfb-Wind farm site 1 (Nominal capacity-99MW)_final,horizon_12,hpo_all_horizons.sh
LR/hpo/tfb-Wind farm site 1 (Nominal capacity-99MW)_final/horizon_144/hpo_all_horizons.sh,LR,hpo,tfb-Wind farm site 1 (Nominal capacity-99MW)_final,horizon_144,hpo_all_horizons.sh
LR/hpo/tfb-Wind farm site 1 (Nominal capacity-99MW)_final/horizon_24/hpo_all_horizons.sh,LR,hpo,tfb-Wind farm site 1 (Nominal capacity-99MW)_final,horizon_24,hpo_all_horizons.sh
LR/hpo/tfb-Wind farm site 1 (Nominal capacity-99MW)_final/horizon_72/hpo_all_horizons.sh,LR,hpo,tfb-Wind farm site 1 (Nominal capacity-99MW)_final,horizon_72,hpo_all_horizons.sh
LR/hpo/tfb-Wind farm site 2 (Nominal capacity-200MW)_final/horizon_12/hpo_all_horizons.sh,LR,hpo,tfb-Wind farm site 2 (Nominal capacity-200MW)_final,horizon_12,hpo_all_horizons.sh
LR/hpo/tfb-Wind farm site 2 (Nominal capacity-200MW)_final/horizon_144/hpo_all_horizons.sh,LR,hpo,tfb-Wind farm site 2 (Nominal capacity-200MW)_final,horizon_144,hpo_all_horizons.sh
LR/hpo/tfb-Wind farm site 2 (Nominal capacity-200MW)_final/horizon_24/hpo_all_horizons.sh,LR,hpo,tfb-Wind farm site 2 (Nominal capacity-200MW)_final,horizon_24,hpo_all_horizons.sh
LR/hpo/tfb-Wind farm site 2 (Nominal capacity-200MW)_final/horizon_72/hpo_all_horizons.sh,LR,hpo,tfb-Wind farm site 2 (Nominal capacity-200MW)_final,horizon_72,hpo_all_horizons.sh
LR/hpo/tfb-Wind farm site 3 (Nominal capacity-99MW)_final/horizon_12/hpo_all_horizons.sh,LR,hpo,tfb-Wind farm site 3 (Nominal capacity-99MW)_final,horizon_12,hpo_all_horizons.sh
LR/hpo/tfb-Wind farm site 3 (Nominal capacity-99MW)_final/horizon_144/hpo_all_horizons.sh,LR,hpo,tfb-Wind farm site 3 (Nominal capacity-99MW)_final,horizon_144,hpo_all_horizons.sh
LR/hpo/tfb-Wind farm site 3 (Nominal capacity-99MW)_final/horizon_24/hpo_all_horizons.sh,LR,hpo,tfb-Wind farm site 3 (Nominal capacity-99MW)_final,horizon_24,hpo_all_horizons.sh
LR/hpo/tfb-Wind farm site 3 (Nominal capacity-99MW)_final/horizon_72/hpo_all_horizons.sh,LR,hpo,tfb-Wind farm site 3 (Nominal capacity-99MW)_final,horizon_72,hpo_all_horizons.sh
LR/hpo/tfb-Wind farm site 4 (Nominal capacity-66MW)_final/horizon_12/hpo_all_horizons.sh,LR,hpo,tfb-Wind farm site 4 (Nominal capacity-66MW)_final,horizon_12,hpo_all_horizons.sh
LR/hpo/tfb-Wind farm site 4 (Nominal capacity-66MW)_final/horizon_144/hpo_all_horizons.sh,LR,hpo,tfb-Wind farm site 4 (Nominal capacity-66MW)_final,horizon_144,hpo_all_horizons.sh
LR/hpo/tfb-Wind farm site 4 (Nominal capacity-66MW)_final/horizon_24/hpo_all_horizons.sh,LR,hpo,tfb-Wind farm site 4 (Nominal capacity-66MW)_final,horizon_24,hpo_all_horizons.sh
LR/hpo/tfb-Wind farm site 4 (Nominal capacity-66MW)_final/horizon_72/hpo_all_horizons.sh,LR,hpo,tfb-Wind farm site 4 (Nominal capacity-66MW)_final,horizon_72,hpo_all_horizons.sh
LR/hpo/tfb-Wind farm site 6 (Nominal capacity-96MW)_final/horizon_12/hpo_all_horizons.sh,LR,hpo,tfb-Wind farm site 6 (Nominal capacity-96MW)_final,horizon_12,hpo_all_horizons.sh
LR/hpo/tfb-Wind farm site 6 (Nominal capacity-96MW)_final/horizon_144/hpo_all_horizons.sh,LR,hpo,tfb-Wind farm site 6 (Nominal capacity-96MW)_final,horizon_144,hpo_all_horizons.sh
LR/hpo/tfb-Wind farm site 6 (Nominal capacity-96MW)_final/horizon_24/hpo_all_horizons.sh,LR,hpo,tfb-Wind farm site 6 (Nominal capacity-96MW)_final,horizon_24,hpo_all_horizons.sh
LR/hpo/tfb-Wind farm site 6 (Nominal capacity-96MW)_final/horizon_72/hpo_all_horizons.sh,LR,hpo,tfb-Wind farm site 6 (Nominal capacity-96MW)_final,horizon_72,hpo_all_horizons.sh
LR/hpo/tfb-Wind_Farm_A_filtered_wide_long_fixed__1T1V_reduced_1T_1V_windpower/horizon_12/hpo_all_horizons.sh,LR,hpo,tfb-Wind_Farm_A_filtered_wide_long_fixed__1T1V_reduced_1T_1V_windpower,horizon_12,hpo_all_horizons.sh
LR/hpo/tfb-Wind_Farm_A_filtered_wide_long_fixed__1T1V_reduced_1T_1V_windpower/horizon_144/hpo_all_horizons.sh,LR,hpo,tfb-Wind_Farm_A_filtered_wide_long_fixed__1T1V_reduced_1T_1V_windpower,horizon_144,hpo_all_horizons.sh
LR/hpo/tfb-Wind_Farm_A_filtered_wide_long_fixed__1T1V_reduced_1T_1V_windpower/horizon_24/hpo_all_horizons.sh,LR,hpo,tfb-Wind_Farm_A_filtered_wide_long_fixed__1T1V_reduced_1T_1V_windpower,horizon_24,hpo_all_horizons.sh
LR/hpo/tfb-Wind_Farm_A_filtered_wide_long_fixed__1T1V_reduced_1T_1V_windpower/horizon_72/hpo_all_horizons.sh,LR,hpo,tfb-Wind_Farm_A_filtered_wide_long_fixed__1T1V_reduced_1T_1V_windpower,horizon_72,hpo_all_horizons.sh
LR/hpo/tfb-Wind_Farm_B_filtered_wide_long_fixed__1T1V_reduced_1T_1V_windpower/horizon_12/hpo_all_horizons.sh,LR,hpo,tfb-Wind_Farm_B_filtered_wide_long_fixed__1T1V_reduced_1T_1V_windpower,horizon_12,hpo_all_horizons.sh
LR/hpo/tfb-Wind_Farm_B_filtered_wide_long_fixed__1T1V_reduced_1T_1V_windpower/horizon_144/hpo_all_horizons.sh,LR,hpo,tfb-Wind_Farm_B_filtered_wide_long_fixed__1T1V_reduced_1T_1V_windpower,horizon_144,hpo_all_horizons.sh
LR/hpo/tfb-Wind_Farm_B_filtered_wide_long_fixed__1T1V_reduced_1T_1V_windpower/horizon_24/hpo_all_horizons.sh,LR,hpo,tfb-Wind_Farm_B_filtered_wide_long_fixed__1T1V_reduced_1T_1V_windpower,horizon_24,hpo_all_horizons.sh
LR/hpo/tfb-Wind_Farm_B_filtered_wide_long_fixed__1T1V_reduced_1T_1V_windpower/horizon_72/hpo_all_horizons.sh,LR,hpo,tfb-Wind_Farm_B_filtered_wide_long_fixed__1T1V_reduced_1T_1V_windpower,horizon_72,hpo_all_horizons.sh
LR/hpo/tfb-Wind_Farm_C_filtered_wide_long_fixed__MT1V_reduced_1V_windpower/horizon_12/hpo_all_horizons.sh,LR,hpo,tfb-Wind_Farm_C_filtered_wide_long_fixed__MT1V_reduced_1V_windpower,horizon_12,hpo_all_horizons.sh
LR/hpo/tfb-Wind_Farm_C_filtered_wide_long_fixed__MT1V_reduced_1V_windpower/horizon_144/hpo_all_horizons.sh,LR,hpo,tfb-Wind_Farm_C_filtered_wide_long_fixed__MT1V_reduced_1V_windpower,horizon_144,hpo_all_horizons.sh
LR/hpo/tfb-Wind_Farm_C_filtered_wide_long_fixed__MT1V_reduced_1V_windpower/horizon_24/hpo_all_horizons.sh,LR,hpo,tfb-Wind_Farm_C_filtered_wide_long_fixed__MT1V_reduced_1V_windpower,horizon_24,hpo_all_horizons.sh
LR/hpo/tfb-Wind_Farm_C_filtered_wide_long_fixed__MT1V_reduced_1V_windpower/horizon_72/hpo_all_horizons.sh,LR,hpo,tfb-Wind_Farm_C_filtered_wide_long_fixed__MT1V_reduced_1V_windpower,horizon_72,hpo_all_horizons.sh
LR/hpo/tfb-Yalova_final_ready/horizon_12/hpo_all_horizons.sh,LR,hpo,tfb-Yalova_final_ready,horizon_12,hpo_all_horizons.sh
LR/hpo/tfb-Yalova_final_ready/horizon_144/hpo_all_horizons.sh,LR,hpo,tfb-Yalova_final_ready,horizon_144,hpo_all_horizons.sh
LR/hpo/tfb-Yalova_final_ready/horizon_24/hpo_all_horizons.sh,LR,hpo,tfb-Yalova_final_ready,horizon_24,hpo_all_horizons.sh
LR/hpo/tfb-Yalova_final_ready/horizon_72/hpo_all_horizons.sh,LR,hpo,tfb-Yalova_final_ready,horizon_72,hpo_all_horizons.sh
LR/hpo/tfb-aemo/horizon_12/hpo_all_horizons.sh,LR,hpo,tfb-aemo,horizon_12,hpo_all_horizons.sh
LR/hpo/tfb-aemo/horizon_144/hpo_all_horizons.sh,LR,hpo,tfb-aemo,horizon_144,hpo_all_horizons.sh
LR/hpo/tfb-aemo/horizon_24/hpo_all_horizons.sh,LR,hpo,tfb-aemo,horizon_24,hpo_all_horizons.sh
LR/hpo/tfb-aemo/horizon_72/hpo_all_horizons.sh,LR,hpo,tfb-aemo,horizon_72,hpo_all_horizons.sh
LR/hpo/tfb-chalmers_merged_processed_data_fixed_combined__1T1V_reduced_1min_1T_1V_power/horizon_12/hpo_all_horizons.sh,LR,hpo,tfb-chalmers_merged_processed_data_fixed_combined__1T1V_reduced_1min_1T_1V_power,horizon_12,hpo_all_horizons.sh
LR/hpo/tfb-chalmers_merged_processed_data_fixed_combined__1T1V_reduced_1min_1T_1V_power/horizon_144/hpo_all_horizons.sh,LR,hpo,tfb-chalmers_merged_processed_data_fixed_combined__1T1V_reduced_1min_1T_1V_power,horizon_144,hpo_all_horizons.sh
LR/hpo/tfb-chalmers_merged_processed_data_fixed_combined__1T1V_reduced_1min_1T_1V_power/horizon_24/hpo_all_horizons.sh,LR,hpo,tfb-chalmers_merged_processed_data_fixed_combined__1T1V_reduced_1min_1T_1V_power,horizon_24,hpo_all_horizons.sh
LR/hpo/tfb-chalmers_merged_processed_data_fixed_combined__1T1V_reduced_1min_1T_1V_power/horizon_72/hpo_all_horizons.sh,LR,hpo,tfb-chalmers_merged_processed_data_fixed_combined__1T1V_reduced_1min_1T_1V_power,horizon_72,hpo_all_horizons.sh
LR/hpo/tfb-gefcom2012/horizon_12/hpo_all_horizons.sh,LR,hpo,tfb-gefcom2012,horizon_12,hpo_all_horizons.sh
LR/hpo/tfb-gefcom2012/horizon_144/hpo_all_horizons.sh,LR,hpo,tfb-gefcom2012,horizon_144,hpo_all_horizons.sh
LR/hpo/tfb-gefcom2012/horizon_24/hpo_all_horizons.sh,LR,hpo,tfb-gefcom2012,horizon_24,hpo_all_horizons.sh
LR/hpo/tfb-gefcom2012/horizon_72/hpo_all_horizons.sh,LR,hpo,tfb-gefcom2012,horizon_72,hpo_all_horizons.sh
LR/hpo/tfb-gefcom2014/horizon_12/hpo_all_horizons.sh,LR,hpo,tfb-gefcom2014,horizon_12,hpo_all_horizons.sh
LR/hpo/tfb-gefcom2014/horizon_144/hpo_all_horizons.sh,LR,hpo,tfb-gefcom2014,horizon_144,hpo_all_horizons.sh
LR/hpo/tfb-gefcom2014/horizon_24/hpo_all_horizons.sh,LR,hpo,tfb-gefcom2014,horizon_24,hpo_all_horizons.sh
LR/hpo/tfb-gefcom2014/horizon_72/hpo_all_horizons.sh,LR,hpo,tfb-gefcom2014,horizon_72,hpo_all_horizons.sh
LR/hpo/tfb-kaggle1_final_benchmark_v3_ready_no_turbinestatus/horizon_12/hpo_all_horizons.sh,LR,hpo,tfb-kaggle1_final_benchmark_v3_ready_no_turbinestatus,horizon_12,hpo_all_horizons.sh
LR/hpo/tfb-kaggle1_final_benchmark_v3_ready_no_turbinestatus/horizon_144/hpo_all_horizons.sh,LR,hpo,tfb-kaggle1_final_benchmark_v3_ready_no_turbinestatus,horizon_144,hpo_all_horizons.sh
LR/hpo/tfb-kaggle1_final_benchmark_v3_ready_no_turbinestatus/horizon_24/hpo_all_horizons.sh,LR,hpo,tfb-kaggle1_final_benchmark_v3_ready_no_turbinestatus,horizon_24,hpo_all_horizons.sh
LR/hpo/tfb-kaggle1_final_benchmark_v3_ready_no_turbinestatus/horizon_72/hpo_all_horizons.sh,LR,hpo,tfb-kaggle1_final_benchmark_v3_ready_no_turbinestatus,horizon_72,hpo_all_horizons.sh
LR/hpo/tfb-maelstrom_turbine_1_univariate/horizon_12/hpo_all_horizons.sh,LR,hpo,tfb-maelstrom_turbine_1_univariate,horizon_12,hpo_all_horizons.sh
LR/hpo/tfb-maelstrom_turbine_1_univariate/horizon_144/hpo_all_horizons.sh,LR,hpo,tfb-maelstrom_turbine_1_univariate,horizon_144,hpo_all_horizons.sh
LR/hpo/tfb-maelstrom_turbine_1_univariate/horizon_24/hpo_all_horizons.sh,LR,hpo,tfb-maelstrom_turbine_1_univariate,horizon_24,hpo_all_horizons.sh
LR/hpo/tfb-maelstrom_turbine_1_univariate/horizon_72/hpo_all_horizons.sh,LR,hpo,tfb-maelstrom_turbine_1_univariate,horizon_72,hpo_all_horizons.sh
LR/hpo/tfb-maelstrom_turbine_2_univariate/horizon_12/hpo_all_horizons.sh,LR,hpo,tfb-maelstrom_turbine_2_univariate,horizon_12,hpo_all_horizons.sh
LR/hpo/tfb-maelstrom_turbine_2_univariate/horizon_144/hpo_all_horizons.sh,LR,hpo,tfb-maelstrom_turbine_2_univariate,horizon_144,hpo_all_horizons.sh
LR/hpo/tfb-maelstrom_turbine_2_univariate/horizon_24/hpo_all_horizons.sh,LR,hpo,tfb-maelstrom_turbine_2_univariate,horizon_24,hpo_all_horizons.sh
LR/hpo/tfb-maelstrom_turbine_2_univariate/horizon_72/hpo_all_horizons.sh,LR,hpo,tfb-maelstrom_turbine_2_univariate,horizon_72,hpo_all_horizons.sh
LR/hpo/tfb-maelstrom_turbine_3_univariate/horizon_12/hpo_all_horizons.sh,LR,hpo,tfb-maelstrom_turbine_3_univariate,horizon_12,hpo_all_horizons.sh
LR/hpo/tfb-maelstrom_turbine_3_univariate/horizon_144/hpo_all_horizons.sh,LR,hpo,tfb-maelstrom_turbine_3_univariate,horizon_144,hpo_all_horizons.sh
LR/hpo/tfb-maelstrom_turbine_3_univariate/horizon_24/hpo_all_horizons.sh,LR,hpo,tfb-maelstrom_turbine_3_univariate,horizon_24,hpo_all_horizons.sh
LR/hpo/tfb-maelstrom_turbine_3_univariate/horizon_72/hpo_all_horizons.sh,LR,hpo,tfb-maelstrom_turbine_3_univariate,horizon_72,hpo_all_horizons.sh
LR/hpo/tfb-maelstrom_turbine_4_univariate/horizon_12/hpo_all_horizons.sh,LR,hpo,tfb-maelstrom_turbine_4_univariate,horizon_12,hpo_all_horizons.sh
LR/hpo/tfb-maelstrom_turbine_4_univariate/horizon_144/hpo_all_horizons.sh,LR,hpo,tfb-maelstrom_turbine_4_univariate,horizon_144,hpo_all_horizons.sh
LR/hpo/tfb-maelstrom_turbine_4_univariate/horizon_24/hpo_all_horizons.sh,LR,hpo,tfb-maelstrom_turbine_4_univariate,horizon_24,hpo_all_horizons.sh
LR/hpo/tfb-maelstrom_turbine_4_univariate/horizon_72/hpo_all_horizons.sh,LR,hpo,tfb-maelstrom_turbine_4_univariate,horizon_72,hpo_all_horizons.sh
LR/hpo/tfb-re_europe_wind_signal_COSMO_long_no_null__MT1V_reduced_38T_1V_power/horizon_12/hpo_all_horizons.sh,LR,hpo,tfb-re_europe_wind_signal_COSMO_long_no_null__MT1V_reduced_38T_1V_power,horizon_12,hpo_all_horizons.sh
LR/hpo/tfb-re_europe_wind_signal_COSMO_long_no_null__MT1V_reduced_38T_1V_power/horizon_144/hpo_all_horizons.sh,LR,hpo,tfb-re_europe_wind_signal_COSMO_long_no_null__MT1V_reduced_38T_1V_power,horizon_144,hpo_all_horizons.sh
LR/hpo/tfb-re_europe_wind_signal_COSMO_long_no_null__MT1V_reduced_38T_1V_power/horizon_24/hpo_all_horizons.sh,LR,hpo,tfb-re_europe_wind_signal_COSMO_long_no_null__MT1V_reduced_38T_1V_power,horizon_24,hpo_all_horizons.sh
LR/hpo/tfb-re_europe_wind_signal_COSMO_long_no_null__MT1V_reduced_38T_1V_power/horizon_72/hpo_all_horizons.sh,LR,hpo,tfb-re_europe_wind_signal_COSMO_long_no_null__MT1V_reduced_38T_1V_power,horizon_72,hpo_all_horizons.sh
LR/hpo/tfb-re_europe_wind_signal_ECMWF_long_no_null__MT1V_reduced_38T_1V_power/horizon_12/hpo_all_horizons.sh,LR,hpo,tfb-re_europe_wind_signal_ECMWF_long_no_null__MT1V_reduced_38T_1V_power,horizon_12,hpo_all_horizons.sh
LR/hpo/tfb-re_europe_wind_signal_ECMWF_long_no_null__MT1V_reduced_38T_1V_power/horizon_144/hpo_all_horizons.sh,LR,hpo,tfb-re_europe_wind_signal_ECMWF_long_no_null__MT1V_reduced_38T_1V_power,horizon_144,hpo_all_horizons.sh
LR/hpo/tfb-re_europe_wind_signal_ECMWF_long_no_null__MT1V_reduced_38T_1V_power/horizon_24/hpo_all_horizons.sh,LR,hpo,tfb-re_europe_wind_signal_ECMWF_long_no_null__MT1V_reduced_38T_1V_power,horizon_24,hpo_all_horizons.sh
LR/hpo/tfb-re_europe_wind_signal_ECMWF_long_no_null__MT1V_reduced_38T_1V_power/horizon_72/hpo_all_horizons.sh,LR,hpo,tfb-re_europe_wind_signal_ECMWF_long_no_null__MT1V_reduced_38T_1V_power,horizon_72,hpo_all_horizons.sh
LR/hpo/tfb-scada_fault_10min_cleaned_numeric_only/horizon_12/hpo_all_horizons.sh,LR,hpo,tfb-scada_fault_10min_cleaned_numeric_only,horizon_12,hpo_all_horizons.sh
LR/hpo/tfb-scada_fault_10min_cleaned_numeric_only/horizon_144/hpo_all_horizons.sh,LR,hpo,tfb-scada_fault_10min_cleaned_numeric_only,horizon_144,hpo_all_horizons.sh
LR/hpo/tfb-scada_fault_10min_cleaned_numeric_only/horizon_24/hpo_all_horizons.sh,LR,hpo,tfb-scada_fault_10min_cleaned_numeric_only,horizon_24,hpo_all_horizons.sh
LR/hpo/tfb-scada_fault_10min_cleaned_numeric_only/horizon_72/hpo_all_horizons.sh,LR,hpo,tfb-scada_fault_10min_cleaned_numeric_only,horizon_72,hpo_all_horizons.sh
LR/hpo/tfb-sdwpf_245days_v1_final_final_cleaned/horizon_12/hpo_all_horizons.sh,LR,hpo,tfb-sdwpf_245days_v1_final_final_cleaned,horizon_12,hpo_all_horizons.sh
LR/hpo/tfb-sdwpf_245days_v1_final_final_cleaned/horizon_144/hpo_all_horizons.sh,LR,hpo,tfb-sdwpf_245days_v1_final_final_cleaned,horizon_144,hpo_all_horizons.sh
LR/hpo/tfb-sdwpf_245days_v1_final_final_cleaned/horizon_24/hpo_all_horizons.sh,LR,hpo,tfb-sdwpf_245days_v1_final_final_cleaned,horizon_24,hpo_all_horizons.sh
LR/hpo/tfb-sdwpf_245days_v1_final_final_cleaned/horizon_72/hpo_all_horizons.sh,LR,hpo,tfb-sdwpf_245days_v1_final_final_cleaned,horizon_72,hpo_all_horizons.sh
LR/tfb-Yalova_final_ready/hpo_all_horizons.sh,LR,tfb-Yalova_final_ready,,,hpo_all_horizons.sh
OpenCity_STFM/few_shot_10pct/tfb-Kelmarsh_filtered_wide__MTMV_reduced_3V_Power_(kW)/horizon_12/opencity_stfm.sh,OpenCity_STFM,few_shot_10pct,tfb-Kelmarsh_filtered_wide__MTMV_reduced_3V_Power_(kW),horizon_12,opencity_stfm.sh
OpenCity_STFM/few_shot_10pct/tfb-Kelmarsh_filtered_wide__MTMV_reduced_3V_Power_(kW)/horizon_144/opencity_stfm.sh,OpenCity_STFM,few_shot_10pct,tfb-Kelmarsh_filtered_wide__MTMV_reduced_3V_Power_(kW),horizon_144,opencity_stfm.sh
OpenCity_STFM/few_shot_10pct/tfb-Kelmarsh_filtered_wide__MTMV_reduced_3V_Power_(kW)/horizon_24/opencity_stfm.sh,OpenCity_STFM,few_shot_10pct,tfb-Kelmarsh_filtered_wide__MTMV_reduced_3V_Power_(kW),horizon_24,opencity_stfm.sh
OpenCity_STFM/few_shot_10pct/tfb-Kelmarsh_filtered_wide__MTMV_reduced_3V_Power_(kW)/horizon_72/opencity_stfm.sh,OpenCity_STFM,few_shot_10pct,tfb-Kelmarsh_filtered_wide__MTMV_reduced_3V_Power_(kW),horizon_72,opencity_stfm.sh
OpenCity_STFM/few_shot_10pct/tfb-Penmanshiel_filtered_wide__MTMV_reduced_3V_Power_(kW)__quality_trim_201607_201608_202009_202010/horizon_12/opencity_stfm__icde_missing_all_sheets_day26_final_missing_20260604_20260604_153343.sh,OpenCity_STFM,few_shot_10pct,tfb-Penmanshiel_filtered_wide__MTMV_reduced_3V_Power_(kW)__quality_trim_201607_201608_202009_202010,horizon_12,opencity_stfm__icde_missing_all_sheets_day26_final_missing_20260604_20260604_153343.sh
OpenCity_STFM/few_shot_10pct/tfb-Penmanshiel_filtered_wide__MTMV_reduced_3V_Power_(kW)__quality_trim_201607_201608_202009_202010/horizon_12/opencity_stfm__icde_missing_all_sheets_day26_final_missing_20260604_20260605_020435.sh,OpenCity_STFM,few_shot_10pct,tfb-Penmanshiel_filtered_wide__MTMV_reduced_3V_Power_(kW)__quality_trim_201607_201608_202009_202010,horizon_12,opencity_stfm__icde_missing_all_sheets_day26_final_missing_20260604_20260605_020435.sh
OpenCity_STFM/few_shot_10pct/tfb-Penmanshiel_filtered_wide__MTMV_reduced_3V_Power_(kW)__quality_trim_201607_201608_202009_202010/horizon_12/opencity_stfm__icde_missing_all_sheets_day26_final_missing_20260604_20260605_173422.sh,OpenCity_STFM,few_shot_10pct,tfb-Penmanshiel_filtered_wide__MTMV_reduced_3V_Power_(kW)__quality_trim_201607_201608_202009_202010,horizon_12,opencity_stfm__icde_missing_all_sheets_day26_final_missing_20260604_20260605_173422.sh
OpenCity_STFM/few_shot_10pct/tfb-Penmanshiel_filtered_wide__MTMV_reduced_3V_Power_(kW)__quality_trim_201607_201608_202009_202010/horizon_12/opencity_stfm__icde_missing_all_sheets_day26_final_missing_20260604_20260605_173509.sh,OpenCity_STFM,few_shot_10pct,tfb-Penmanshiel_filtered_wide__MTMV_reduced_3V_Power_(kW)__quality_trim_201607_201608_202009_202010,horizon_12,opencity_stfm__icde_missing_all_sheets_day26_final_missing_20260604_20260605_173509.sh
OpenCity_STFM/few_shot_10pct/tfb-Penmanshiel_filtered_wide__MTMV_reduced_3V_Power_(kW)__quality_trim_201607_201608_202009_202010/horizon_144/opencity_stfm__icde_missing_all_sheets_day26_final_missing_20260604_20260604_153343.sh,OpenCity_STFM,few_shot_10pct,tfb-Penmanshiel_filtered_wide__MTMV_reduced_3V_Power_(kW)__quality_trim_201607_201608_202009_202010,horizon_144,opencity_stfm__icde_missing_all_sheets_day26_final_missing_20260604_20260604_153343.sh
OpenCity_STFM/few_shot_10pct/tfb-Penmanshiel_filtered_wide__MTMV_reduced_3V_Power_(kW)__quality_trim_201607_201608_202009_202010/horizon_144/opencity_stfm__icde_missing_all_sheets_day26_final_missing_20260604_20260605_020435.sh,OpenCity_STFM,few_shot_10pct,tfb-Penmanshiel_filtered_wide__MTMV_reduced_3V_Power_(kW)__quality_trim_201607_201608_202009_202010,horizon_144,opencity_stfm__icde_missing_all_sheets_day26_final_missing_20260604_20260605_020435.sh
OpenCity_STFM/few_shot_10pct/tfb-Penmanshiel_filtered_wide__MTMV_reduced_3V_Power_(kW)__quality_trim_201607_201608_202009_202010/horizon_144/opencity_stfm__icde_missing_all_sheets_day26_final_missing_20260604_20260605_173422.sh,OpenCity_STFM,few_shot_10pct,tfb-Penmanshiel_filtered_wide__MTMV_reduced_3V_Power_(kW)__quality_trim_201607_201608_202009_202010,horizon_144,opencity_stfm__icde_missing_all_sheets_day26_final_missing_20260604_20260605_173422.sh
OpenCity_STFM/few_shot_10pct/tfb-Penmanshiel_filtered_wide__MTMV_reduced_3V_Power_(kW)__quality_trim_201607_201608_202009_202010/horizon_144/opencity_stfm__icde_missing_all_sheets_day26_final_missing_20260604_20260605_173509.sh,OpenCity_STFM,few_shot_10pct,tfb-Penmanshiel_filtered_wide__MTMV_reduced_3V_Power_(kW)__quality_trim_201607_201608_202009_202010,horizon_144,opencity_stfm__icde_missing_all_sheets_day26_final_missing_20260604_20260605_173509.sh
OpenCity_STFM/few_shot_10pct/tfb-Penmanshiel_filtered_wide__MTMV_reduced_3V_Power_(kW)__quality_trim_201607_201608_202009_202010/horizon_24/opencity_stfm__icde_missing_all_sheets_day26_final_missing_20260604_20260604_153343.sh,OpenCity_STFM,few_shot_10pct,tfb-Penmanshiel_filtered_wide__MTMV_reduced_3V_Power_(kW)__quality_trim_201607_201608_202009_202010,horizon_24,opencity_stfm__icde_missing_all_sheets_day26_final_missing_20260604_20260604_153343.sh
OpenCity_STFM/few_shot_10pct/tfb-Penmanshiel_filtered_wide__MTMV_reduced_3V_Power_(kW)__quality_trim_201607_201608_202009_202010/horizon_24/opencity_stfm__icde_missing_all_sheets_day26_final_missing_20260604_20260605_020435.sh,OpenCity_STFM,few_shot_10pct,tfb-Penmanshiel_filtered_wide__MTMV_reduced_3V_Power_(kW)__quality_trim_201607_201608_202009_202010,horizon_24,opencity_stfm__icde_missing_all_sheets_day26_final_missing_20260604_20260605_020435.sh
OpenCity_STFM/few_shot_10pct/tfb-Penmanshiel_filtered_wide__MTMV_reduced_3V_Power_(kW)__quality_trim_201607_201608_202009_202010/horizon_24/opencity_stfm__icde_missing_all_sheets_day26_final_missing_20260604_20260605_173422.sh,OpenCity_STFM,few_shot_10pct,tfb-Penmanshiel_filtered_wide__MTMV_reduced_3V_Power_(kW)__quality_trim_201607_201608_202009_202010,horizon_24,opencity_stfm__icde_missing_all_sheets_day26_final_missing_20260604_20260605_173422.sh
OpenCity_STFM/few_shot_10pct/tfb-Penmanshiel_filtered_wide__MTMV_reduced_3V_Power_(kW)__quality_trim_201607_201608_202009_202010/horizon_24/opencity_stfm__icde_missing_all_sheets_day26_final_missing_20260604_20260605_173509.sh,OpenCity_STFM,few_shot_10pct,tfb-Penmanshiel_filtered_wide__MTMV_reduced_3V_Power_(kW)__quality_trim_201607_201608_202009_202010,horizon_24,opencity_stfm__icde_missing_all_sheets_day26_final_missing_20260604_20260605_173509.sh
OpenCity_STFM/few_shot_10pct/tfb-Penmanshiel_filtered_wide__MTMV_reduced_3V_Power_(kW)__quality_trim_201607_201608_202009_202010/horizon_72/opencity_stfm__icde_missing_all_sheets_day26_final_missing_20260604_20260604_153343.sh,OpenCity_STFM,few_shot_10pct,tfb-Penmanshiel_filtered_wide__MTMV_reduced_3V_Power_(kW)__quality_trim_201607_201608_202009_202010,horizon_72,opencity_stfm__icde_missing_all_sheets_day26_final_missing_20260604_20260604_153343.sh
OpenCity_STFM/few_shot_10pct/tfb-Penmanshiel_filtered_wide__MTMV_reduced_3V_Power_(kW)__quality_trim_201607_201608_202009_202010/horizon_72/opencity_stfm__icde_missing_all_sheets_day26_final_missing_20260604_20260605_020435.sh,OpenCity_STFM,few_shot_10pct,tfb-Penmanshiel_filtered_wide__MTMV_reduced_3V_Power_(kW)__quality_trim_201607_201608_202009_202010,horizon_72,opencity_stfm__icde_missing_all_sheets_day26_final_missing_20260604_20260605_020435.sh
OpenCity_STFM/few_shot_10pct/tfb-Penmanshiel_filtered_wide__MTMV_reduced_3V_Power_(kW)__quality_trim_201607_201608_202009_202010/horizon_72/opencity_stfm__icde_missing_all_sheets_day26_final_missing_20260604_20260605_173422.sh,OpenCity_STFM,few_shot_10pct,tfb-Penmanshiel_filtered_wide__MTMV_reduced_3V_Power_(kW)__quality_trim_201607_201608_202009_202010,horizon_72,opencity_stfm__icde_missing_all_sheets_day26_final_missing_20260604_20260605_173422.sh
OpenCity_STFM/few_shot_10pct/tfb-Penmanshiel_filtered_wide__MTMV_reduced_3V_Power_(kW)__quality_trim_201607_201608_202009_202010/horizon_72/opencity_stfm__icde_missing_all_sheets_day26_final_missing_20260604_20260605_173509.sh,OpenCity_STFM,few_shot_10pct,tfb-Penmanshiel_filtered_wide__MTMV_reduced_3V_Power_(kW)__quality_trim_201607_201608_202009_202010,horizon_72,opencity_stfm__icde_missing_all_sheets_day26_final_missing_20260604_20260605_173509.sh
OpenCity_STFM/few_shot_10pct/tfb-UEBB_panel_wide_filled__MTMV_reduced_3V_active_power_total/horizon_12/opencity_stfm.sh,OpenCity_STFM,few_shot_10pct,tfb-UEBB_panel_wide_filled__MTMV_reduced_3V_active_power_total,horizon_12,opencity_stfm.sh
OpenCity_STFM/few_shot_10pct/tfb-UEBB_panel_wide_filled__MTMV_reduced_3V_active_power_total/horizon_144/opencity_stfm.sh,OpenCity_STFM,few_shot_10pct,tfb-UEBB_panel_wide_filled__MTMV_reduced_3V_active_power_total,horizon_144,opencity_stfm.sh
OpenCity_STFM/few_shot_10pct/tfb-UEBB_panel_wide_filled__MTMV_reduced_3V_active_power_total/horizon_24/opencity_stfm.sh,OpenCity_STFM,few_shot_10pct,tfb-UEBB_panel_wide_filled__MTMV_reduced_3V_active_power_total,horizon_24,opencity_stfm.sh
OpenCity_STFM/few_shot_10pct/tfb-UEBB_panel_wide_filled__MTMV_reduced_3V_active_power_total/horizon_72/opencity_stfm.sh,OpenCity_STFM,few_shot_10pct,tfb-UEBB_panel_wide_filled__MTMV_reduced_3V_active_power_total,horizon_72,opencity_stfm.sh
OpenCity_STFM/few_shot_10pct/tfb-UEPS_panel_wide_filled__MTMV_reduced_3V_active_power_total/horizon_12/opencity_stfm.sh,OpenCity_STFM,few_shot_10pct,tfb-UEPS_panel_wide_filled__MTMV_reduced_3V_active_power_total,horizon_12,opencity_stfm.sh
OpenCity_STFM/few_shot_10pct/tfb-UEPS_panel_wide_filled__MTMV_reduced_3V_active_power_total/horizon_144/opencity_stfm.sh,OpenCity_STFM,few_shot_10pct,tfb-UEPS_panel_wide_filled__MTMV_reduced_3V_active_power_total,horizon_144,opencity_stfm.sh
OpenCity_STFM/few_shot_10pct/tfb-UEPS_panel_wide_filled__MTMV_reduced_3V_active_power_total/horizon_24/opencity_stfm.sh,OpenCity_STFM,few_shot_10pct,tfb-UEPS_panel_wide_filled__MTMV_reduced_3V_active_power_total,horizon_24,opencity_stfm.sh
OpenCity_STFM/few_shot_10pct/tfb-UEPS_panel_wide_filled__MTMV_reduced_3V_active_power_total/horizon_72/opencity_stfm.sh,OpenCity_STFM,few_shot_10pct,tfb-UEPS_panel_wide_filled__MTMV_reduced_3V_active_power_total,horizon_72,opencity_stfm.sh
OpenCity_STFM/few_shot_10pct/tfb-Wind_Farm_C_filtered_wide_long_fixed__MT1V_reduced_1V_windpower/horizon_12/opencity_stfm.sh,OpenCity_STFM,few_shot_10pct,tfb-Wind_Farm_C_filtered_wide_long_fixed__MT1V_reduced_1V_windpower,horizon_12,opencity_stfm.sh
OpenCity_STFM/few_shot_10pct/tfb-Wind_Farm_C_filtered_wide_long_fixed__MT1V_reduced_1V_windpower/horizon_144/opencity_stfm.sh,OpenCity_STFM,few_shot_10pct,tfb-Wind_Farm_C_filtered_wide_long_fixed__MT1V_reduced_1V_windpower,horizon_144,opencity_stfm.sh
OpenCity_STFM/few_shot_10pct/tfb-Wind_Farm_C_filtered_wide_long_fixed__MT1V_reduced_1V_windpower/horizon_24/opencity_stfm.sh,OpenCity_STFM,few_shot_10pct,tfb-Wind_Farm_C_filtered_wide_long_fixed__MT1V_reduced_1V_windpower,horizon_24,opencity_stfm.sh
OpenCity_STFM/few_shot_10pct/tfb-Wind_Farm_C_filtered_wide_long_fixed__MT1V_reduced_1V_windpower/horizon_72/opencity_stfm.sh,OpenCity_STFM,few_shot_10pct,tfb-Wind_Farm_C_filtered_wide_long_fixed__MT1V_reduced_1V_windpower,horizon_72,opencity_stfm.sh
OpenCity_STFM/few_shot_10pct/tfb-aemo/horizon_12/opencity_stfm.sh,OpenCity_STFM,few_shot_10pct,tfb-aemo,horizon_12,opencity_stfm.sh
OpenCity_STFM/few_shot_10pct/tfb-aemo/horizon_144/few_shot_10pct_all_horizons.sh,OpenCity_STFM,few_shot_10pct,tfb-aemo,horizon_144,few_shot_10pct_all_horizons.sh
OpenCity_STFM/few_shot_10pct/tfb-aemo/horizon_144/opencity_stfm.sh,OpenCity_STFM,few_shot_10pct,tfb-aemo,horizon_144,opencity_stfm.sh
OpenCity_STFM/few_shot_10pct/tfb-aemo/horizon_24/opencity_stfm.sh,OpenCity_STFM,few_shot_10pct,tfb-aemo,horizon_24,opencity_stfm.sh
OpenCity_STFM/few_shot_10pct/tfb-aemo/horizon_72/opencity_stfm.sh,OpenCity_STFM,few_shot_10pct,tfb-aemo,horizon_72,opencity_stfm.sh
OpenCity_STFM/few_shot_10pct/tfb-gefcom2012/horizon_12/opencity_stfm.sh,OpenCity_STFM,few_shot_10pct,tfb-gefcom2012,horizon_12,opencity_stfm.sh
OpenCity_STFM/few_shot_10pct/tfb-gefcom2012/horizon_144/opencity_stfm.sh,OpenCity_STFM,few_shot_10pct,tfb-gefcom2012,horizon_144,opencity_stfm.sh
OpenCity_STFM/few_shot_10pct/tfb-gefcom2012/horizon_24/opencity_stfm.sh,OpenCity_STFM,few_shot_10pct,tfb-gefcom2012,horizon_24,opencity_stfm.sh
OpenCity_STFM/few_shot_10pct/tfb-gefcom2012/horizon_72/opencity_stfm.sh,OpenCity_STFM,few_shot_10pct,tfb-gefcom2012,horizon_72,opencity_stfm.sh
OpenCity_STFM/few_shot_10pct/tfb-gefcom2014/horizon_12/opencity_stfm.sh,OpenCity_STFM,few_shot_10pct,tfb-gefcom2014,horizon_12,opencity_stfm.sh
OpenCity_STFM/few_shot_10pct/tfb-gefcom2014/horizon_144/opencity_stfm.sh,OpenCity_STFM,few_shot_10pct,tfb-gefcom2014,horizon_144,opencity_stfm.sh
OpenCity_STFM/few_shot_10pct/tfb-gefcom2014/horizon_24/opencity_stfm.sh,OpenCity_STFM,few_shot_10pct,tfb-gefcom2014,horizon_24,opencity_stfm.sh
OpenCity_STFM/few_shot_10pct/tfb-gefcom2014/horizon_72/opencity_stfm.sh,OpenCity_STFM,few_shot_10pct,tfb-gefcom2014,horizon_72,opencity_stfm.sh
OpenCity_STFM/few_shot_10pct/tfb-re_europe_wind_signal_COSMO_long_no_null__MT1V_reduced_38T_1V_power/horizon_12/opencity_stfm.sh,OpenCity_STFM,few_shot_10pct,tfb-re_europe_wind_signal_COSMO_long_no_null__MT1V_reduced_38T_1V_power,horizon_12,opencity_stfm.sh
OpenCity_STFM/few_shot_10pct/tfb-re_europe_wind_signal_COSMO_long_no_null__MT1V_reduced_38T_1V_power/horizon_144/opencity_stfm.sh,OpenCity_STFM,few_shot_10pct,tfb-re_europe_wind_signal_COSMO_long_no_null__MT1V_reduced_38T_1V_power,horizon_144,opencity_stfm.sh
OpenCity_STFM/few_shot_10pct/tfb-re_europe_wind_signal_COSMO_long_no_null__MT1V_reduced_38T_1V_power/horizon_24/opencity_stfm.sh,OpenCity_STFM,few_shot_10pct,tfb-re_europe_wind_signal_COSMO_long_no_null__MT1V_reduced_38T_1V_power,horizon_24,opencity_stfm.sh
OpenCity_STFM/few_shot_10pct/tfb-re_europe_wind_signal_COSMO_long_no_null__MT1V_reduced_38T_1V_power/horizon_72/opencity_stfm.sh,OpenCity_STFM,few_shot_10pct,tfb-re_europe_wind_signal_COSMO_long_no_null__MT1V_reduced_38T_1V_power,horizon_72,opencity_stfm.sh
OpenCity_STFM/few_shot_10pct/tfb-re_europe_wind_signal_ECMWF_long_no_null__MT1V_reduced_38T_1V_power/horizon_12/opencity_stfm__server_a_day02_20260519_112819.sh,OpenCity_STFM,few_shot_10pct,tfb-re_europe_wind_signal_ECMWF_long_no_null__MT1V_reduced_38T_1V_power,horizon_12,opencity_stfm__server_a_day02_20260519_112819.sh
OpenCity_STFM/few_shot_10pct/tfb-re_europe_wind_signal_ECMWF_long_no_null__MT1V_reduced_38T_1V_power/horizon_12/opencity_stfm__server_a_day02_20260519_123043.sh,OpenCity_STFM,few_shot_10pct,tfb-re_europe_wind_signal_ECMWF_long_no_null__MT1V_reduced_38T_1V_power,horizon_12,opencity_stfm__server_a_day02_20260519_123043.sh
OpenCity_STFM/few_shot_10pct/tfb-re_europe_wind_signal_ECMWF_long_no_null__MT1V_reduced_38T_1V_power/horizon_12/opencity_stfm__server_a_day02_20260519_171704.sh,OpenCity_STFM,few_shot_10pct,tfb-re_europe_wind_signal_ECMWF_long_no_null__MT1V_reduced_38T_1V_power,horizon_12,opencity_stfm__server_a_day02_20260519_171704.sh
OpenCity_STFM/few_shot_10pct/tfb-re_europe_wind_signal_ECMWF_long_no_null__MT1V_reduced_38T_1V_power/horizon_12/opencity_stfm__server_a_day02_20260520_133059.sh,OpenCity_STFM,few_shot_10pct,tfb-re_europe_wind_signal_ECMWF_long_no_null__MT1V_reduced_38T_1V_power,horizon_12,opencity_stfm__server_a_day02_20260520_133059.sh
OpenCity_STFM/few_shot_10pct/tfb-re_europe_wind_signal_ECMWF_long_no_null__MT1V_reduced_38T_1V_power/horizon_144/opencity_stfm__server_a_day02_20260519_112819.sh,OpenCity_STFM,few_shot_10pct,tfb-re_europe_wind_signal_ECMWF_long_no_null__MT1V_reduced_38T_1V_power,horizon_144,opencity_stfm__server_a_day02_20260519_112819.sh
OpenCity_STFM/few_shot_10pct/tfb-re_europe_wind_signal_ECMWF_long_no_null__MT1V_reduced_38T_1V_power/horizon_144/opencity_stfm__server_a_day02_20260519_123043.sh,OpenCity_STFM,few_shot_10pct,tfb-re_europe_wind_signal_ECMWF_long_no_null__MT1V_reduced_38T_1V_power,horizon_144,opencity_stfm__server_a_day02_20260519_123043.sh
OpenCity_STFM/few_shot_10pct/tfb-re_europe_wind_signal_ECMWF_long_no_null__MT1V_reduced_38T_1V_power/horizon_144/opencity_stfm__server_a_day02_20260519_171704.sh,OpenCity_STFM,few_shot_10pct,tfb-re_europe_wind_signal_ECMWF_long_no_null__MT1V_reduced_38T_1V_power,horizon_144,opencity_stfm__server_a_day02_20260519_171704.sh
OpenCity_STFM/few_shot_10pct/tfb-re_europe_wind_signal_ECMWF_long_no_null__MT1V_reduced_38T_1V_power/horizon_144/opencity_stfm__server_a_day02_20260520_133059.sh,OpenCity_STFM,few_shot_10pct,tfb-re_europe_wind_signal_ECMWF_long_no_null__MT1V_reduced_38T_1V_power,horizon_144,opencity_stfm__server_a_day02_20260520_133059.sh
OpenCity_STFM/few_shot_10pct/tfb-re_europe_wind_signal_ECMWF_long_no_null__MT1V_reduced_38T_1V_power/horizon_24/opencity_stfm__server_a_day02_20260519_112819.sh,OpenCity_STFM,few_shot_10pct,tfb-re_europe_wind_signal_ECMWF_long_no_null__MT1V_reduced_38T_1V_power,horizon_24,opencity_stfm__server_a_day02_20260519_112819.sh
OpenCity_STFM/few_shot_10pct/tfb-re_europe_wind_signal_ECMWF_long_no_null__MT1V_reduced_38T_1V_power/horizon_24/opencity_stfm__server_a_day02_20260519_123043.sh,OpenCity_STFM,few_shot_10pct,tfb-re_europe_wind_signal_ECMWF_long_no_null__MT1V_reduced_38T_1V_power,horizon_24,opencity_stfm__server_a_day02_20260519_123043.sh
OpenCity_STFM/few_shot_10pct/tfb-re_europe_wind_signal_ECMWF_long_no_null__MT1V_reduced_38T_1V_power/horizon_24/opencity_stfm__server_a_day02_20260519_171704.sh,OpenCity_STFM,few_shot_10pct,tfb-re_europe_wind_signal_ECMWF_long_no_null__MT1V_reduced_38T_1V_power,horizon_24,opencity_stfm__server_a_day02_20260519_171704.sh
OpenCity_STFM/few_shot_10pct/tfb-re_europe_wind_signal_ECMWF_long_no_null__MT1V_reduced_38T_1V_power/horizon_24/opencity_stfm__server_a_day02_20260520_133059.sh,OpenCity_STFM,few_shot_10pct,tfb-re_europe_wind_signal_ECMWF_long_no_null__MT1V_reduced_38T_1V_power,horizon_24,opencity_stfm__server_a_day02_20260520_133059.sh
OpenCity_STFM/few_shot_10pct/tfb-re_europe_wind_signal_ECMWF_long_no_null__MT1V_reduced_38T_1V_power/horizon_72/opencity_stfm__server_a_day02_20260519_112819.sh,OpenCity_STFM,few_shot_10pct,tfb-re_europe_wind_signal_ECMWF_long_no_null__MT1V_reduced_38T_1V_power,horizon_72,opencity_stfm__server_a_day02_20260519_112819.sh
OpenCity_STFM/few_shot_10pct/tfb-re_europe_wind_signal_ECMWF_long_no_null__MT1V_reduced_38T_1V_power/horizon_72/opencity_stfm__server_a_day02_20260519_123043.sh,OpenCity_STFM,few_shot_10pct,tfb-re_europe_wind_signal_ECMWF_long_no_null__MT1V_reduced_38T_1V_power,horizon_72,opencity_stfm__server_a_day02_20260519_123043.sh
OpenCity_STFM/few_shot_10pct/tfb-re_europe_wind_signal_ECMWF_long_no_null__MT1V_reduced_38T_1V_power/horizon_72/opencity_stfm__server_a_day02_20260519_171704.sh,OpenCity_STFM,few_shot_10pct,tfb-re_europe_wind_signal_ECMWF_long_no_null__MT1V_reduced_38T_1V_power,horizon_72,opencity_stfm__server_a_day02_20260519_171704.sh
OpenCity_STFM/few_shot_10pct/tfb-re_europe_wind_signal_ECMWF_long_no_null__MT1V_reduced_38T_1V_power/horizon_72/opencity_stfm__server_a_day02_20260520_133059.sh,OpenCity_STFM,few_shot_10pct,tfb-re_europe_wind_signal_ECMWF_long_no_null__MT1V_reduced_38T_1V_power,horizon_72,opencity_stfm__server_a_day02_20260520_133059.sh
OpenCity_STFM/few_shot_10pct/tfb-sdwpf_245days_v1_final_final_cleaned/horizon_12/opencity_stfm.sh,OpenCity_STFM,few_shot_10pct,tfb-sdwpf_245days_v1_final_final_cleaned,horizon_12,opencity_stfm.sh
OpenCity_STFM/few_shot_10pct/tfb-sdwpf_245days_v1_final_final_cleaned/horizon_144/opencity_stfm.sh,OpenCity_STFM,few_shot_10pct,tfb-sdwpf_245days_v1_final_final_cleaned,horizon_144,opencity_stfm.sh
OpenCity_STFM/few_shot_10pct/tfb-sdwpf_245days_v1_final_final_cleaned/horizon_24/opencity_stfm.sh,OpenCity_STFM,few_shot_10pct,tfb-sdwpf_245days_v1_final_final_cleaned,horizon_24,opencity_stfm.sh
OpenCity_STFM/few_shot_10pct/tfb-sdwpf_245days_v1_final_final_cleaned/horizon_72/opencity_stfm.sh,OpenCity_STFM,few_shot_10pct,tfb-sdwpf_245days_v1_final_final_cleaned,horizon_72,opencity_stfm.sh
OpenCity_STFM/full_shot/tfb-Kelmarsh_filtered_wide__MTMV_reduced_3V_Power_(kW)/horizon_12/opencity_stfm.sh,OpenCity_STFM,full_shot,tfb-Kelmarsh_filtered_wide__MTMV_reduced_3V_Power_(kW),horizon_12,opencity_stfm.sh
OpenCity_STFM/full_shot/tfb-Kelmarsh_filtered_wide__MTMV_reduced_3V_Power_(kW)/horizon_12/opencity_stfm__icde_missing_all_sheets_day26_final_missing_20260604_20260604_153343.sh,OpenCity_STFM,full_shot,tfb-Kelmarsh_filtered_wide__MTMV_reduced_3V_Power_(kW),horizon_12,opencity_stfm__icde_missing_all_sheets_day26_final_missing_20260604_20260604_153343.sh
OpenCity_STFM/full_shot/tfb-Kelmarsh_filtered_wide__MTMV_reduced_3V_Power_(kW)/horizon_12/opencity_stfm__icde_missing_all_sheets_day26_final_missing_20260604_20260605_020435.sh,OpenCity_STFM,full_shot,tfb-Kelmarsh_filtered_wide__MTMV_reduced_3V_Power_(kW),horizon_12,opencity_stfm__icde_missing_all_sheets_day26_final_missing_20260604_20260605_020435.sh
OpenCity_STFM/full_shot/tfb-Kelmarsh_filtered_wide__MTMV_reduced_3V_Power_(kW)/horizon_12/opencity_stfm__icde_missing_all_sheets_day26_final_missing_20260604_20260605_173422.sh,OpenCity_STFM,full_shot,tfb-Kelmarsh_filtered_wide__MTMV_reduced_3V_Power_(kW),horizon_12,opencity_stfm__icde_missing_all_sheets_day26_final_missing_20260604_20260605_173422.sh
OpenCity_STFM/full_shot/tfb-Kelmarsh_filtered_wide__MTMV_reduced_3V_Power_(kW)/horizon_12/opencity_stfm__icde_missing_all_sheets_day26_final_missing_20260604_20260605_173509.sh,OpenCity_STFM,full_shot,tfb-Kelmarsh_filtered_wide__MTMV_reduced_3V_Power_(kW),horizon_12,opencity_stfm__icde_missing_all_sheets_day26_final_missing_20260604_20260605_173509.sh
OpenCity_STFM/full_shot/tfb-Kelmarsh_filtered_wide__MTMV_reduced_3V_Power_(kW)/horizon_144/opencity_stfm__icde_missing_all_sheets_day22_opencity_full_retry_20260601_20260604_065207.sh,OpenCity_STFM,full_shot,tfb-Kelmarsh_filtered_wide__MTMV_reduced_3V_Power_(kW),horizon_144,opencity_stfm__icde_missing_all_sheets_day22_opencity_full_retry_20260601_20260604_065207.sh
OpenCity_STFM/full_shot/tfb-Kelmarsh_filtered_wide__MTMV_reduced_3V_Power_(kW)/horizon_144/opencity_stfm__icde_missing_all_sheets_day22_opencity_full_retry_20260601_20260605_173504.sh,OpenCity_STFM,full_shot,tfb-Kelmarsh_filtered_wide__MTMV_reduced_3V_Power_(kW),horizon_144,opencity_stfm__icde_missing_all_sheets_day22_opencity_full_retry_20260601_20260605_173504.sh
OpenCity_STFM/full_shot/tfb-Kelmarsh_filtered_wide__MTMV_reduced_3V_Power_(kW)/horizon_24/opencity_stfm.sh,OpenCity_STFM,full_shot,tfb-Kelmarsh_filtered_wide__MTMV_reduced_3V_Power_(kW),horizon_24,opencity_stfm.sh
OpenCity_STFM/full_shot/tfb-Kelmarsh_filtered_wide__MTMV_reduced_3V_Power_(kW)/horizon_24/opencity_stfm__icde_missing_all_sheets_day26_final_missing_20260604_20260604_153343.sh,OpenCity_STFM,full_shot,tfb-Kelmarsh_filtered_wide__MTMV_reduced_3V_Power_(kW),horizon_24,opencity_stfm__icde_missing_all_sheets_day26_final_missing_20260604_20260604_153343.sh
OpenCity_STFM/full_shot/tfb-Kelmarsh_filtered_wide__MTMV_reduced_3V_Power_(kW)/horizon_24/opencity_stfm__icde_missing_all_sheets_day26_final_missing_20260604_20260605_020435.sh,OpenCity_STFM,full_shot,tfb-Kelmarsh_filtered_wide__MTMV_reduced_3V_Power_(kW),horizon_24,opencity_stfm__icde_missing_all_sheets_day26_final_missing_20260604_20260605_020435.sh
OpenCity_STFM/full_shot/tfb-Kelmarsh_filtered_wide__MTMV_reduced_3V_Power_(kW)/horizon_24/opencity_stfm__icde_missing_all_sheets_day26_final_missing_20260604_20260605_173422.sh,OpenCity_STFM,full_shot,tfb-Kelmarsh_filtered_wide__MTMV_reduced_3V_Power_(kW),horizon_24,opencity_stfm__icde_missing_all_sheets_day26_final_missing_20260604_20260605_173422.sh
OpenCity_STFM/full_shot/tfb-Kelmarsh_filtered_wide__MTMV_reduced_3V_Power_(kW)/horizon_24/opencity_stfm__icde_missing_all_sheets_day26_final_missing_20260604_20260605_173509.sh,OpenCity_STFM,full_shot,tfb-Kelmarsh_filtered_wide__MTMV_reduced_3V_Power_(kW),horizon_24,opencity_stfm__icde_missing_all_sheets_day26_final_missing_20260604_20260605_173509.sh
OpenCity_STFM/full_shot/tfb-Kelmarsh_filtered_wide__MTMV_reduced_3V_Power_(kW)/horizon_72/opencity_stfm.sh,OpenCity_STFM,full_shot,tfb-Kelmarsh_filtered_wide__MTMV_reduced_3V_Power_(kW),horizon_72,opencity_stfm.sh
OpenCity_STFM/full_shot/tfb-Kelmarsh_filtered_wide__MTMV_reduced_3V_Power_(kW)/horizon_72/opencity_stfm__icde_missing_all_sheets_day26_final_missing_20260604_20260605_020435.sh,OpenCity_STFM,full_shot,tfb-Kelmarsh_filtered_wide__MTMV_reduced_3V_Power_(kW),horizon_72,opencity_stfm__icde_missing_all_sheets_day26_final_missing_20260604_20260605_020435.sh
OpenCity_STFM/full_shot/tfb-Kelmarsh_filtered_wide__MTMV_reduced_3V_Power_(kW)/horizon_72/opencity_stfm__icde_missing_all_sheets_day26_final_missing_20260604_20260605_173422.sh,OpenCity_STFM,full_shot,tfb-Kelmarsh_filtered_wide__MTMV_reduced_3V_Power_(kW),horizon_72,opencity_stfm__icde_missing_all_sheets_day26_final_missing_20260604_20260605_173422.sh
OpenCity_STFM/full_shot/tfb-Kelmarsh_filtered_wide__MTMV_reduced_3V_Power_(kW)/horizon_72/opencity_stfm__icde_missing_all_sheets_day26_final_missing_20260604_20260605_173509.sh,OpenCity_STFM,full_shot,tfb-Kelmarsh_filtered_wide__MTMV_reduced_3V_Power_(kW),horizon_72,opencity_stfm__icde_missing_all_sheets_day26_final_missing_20260604_20260605_173509.sh
OpenCity_STFM/full_shot/tfb-Penmanshiel_filtered_wide__MTMV_reduced_3V_Power_(kW)__quality_trim_201607_201608_202009_202010/horizon_12/opencity_stfm__icde_missing_all_sheets_day22_opencity_full_retry_20260601_20260604_065207.sh,OpenCity_STFM,full_shot,tfb-Penmanshiel_filtered_wide__MTMV_reduced_3V_Power_(kW)__quality_trim_201607_201608_202009_202010,horizon_12,opencity_stfm__icde_missing_all_sheets_day22_opencity_full_retry_20260601_20260604_065207.sh
OpenCity_STFM/full_shot/tfb-Penmanshiel_filtered_wide__MTMV_reduced_3V_Power_(kW)__quality_trim_201607_201608_202009_202010/horizon_12/opencity_stfm__icde_missing_all_sheets_day22_opencity_full_retry_20260601_20260605_173504.sh,OpenCity_STFM,full_shot,tfb-Penmanshiel_filtered_wide__MTMV_reduced_3V_Power_(kW)__quality_trim_201607_201608_202009_202010,horizon_12,opencity_stfm__icde_missing_all_sheets_day22_opencity_full_retry_20260601_20260605_173504.sh
OpenCity_STFM/full_shot/tfb-Penmanshiel_filtered_wide__MTMV_reduced_3V_Power_(kW)__quality_trim_201607_201608_202009_202010/horizon_144/opencity_stfm__icde_missing_all_sheets_day22_opencity_full_retry_20260601_20260604_065207.sh,OpenCity_STFM,full_shot,tfb-Penmanshiel_filtered_wide__MTMV_reduced_3V_Power_(kW)__quality_trim_201607_201608_202009_202010,horizon_144,opencity_stfm__icde_missing_all_sheets_day22_opencity_full_retry_20260601_20260604_065207.sh
OpenCity_STFM/full_shot/tfb-Penmanshiel_filtered_wide__MTMV_reduced_3V_Power_(kW)__quality_trim_201607_201608_202009_202010/horizon_144/opencity_stfm__icde_missing_all_sheets_day22_opencity_full_retry_20260601_20260605_173504.sh,OpenCity_STFM,full_shot,tfb-Penmanshiel_filtered_wide__MTMV_reduced_3V_Power_(kW)__quality_trim_201607_201608_202009_202010,horizon_144,opencity_stfm__icde_missing_all_sheets_day22_opencity_full_retry_20260601_20260605_173504.sh
OpenCity_STFM/full_shot/tfb-Penmanshiel_filtered_wide__MTMV_reduced_3V_Power_(kW)__quality_trim_201607_201608_202009_202010/horizon_24/opencity_stfm__icde_missing_all_sheets_day22_opencity_full_retry_20260601_20260604_065207.sh,OpenCity_STFM,full_shot,tfb-Penmanshiel_filtered_wide__MTMV_reduced_3V_Power_(kW)__quality_trim_201607_201608_202009_202010,horizon_24,opencity_stfm__icde_missing_all_sheets_day22_opencity_full_retry_20260601_20260604_065207.sh
OpenCity_STFM/full_shot/tfb-Penmanshiel_filtered_wide__MTMV_reduced_3V_Power_(kW)__quality_trim_201607_201608_202009_202010/horizon_24/opencity_stfm__icde_missing_all_sheets_day22_opencity_full_retry_20260601_20260605_173504.sh,OpenCity_STFM,full_shot,tfb-Penmanshiel_filtered_wide__MTMV_reduced_3V_Power_(kW)__quality_trim_201607_201608_202009_202010,horizon_24,opencity_stfm__icde_missing_all_sheets_day22_opencity_full_retry_20260601_20260605_173504.sh
OpenCity_STFM/full_shot/tfb-Penmanshiel_filtered_wide__MTMV_reduced_3V_Power_(kW)__quality_trim_201607_201608_202009_202010/horizon_72/opencity_stfm__icde_missing_all_sheets_day22_opencity_full_retry_20260601_20260604_065207.sh,OpenCity_STFM,full_shot,tfb-Penmanshiel_filtered_wide__MTMV_reduced_3V_Power_(kW)__quality_trim_201607_201608_202009_202010,horizon_72,opencity_stfm__icde_missing_all_sheets_day22_opencity_full_retry_20260601_20260604_065207.sh
OpenCity_STFM/full_shot/tfb-Penmanshiel_filtered_wide__MTMV_reduced_3V_Power_(kW)__quality_trim_201607_201608_202009_202010/horizon_72/opencity_stfm__icde_missing_all_sheets_day22_opencity_full_retry_20260601_20260605_173504.sh,OpenCity_STFM,full_shot,tfb-Penmanshiel_filtered_wide__MTMV_reduced_3V_Power_(kW)__quality_trim_201607_201608_202009_202010,horizon_72,opencity_stfm__icde_missing_all_sheets_day22_opencity_full_retry_20260601_20260605_173504.sh
OpenCity_STFM/full_shot/tfb-UEBB_panel_wide_filled__MTMV_reduced_3V_active_power_total/horizon_12/opencity_stfm.sh,OpenCity_STFM,full_shot,tfb-UEBB_panel_wide_filled__MTMV_reduced_3V_active_power_total,horizon_12,opencity_stfm.sh
OpenCity_STFM/full_shot/tfb-UEBB_panel_wide_filled__MTMV_reduced_3V_active_power_total/horizon_144/opencity_stfm.sh,OpenCity_STFM,full_shot,tfb-UEBB_panel_wide_filled__MTMV_reduced_3V_active_power_total,horizon_144,opencity_stfm.sh
OpenCity_STFM/full_shot/tfb-UEBB_panel_wide_filled__MTMV_reduced_3V_active_power_total/horizon_24/opencity_stfm.sh,OpenCity_STFM,full_shot,tfb-UEBB_panel_wide_filled__MTMV_reduced_3V_active_power_total,horizon_24,opencity_stfm.sh
OpenCity_STFM/full_shot/tfb-UEBB_panel_wide_filled__MTMV_reduced_3V_active_power_total/horizon_72/opencity_stfm.sh,OpenCity_STFM,full_shot,tfb-UEBB_panel_wide_filled__MTMV_reduced_3V_active_power_total,horizon_72,opencity_stfm.sh
OpenCity_STFM/full_shot/tfb-UEPS_panel_wide_filled__MTMV_reduced_3V_active_power_total/horizon_12/opencity_stfm__icde_missing_all_sheets_day26_final_missing_20260604_20260605_020435.sh,OpenCity_STFM,full_shot,tfb-UEPS_panel_wide_filled__MTMV_reduced_3V_active_power_total,horizon_12,opencity_stfm__icde_missing_all_sheets_day26_final_missing_20260604_20260605_020435.sh
OpenCity_STFM/full_shot/tfb-UEPS_panel_wide_filled__MTMV_reduced_3V_active_power_total/horizon_12/opencity_stfm__icde_missing_all_sheets_day26_final_missing_20260604_20260605_173422.sh,OpenCity_STFM,full_shot,tfb-UEPS_panel_wide_filled__MTMV_reduced_3V_active_power_total,horizon_12,opencity_stfm__icde_missing_all_sheets_day26_final_missing_20260604_20260605_173422.sh
OpenCity_STFM/full_shot/tfb-UEPS_panel_wide_filled__MTMV_reduced_3V_active_power_total/horizon_12/opencity_stfm__icde_missing_all_sheets_day26_final_missing_20260604_20260605_173509.sh,OpenCity_STFM,full_shot,tfb-UEPS_panel_wide_filled__MTMV_reduced_3V_active_power_total,horizon_12,opencity_stfm__icde_missing_all_sheets_day26_final_missing_20260604_20260605_173509.sh
OpenCity_STFM/full_shot/tfb-UEPS_panel_wide_filled__MTMV_reduced_3V_active_power_total/horizon_144/opencity_stfm__icde_missing_all_sheets_day22_opencity_full_retry_20260601_20260604_065207.sh,OpenCity_STFM,full_shot,tfb-UEPS_panel_wide_filled__MTMV_reduced_3V_active_power_total,horizon_144,opencity_stfm__icde_missing_all_sheets_day22_opencity_full_retry_20260601_20260604_065207.sh
OpenCity_STFM/full_shot/tfb-UEPS_panel_wide_filled__MTMV_reduced_3V_active_power_total/horizon_144/opencity_stfm__icde_missing_all_sheets_day22_opencity_full_retry_20260601_20260605_173504.sh,OpenCity_STFM,full_shot,tfb-UEPS_panel_wide_filled__MTMV_reduced_3V_active_power_total,horizon_144,opencity_stfm__icde_missing_all_sheets_day22_opencity_full_retry_20260601_20260605_173504.sh
OpenCity_STFM/full_shot/tfb-UEPS_panel_wide_filled__MTMV_reduced_3V_active_power_total/horizon_24/opencity_stfm__icde_missing_all_sheets_day22_opencity_full_retry_20260601_20260604_065207.sh,OpenCity_STFM,full_shot,tfb-UEPS_panel_wide_filled__MTMV_reduced_3V_active_power_total,horizon_24,opencity_stfm__icde_missing_all_sheets_day22_opencity_full_retry_20260601_20260604_065207.sh
OpenCity_STFM/full_shot/tfb-UEPS_panel_wide_filled__MTMV_reduced_3V_active_power_total/horizon_24/opencity_stfm__icde_missing_all_sheets_day22_opencity_full_retry_20260601_20260605_173504.sh,OpenCity_STFM,full_shot,tfb-UEPS_panel_wide_filled__MTMV_reduced_3V_active_power_total,horizon_24,opencity_stfm__icde_missing_all_sheets_day22_opencity_full_retry_20260601_20260605_173504.sh
OpenCity_STFM/full_shot/tfb-UEPS_panel_wide_filled__MTMV_reduced_3V_active_power_total/horizon_72/opencity_stfm__icde_missing_all_sheets_day22_opencity_full_retry_20260601_20260604_065207.sh,OpenCity_STFM,full_shot,tfb-UEPS_panel_wide_filled__MTMV_reduced_3V_active_power_total,horizon_72,opencity_stfm__icde_missing_all_sheets_day22_opencity_full_retry_20260601_20260604_065207.sh
OpenCity_STFM/full_shot/tfb-UEPS_panel_wide_filled__MTMV_reduced_3V_active_power_total/horizon_72/opencity_stfm__icde_missing_all_sheets_day22_opencity_full_retry_20260601_20260605_173504.sh,OpenCity_STFM,full_shot,tfb-UEPS_panel_wide_filled__MTMV_reduced_3V_active_power_total,horizon_72,opencity_stfm__icde_missing_all_sheets_day22_opencity_full_retry_20260601_20260605_173504.sh
OpenCity_STFM/full_shot/tfb-Wind_Farm_C_filtered_wide_long_fixed__MT1V_reduced_1V_windpower/horizon_12/opencity_stfm.sh,OpenCity_STFM,full_shot,tfb-Wind_Farm_C_filtered_wide_long_fixed__MT1V_reduced_1V_windpower,horizon_12,opencity_stfm.sh
OpenCity_STFM/full_shot/tfb-Wind_Farm_C_filtered_wide_long_fixed__MT1V_reduced_1V_windpower/horizon_144/opencity_stfm.sh,OpenCity_STFM,full_shot,tfb-Wind_Farm_C_filtered_wide_long_fixed__MT1V_reduced_1V_windpower,horizon_144,opencity_stfm.sh
OpenCity_STFM/full_shot/tfb-Wind_Farm_C_filtered_wide_long_fixed__MT1V_reduced_1V_windpower/horizon_24/opencity_stfm.sh,OpenCity_STFM,full_shot,tfb-Wind_Farm_C_filtered_wide_long_fixed__MT1V_reduced_1V_windpower,horizon_24,opencity_stfm.sh
OpenCity_STFM/full_shot/tfb-Wind_Farm_C_filtered_wide_long_fixed__MT1V_reduced_1V_windpower/horizon_72/opencity_stfm.sh,OpenCity_STFM,full_shot,tfb-Wind_Farm_C_filtered_wide_long_fixed__MT1V_reduced_1V_windpower,horizon_72,opencity_stfm.sh
OpenCity_STFM/full_shot/tfb-aemo/horizon_12/opencity_stfm.sh,OpenCity_STFM,full_shot,tfb-aemo,horizon_12,opencity_stfm.sh
OpenCity_STFM/full_shot/tfb-aemo/horizon_144/opencity_stfm.sh,OpenCity_STFM,full_shot,tfb-aemo,horizon_144,opencity_stfm.sh
OpenCity_STFM/full_shot/tfb-aemo/horizon_24/opencity_stfm.sh,OpenCity_STFM,full_shot,tfb-aemo,horizon_24,opencity_stfm.sh
OpenCity_STFM/full_shot/tfb-aemo/horizon_72/opencity_stfm.sh,OpenCity_STFM,full_shot,tfb-aemo,horizon_72,opencity_stfm.sh
OpenCity_STFM/full_shot/tfb-gefcom2012/horizon_12/opencity_stfm.sh,OpenCity_STFM,full_shot,tfb-gefcom2012,horizon_12,opencity_stfm.sh
OpenCity_STFM/full_shot/tfb-gefcom2012/horizon_144/opencity_stfm.sh,OpenCity_STFM,full_shot,tfb-gefcom2012,horizon_144,opencity_stfm.sh
OpenCity_STFM/full_shot/tfb-gefcom2012/horizon_24/opencity_stfm.sh,OpenCity_STFM,full_shot,tfb-gefcom2012,horizon_24,opencity_stfm.sh
OpenCity_STFM/full_shot/tfb-gefcom2012/horizon_72/opencity_stfm.sh,OpenCity_STFM,full_shot,tfb-gefcom2012,horizon_72,opencity_stfm.sh
OpenCity_STFM/full_shot/tfb-gefcom2014/horizon_12/opencity_stfm.sh,OpenCity_STFM,full_shot,tfb-gefcom2014,horizon_12,opencity_stfm.sh
OpenCity_STFM/full_shot/tfb-gefcom2014/horizon_144/opencity_stfm.sh,OpenCity_STFM,full_shot,tfb-gefcom2014,horizon_144,opencity_stfm.sh
OpenCity_STFM/full_shot/tfb-gefcom2014/horizon_24/opencity_stfm.sh,OpenCity_STFM,full_shot,tfb-gefcom2014,horizon_24,opencity_stfm.sh
OpenCity_STFM/full_shot/tfb-gefcom2014/horizon_72/opencity_stfm.sh,OpenCity_STFM,full_shot,tfb-gefcom2014,horizon_72,opencity_stfm.sh
OpenCity_STFM/full_shot/tfb-re_europe_wind_signal_COSMO_long_no_null__MT1V_reduced_38T_1V_power/horizon_12/opencity_stfm.sh,OpenCity_STFM,full_shot,tfb-re_europe_wind_signal_COSMO_long_no_null__MT1V_reduced_38T_1V_power,horizon_12,opencity_stfm.sh
OpenCity_STFM/full_shot/tfb-re_europe_wind_signal_COSMO_long_no_null__MT1V_reduced_38T_1V_power/horizon_12/opencity_stfm__server_a_day02_20260520_133059.sh,OpenCity_STFM,full_shot,tfb-re_europe_wind_signal_COSMO_long_no_null__MT1V_reduced_38T_1V_power,horizon_12,opencity_stfm__server_a_day02_20260520_133059.sh
OpenCity_STFM/full_shot/tfb-re_europe_wind_signal_COSMO_long_no_null__MT1V_reduced_38T_1V_power/horizon_144/opencity_stfm.sh,OpenCity_STFM,full_shot,tfb-re_europe_wind_signal_COSMO_long_no_null__MT1V_reduced_38T_1V_power,horizon_144,opencity_stfm.sh
OpenCity_STFM/full_shot/tfb-re_europe_wind_signal_COSMO_long_no_null__MT1V_reduced_38T_1V_power/horizon_144/opencity_stfm__server_a_day02_20260520_133059.sh,OpenCity_STFM,full_shot,tfb-re_europe_wind_signal_COSMO_long_no_null__MT1V_reduced_38T_1V_power,horizon_144,opencity_stfm__server_a_day02_20260520_133059.sh
OpenCity_STFM/full_shot/tfb-re_europe_wind_signal_COSMO_long_no_null__MT1V_reduced_38T_1V_power/horizon_24/opencity_stfm.sh,OpenCity_STFM,full_shot,tfb-re_europe_wind_signal_COSMO_long_no_null__MT1V_reduced_38T_1V_power,horizon_24,opencity_stfm.sh
OpenCity_STFM/full_shot/tfb-re_europe_wind_signal_COSMO_long_no_null__MT1V_reduced_38T_1V_power/horizon_24/opencity_stfm__server_a_day02_20260520_133059.sh,OpenCity_STFM,full_shot,tfb-re_europe_wind_signal_COSMO_long_no_null__MT1V_reduced_38T_1V_power,horizon_24,opencity_stfm__server_a_day02_20260520_133059.sh
OpenCity_STFM/full_shot/tfb-re_europe_wind_signal_COSMO_long_no_null__MT1V_reduced_38T_1V_power/horizon_72/full_shot_all_horizons.sh,OpenCity_STFM,full_shot,tfb-re_europe_wind_signal_COSMO_long_no_null__MT1V_reduced_38T_1V_power,horizon_72,full_shot_all_horizons.sh
OpenCity_STFM/full_shot/tfb-re_europe_wind_signal_COSMO_long_no_null__MT1V_reduced_38T_1V_power/horizon_72/opencity_stfm__server_a_day02_20260520_133059.sh,OpenCity_STFM,full_shot,tfb-re_europe_wind_signal_COSMO_long_no_null__MT1V_reduced_38T_1V_power,horizon_72,opencity_stfm__server_a_day02_20260520_133059.sh
OpenCity_STFM/full_shot/tfb-re_europe_wind_signal_ECMWF_long_no_null__MT1V_reduced_38T_1V_power/horizon_12/opencity_stfm.sh,OpenCity_STFM,full_shot,tfb-re_europe_wind_signal_ECMWF_long_no_null__MT1V_reduced_38T_1V_power,horizon_12,opencity_stfm.sh
OpenCity_STFM/full_shot/tfb-re_europe_wind_signal_ECMWF_long_no_null__MT1V_reduced_38T_1V_power/horizon_144/opencity_stfm.sh,OpenCity_STFM,full_shot,tfb-re_europe_wind_signal_ECMWF_long_no_null__MT1V_reduced_38T_1V_power,horizon_144,opencity_stfm.sh
OpenCity_STFM/full_shot/tfb-re_europe_wind_signal_ECMWF_long_no_null__MT1V_reduced_38T_1V_power/horizon_24/opencity_stfm.sh,OpenCity_STFM,full_shot,tfb-re_europe_wind_signal_ECMWF_long_no_null__MT1V_reduced_38T_1V_power,horizon_24,opencity_stfm.sh
OpenCity_STFM/full_shot/tfb-re_europe_wind_signal_ECMWF_long_no_null__MT1V_reduced_38T_1V_power/horizon_72/opencity_stfm.sh,OpenCity_STFM,full_shot,tfb-re_europe_wind_signal_ECMWF_long_no_null__MT1V_reduced_38T_1V_power,horizon_72,opencity_stfm.sh
OpenCity_STFM/full_shot/tfb-sdwpf_245days_v1_final_final_cleaned/horizon_12/opencity_stfm.sh,OpenCity_STFM,full_shot,tfb-sdwpf_245days_v1_final_final_cleaned,horizon_12,opencity_stfm.sh
OpenCity_STFM/full_shot/tfb-sdwpf_245days_v1_final_final_cleaned/horizon_144/opencity_stfm.sh,OpenCity_STFM,full_shot,tfb-sdwpf_245days_v1_final_final_cleaned,horizon_144,opencity_stfm.sh
OpenCity_STFM/full_shot/tfb-sdwpf_245days_v1_final_final_cleaned/horizon_24/opencity_stfm.sh,OpenCity_STFM,full_shot,tfb-sdwpf_245days_v1_final_final_cleaned,horizon_24,opencity_stfm.sh
OpenCity_STFM/full_shot/tfb-sdwpf_245days_v1_final_final_cleaned/horizon_72/opencity_stfm.sh,OpenCity_STFM,full_shot,tfb-sdwpf_245days_v1_final_final_cleaned,horizon_72,opencity_stfm.sh
OpenCity_STFM/zero_shot/tfb-Kelmarsh_filtered_wide__MTMV_reduced_3V_Power_(kW)/zero_shot_all_horizons.sh,OpenCity_STFM,zero_shot,tfb-Kelmarsh_filtered_wide__MTMV_reduced_3V_Power_(kW),,zero_shot_all_horizons.sh
OpenCity_STFM/zero_shot/tfb-Penmanshiel_filtered_wide__MTMV_reduced_3V_Power_(kW)__quality_trim_201607_201608_202009_202010/zero_shot_all_horizons.sh,OpenCity_STFM,zero_shot,tfb-Penmanshiel_filtered_wide__MTMV_reduced_3V_Power_(kW)__quality_trim_201607_201608_202009_202010,,zero_shot_all_horizons.sh
OpenCity_STFM/zero_shot/tfb-UEBB_panel_wide_filled__MTMV_reduced_3V_active_power_total/zero_shot_all_horizons.sh,OpenCity_STFM,zero_shot,tfb-UEBB_panel_wide_filled__MTMV_reduced_3V_active_power_total,,zero_shot_all_horizons.sh
OpenCity_STFM/zero_shot/tfb-UEPS_panel_wide_filled__MTMV_reduced_3V_active_power_total/zero_shot_all_horizons.sh,OpenCity_STFM,zero_shot,tfb-UEPS_panel_wide_filled__MTMV_reduced_3V_active_power_total,,zero_shot_all_horizons.sh
OpenCity_STFM/zero_shot/tfb-Wind_Farm_C_filtered_wide_long_fixed__MT1V_reduced_1V_windpower/horizon_12/zero_shot_all_horizons.sh,OpenCity_STFM,zero_shot,tfb-Wind_Farm_C_filtered_wide_long_fixed__MT1V_reduced_1V_windpower,horizon_12,zero_shot_all_horizons.sh
OpenCity_STFM/zero_shot/tfb-Wind_Farm_C_filtered_wide_long_fixed__MT1V_reduced_1V_windpower/horizon_144/zero_shot_all_horizons.sh,OpenCity_STFM,zero_shot,tfb-Wind_Farm_C_filtered_wide_long_fixed__MT1V_reduced_1V_windpower,horizon_144,zero_shot_all_horizons.sh
OpenCity_STFM/zero_shot/tfb-Wind_Farm_C_filtered_wide_long_fixed__MT1V_reduced_1V_windpower/horizon_24/zero_shot_all_horizons.sh,OpenCity_STFM,zero_shot,tfb-Wind_Farm_C_filtered_wide_long_fixed__MT1V_reduced_1V_windpower,horizon_24,zero_shot_all_horizons.sh
OpenCity_STFM/zero_shot/tfb-Wind_Farm_C_filtered_wide_long_fixed__MT1V_reduced_1V_windpower/horizon_72/zero_shot_all_horizons.sh,OpenCity_STFM,zero_shot,tfb-Wind_Farm_C_filtered_wide_long_fixed__MT1V_reduced_1V_windpower,horizon_72,zero_shot_all_horizons.sh
OpenCity_STFM/zero_shot/tfb-aemo/zero_shot_all_horizons.sh,OpenCity_STFM,zero_shot,tfb-aemo,,zero_shot_all_horizons.sh
OpenCity_STFM/zero_shot/tfb-gefcom2012/horizon_12/zero_shot_all_horizons.sh,OpenCity_STFM,zero_shot,tfb-gefcom2012,horizon_12,zero_shot_all_horizons.sh
OpenCity_STFM/zero_shot/tfb-gefcom2012/horizon_144/zero_shot_all_horizons.sh,OpenCity_STFM,zero_shot,tfb-gefcom2012,horizon_144,zero_shot_all_horizons.sh
OpenCity_STFM/zero_shot/tfb-gefcom2012/horizon_24/zero_shot_all_horizons.sh,OpenCity_STFM,zero_shot,tfb-gefcom2012,horizon_24,zero_shot_all_horizons.sh
OpenCity_STFM/zero_shot/tfb-gefcom2012/horizon_72/zero_shot_all_horizons.sh,OpenCity_STFM,zero_shot,tfb-gefcom2012,horizon_72,zero_shot_all_horizons.sh
OpenCity_STFM/zero_shot/tfb-gefcom2014/zero_shot_all_horizons.sh,OpenCity_STFM,zero_shot,tfb-gefcom2014,,zero_shot_all_horizons.sh
OpenCity_STFM/zero_shot/tfb-re_europe_wind_signal_COSMO_long_no_null__MT1V_reduced_38T_1V_power/zero_shot_all_horizons.sh,OpenCity_STFM,zero_shot,tfb-re_europe_wind_signal_COSMO_long_no_null__MT1V_reduced_38T_1V_power,,zero_shot_all_horizons.sh
OpenCity_STFM/zero_shot/tfb-re_europe_wind_signal_ECMWF_long_no_null__MT1V_reduced_38T_1V_power/zero_shot_all_horizons.sh,OpenCity_STFM,zero_shot,tfb-re_europe_wind_signal_ECMWF_long_no_null__MT1V_reduced_38T_1V_power,,zero_shot_all_horizons.sh
OpenCity_STFM/zero_shot/tfb-sdwpf_245days_v1_final_final_cleaned/zero_shot_all_horizons.sh,OpenCity_STFM,zero_shot,tfb-sdwpf_245days_v1_final_final_cleaned,,zero_shot_all_horizons.sh
PatchTST/hpo/tfb-Kelmarsh_filtered_wide__MTMV_reduced_3V_Power_(kW)/horizon_12/patchtst.sh,PatchTST,hpo,tfb-Kelmarsh_filtered_wide__MTMV_reduced_3V_Power_(kW),horizon_12,patchtst.sh
PatchTST/hpo/tfb-Kelmarsh_filtered_wide__MTMV_reduced_3V_Power_(kW)/horizon_144/patchtst.sh,PatchTST,hpo,tfb-Kelmarsh_filtered_wide__MTMV_reduced_3V_Power_(kW),horizon_144,patchtst.sh
PatchTST/hpo/tfb-Kelmarsh_filtered_wide__MTMV_reduced_3V_Power_(kW)/horizon_24/patchtst.sh,PatchTST,hpo,tfb-Kelmarsh_filtered_wide__MTMV_reduced_3V_Power_(kW),horizon_24,patchtst.sh
PatchTST/hpo/tfb-Kelmarsh_filtered_wide__MTMV_reduced_3V_Power_(kW)/horizon_72/patchtst.sh,PatchTST,hpo,tfb-Kelmarsh_filtered_wide__MTMV_reduced_3V_Power_(kW),horizon_72,patchtst.sh
PatchTST/hpo/tfb-Penmanshiel_filtered_wide__MTMV_reduced_3V_Power_(kW)__quality_trim_201607_201608_202009_202010/horizon_12/patchtst.sh,PatchTST,hpo,tfb-Penmanshiel_filtered_wide__MTMV_reduced_3V_Power_(kW)__quality_trim_201607_201608_202009_202010,horizon_12,patchtst.sh
PatchTST/hpo/tfb-Penmanshiel_filtered_wide__MTMV_reduced_3V_Power_(kW)__quality_trim_201607_201608_202009_202010/horizon_144/patchtst.sh,PatchTST,hpo,tfb-Penmanshiel_filtered_wide__MTMV_reduced_3V_Power_(kW)__quality_trim_201607_201608_202009_202010,horizon_144,patchtst.sh
PatchTST/hpo/tfb-Penmanshiel_filtered_wide__MTMV_reduced_3V_Power_(kW)__quality_trim_201607_201608_202009_202010/horizon_24/patchtst.sh,PatchTST,hpo,tfb-Penmanshiel_filtered_wide__MTMV_reduced_3V_Power_(kW)__quality_trim_201607_201608_202009_202010,horizon_24,patchtst.sh
PatchTST/hpo/tfb-Penmanshiel_filtered_wide__MTMV_reduced_3V_Power_(kW)__quality_trim_201607_201608_202009_202010/horizon_72/patchtst.sh,PatchTST,hpo,tfb-Penmanshiel_filtered_wide__MTMV_reduced_3V_Power_(kW)__quality_trim_201607_201608_202009_202010,horizon_72,patchtst.sh
PatchTST/hpo/tfb-UEBB_panel_wide_filled__MTMV_reduced_3V_active_power_total/horizon_12/patchtst__icde_missing_all_sheets_day26_final_missing_20260604_20260605_020435.sh,PatchTST,hpo,tfb-UEBB_panel_wide_filled__MTMV_reduced_3V_active_power_total,horizon_12,patchtst__icde_missing_all_sheets_day26_final_missing_20260604_20260605_020435.sh
PatchTST/hpo/tfb-UEBB_panel_wide_filled__MTMV_reduced_3V_active_power_total/horizon_12/patchtst__icde_missing_all_sheets_day26_final_missing_20260604_20260605_173422.sh,PatchTST,hpo,tfb-UEBB_panel_wide_filled__MTMV_reduced_3V_active_power_total,horizon_12,patchtst__icde_missing_all_sheets_day26_final_missing_20260604_20260605_173422.sh
PatchTST/hpo/tfb-UEBB_panel_wide_filled__MTMV_reduced_3V_active_power_total/horizon_12/patchtst__icde_missing_all_sheets_day26_final_missing_20260604_20260605_173509.sh,PatchTST,hpo,tfb-UEBB_panel_wide_filled__MTMV_reduced_3V_active_power_total,horizon_12,patchtst__icde_missing_all_sheets_day26_final_missing_20260604_20260605_173509.sh
PatchTST/hpo/tfb-UEBB_panel_wide_filled__MTMV_reduced_3V_active_power_total/horizon_144/patchtst__icde_missing_all_sheets_day26_final_missing_20260604_20260605_173422.sh,PatchTST,hpo,tfb-UEBB_panel_wide_filled__MTMV_reduced_3V_active_power_total,horizon_144,patchtst__icde_missing_all_sheets_day26_final_missing_20260604_20260605_173422.sh
PatchTST/hpo/tfb-UEBB_panel_wide_filled__MTMV_reduced_3V_active_power_total/horizon_144/patchtst__icde_missing_all_sheets_day26_final_missing_20260604_20260605_173509.sh,PatchTST,hpo,tfb-UEBB_panel_wide_filled__MTMV_reduced_3V_active_power_total,horizon_144,patchtst__icde_missing_all_sheets_day26_final_missing_20260604_20260605_173509.sh
PatchTST/hpo/tfb-UEBB_panel_wide_filled__MTMV_reduced_3V_active_power_total/horizon_24/patchtst__icde_missing_all_sheets_day26_final_missing_20260604_20260605_173422.sh,PatchTST,hpo,tfb-UEBB_panel_wide_filled__MTMV_reduced_3V_active_power_total,horizon_24,patchtst__icde_missing_all_sheets_day26_final_missing_20260604_20260605_173422.sh
PatchTST/hpo/tfb-UEBB_panel_wide_filled__MTMV_reduced_3V_active_power_total/horizon_24/patchtst__icde_missing_all_sheets_day26_final_missing_20260604_20260605_173509.sh,PatchTST,hpo,tfb-UEBB_panel_wide_filled__MTMV_reduced_3V_active_power_total,horizon_24,patchtst__icde_missing_all_sheets_day26_final_missing_20260604_20260605_173509.sh
PatchTST/hpo/tfb-UEBB_panel_wide_filled__MTMV_reduced_3V_active_power_total/horizon_72/patchtst__icde_missing_all_sheets_day26_final_missing_20260604_20260605_173422.sh,PatchTST,hpo,tfb-UEBB_panel_wide_filled__MTMV_reduced_3V_active_power_total,horizon_72,patchtst__icde_missing_all_sheets_day26_final_missing_20260604_20260605_173422.sh
PatchTST/hpo/tfb-UEBB_panel_wide_filled__MTMV_reduced_3V_active_power_total/horizon_72/patchtst__icde_missing_all_sheets_day26_final_missing_20260604_20260605_173509.sh,PatchTST,hpo,tfb-UEBB_panel_wide_filled__MTMV_reduced_3V_active_power_total,horizon_72,patchtst__icde_missing_all_sheets_day26_final_missing_20260604_20260605_173509.sh
PatchTST/hpo/tfb-UEPS_panel_wide_filled__MTMV_reduced_3V_active_power_total/horizon_12/patchtst__icde_missing_all_sheets_day17_gpu5_80g_final2_20260529_20260601_043403.sh,PatchTST,hpo,tfb-UEPS_panel_wide_filled__MTMV_reduced_3V_active_power_total,horizon_12,patchtst__icde_missing_all_sheets_day17_gpu5_80g_final2_20260529_20260601_043403.sh
PatchTST/hpo/tfb-UEPS_panel_wide_filled__MTMV_reduced_3V_active_power_total/horizon_12/patchtst__icde_missing_all_sheets_day17_gpu5_80g_final2_20260529_20260604_065156.sh,PatchTST,hpo,tfb-UEPS_panel_wide_filled__MTMV_reduced_3V_active_power_total,horizon_12,patchtst__icde_missing_all_sheets_day17_gpu5_80g_final2_20260529_20260604_065156.sh
PatchTST/hpo/tfb-UEPS_panel_wide_filled__MTMV_reduced_3V_active_power_total/horizon_12/patchtst__icde_missing_all_sheets_day17_gpu5_80g_final2_20260529_20260605_173453.sh,PatchTST,hpo,tfb-UEPS_panel_wide_filled__MTMV_reduced_3V_active_power_total,horizon_12,patchtst__icde_missing_all_sheets_day17_gpu5_80g_final2_20260529_20260605_173453.sh
PatchTST/hpo/tfb-UEPS_panel_wide_filled__MTMV_reduced_3V_active_power_total/horizon_144/patchtst__icde_missing_all_sheets_day17_gpu5_80g_final2_20260529_20260601_043403.sh,PatchTST,hpo,tfb-UEPS_panel_wide_filled__MTMV_reduced_3V_active_power_total,horizon_144,patchtst__icde_missing_all_sheets_day17_gpu5_80g_final2_20260529_20260601_043403.sh
PatchTST/hpo/tfb-UEPS_panel_wide_filled__MTMV_reduced_3V_active_power_total/horizon_144/patchtst__icde_missing_all_sheets_day17_gpu5_80g_final2_20260529_20260604_065156.sh,PatchTST,hpo,tfb-UEPS_panel_wide_filled__MTMV_reduced_3V_active_power_total,horizon_144,patchtst__icde_missing_all_sheets_day17_gpu5_80g_final2_20260529_20260604_065156.sh
PatchTST/hpo/tfb-UEPS_panel_wide_filled__MTMV_reduced_3V_active_power_total/horizon_144/patchtst__icde_missing_all_sheets_day17_gpu5_80g_final2_20260529_20260605_173453.sh,PatchTST,hpo,tfb-UEPS_panel_wide_filled__MTMV_reduced_3V_active_power_total,horizon_144,patchtst__icde_missing_all_sheets_day17_gpu5_80g_final2_20260529_20260605_173453.sh
PatchTST/hpo/tfb-UEPS_panel_wide_filled__MTMV_reduced_3V_active_power_total/horizon_24/patchtst__icde_missing_all_sheets_day17_gpu5_80g_final2_20260529_20260601_043403.sh,PatchTST,hpo,tfb-UEPS_panel_wide_filled__MTMV_reduced_3V_active_power_total,horizon_24,patchtst__icde_missing_all_sheets_day17_gpu5_80g_final2_20260529_20260601_043403.sh
PatchTST/hpo/tfb-UEPS_panel_wide_filled__MTMV_reduced_3V_active_power_total/horizon_24/patchtst__icde_missing_all_sheets_day17_gpu5_80g_final2_20260529_20260604_065156.sh,PatchTST,hpo,tfb-UEPS_panel_wide_filled__MTMV_reduced_3V_active_power_total,horizon_24,patchtst__icde_missing_all_sheets_day17_gpu5_80g_final2_20260529_20260604_065156.sh
PatchTST/hpo/tfb-UEPS_panel_wide_filled__MTMV_reduced_3V_active_power_total/horizon_24/patchtst__icde_missing_all_sheets_day17_gpu5_80g_final2_20260529_20260605_173453.sh,PatchTST,hpo,tfb-UEPS_panel_wide_filled__MTMV_reduced_3V_active_power_total,horizon_24,patchtst__icde_missing_all_sheets_day17_gpu5_80g_final2_20260529_20260605_173453.sh
PatchTST/hpo/tfb-UEPS_panel_wide_filled__MTMV_reduced_3V_active_power_total/horizon_72/patchtst__icde_missing_all_sheets_day17_gpu5_80g_final2_20260529_20260601_043403.sh,PatchTST,hpo,tfb-UEPS_panel_wide_filled__MTMV_reduced_3V_active_power_total,horizon_72,patchtst__icde_missing_all_sheets_day17_gpu5_80g_final2_20260529_20260601_043403.sh
PatchTST/hpo/tfb-UEPS_panel_wide_filled__MTMV_reduced_3V_active_power_total/horizon_72/patchtst__icde_missing_all_sheets_day17_gpu5_80g_final2_20260529_20260604_065156.sh,PatchTST,hpo,tfb-UEPS_panel_wide_filled__MTMV_reduced_3V_active_power_total,horizon_72,patchtst__icde_missing_all_sheets_day17_gpu5_80g_final2_20260529_20260604_065156.sh
PatchTST/hpo/tfb-UEPS_panel_wide_filled__MTMV_reduced_3V_active_power_total/horizon_72/patchtst__icde_missing_all_sheets_day17_gpu5_80g_final2_20260529_20260605_173453.sh,PatchTST,hpo,tfb-UEPS_panel_wide_filled__MTMV_reduced_3V_active_power_total,horizon_72,patchtst__icde_missing_all_sheets_day17_gpu5_80g_final2_20260529_20260605_173453.sh
PatchTST/hpo/tfb-Wind farm site 1 (Nominal capacity-99MW)_final/horizon_12/patchtst.sh,PatchTST,hpo,tfb-Wind farm site 1 (Nominal capacity-99MW)_final,horizon_12,patchtst.sh
PatchTST/hpo/tfb-Wind farm site 1 (Nominal capacity-99MW)_final/horizon_144/patchtst.sh,PatchTST,hpo,tfb-Wind farm site 1 (Nominal capacity-99MW)_final,horizon_144,patchtst.sh
PatchTST/hpo/tfb-Wind farm site 1 (Nominal capacity-99MW)_final/horizon_24/patchtst.sh,PatchTST,hpo,tfb-Wind farm site 1 (Nominal capacity-99MW)_final,horizon_24,patchtst.sh
PatchTST/hpo/tfb-Wind farm site 1 (Nominal capacity-99MW)_final/horizon_72/patchtst.sh,PatchTST,hpo,tfb-Wind farm site 1 (Nominal capacity-99MW)_final,horizon_72,patchtst.sh
PatchTST/hpo/tfb-Wind farm site 2 (Nominal capacity-200MW)_final/horizon_12/patchtst.sh,PatchTST,hpo,tfb-Wind farm site 2 (Nominal capacity-200MW)_final,horizon_12,patchtst.sh
PatchTST/hpo/tfb-Wind farm site 2 (Nominal capacity-200MW)_final/horizon_144/patchtst.sh,PatchTST,hpo,tfb-Wind farm site 2 (Nominal capacity-200MW)_final,horizon_144,patchtst.sh
PatchTST/hpo/tfb-Wind farm site 2 (Nominal capacity-200MW)_final/horizon_24/patchtst.sh,PatchTST,hpo,tfb-Wind farm site 2 (Nominal capacity-200MW)_final,horizon_24,patchtst.sh
PatchTST/hpo/tfb-Wind farm site 2 (Nominal capacity-200MW)_final/horizon_72/patchtst.sh,PatchTST,hpo,tfb-Wind farm site 2 (Nominal capacity-200MW)_final,horizon_72,patchtst.sh
PatchTST/hpo/tfb-Wind farm site 3 (Nominal capacity-99MW)_final/horizon_12/patchtst__server_a_day01_20260520_132941.sh,PatchTST,hpo,tfb-Wind farm site 3 (Nominal capacity-99MW)_final,horizon_12,patchtst__server_a_day01_20260520_132941.sh
PatchTST/hpo/tfb-Wind farm site 3 (Nominal capacity-99MW)_final/horizon_144/patchtst__server_a_day01_20260520_132941.sh,PatchTST,hpo,tfb-Wind farm site 3 (Nominal capacity-99MW)_final,horizon_144,patchtst__server_a_day01_20260520_132941.sh
PatchTST/hpo/tfb-Wind farm site 3 (Nominal capacity-99MW)_final/horizon_24/patchtst__server_a_day01_20260520_132941.sh,PatchTST,hpo,tfb-Wind farm site 3 (Nominal capacity-99MW)_final,horizon_24,patchtst__server_a_day01_20260520_132941.sh
PatchTST/hpo/tfb-Wind farm site 3 (Nominal capacity-99MW)_final/horizon_72/patchtst__server_a_day01_20260520_132941.sh,PatchTST,hpo,tfb-Wind farm site 3 (Nominal capacity-99MW)_final,horizon_72,patchtst__server_a_day01_20260520_132941.sh
PatchTST/hpo/tfb-Wind farm site 4 (Nominal capacity-66MW)_final/horizon_12/patchtst__server_a_day02_20260520_133059.sh,PatchTST,hpo,tfb-Wind farm site 4 (Nominal capacity-66MW)_final,horizon_12,patchtst__server_a_day02_20260520_133059.sh
PatchTST/hpo/tfb-Wind farm site 4 (Nominal capacity-66MW)_final/horizon_144/patchtst__server_a_day02_20260520_133059.sh,PatchTST,hpo,tfb-Wind farm site 4 (Nominal capacity-66MW)_final,horizon_144,patchtst__server_a_day02_20260520_133059.sh
PatchTST/hpo/tfb-Wind farm site 4 (Nominal capacity-66MW)_final/horizon_24/patchtst__server_a_day02_20260520_133059.sh,PatchTST,hpo,tfb-Wind farm site 4 (Nominal capacity-66MW)_final,horizon_24,patchtst__server_a_day02_20260520_133059.sh
PatchTST/hpo/tfb-Wind farm site 4 (Nominal capacity-66MW)_final/horizon_72/patchtst__server_a_day02_20260520_133059.sh,PatchTST,hpo,tfb-Wind farm site 4 (Nominal capacity-66MW)_final,horizon_72,patchtst__server_a_day02_20260520_133059.sh
PatchTST/hpo/tfb-Wind farm site 6 (Nominal capacity-96MW)_final/horizon_12/patchtst.sh,PatchTST,hpo,tfb-Wind farm site 6 (Nominal capacity-96MW)_final,horizon_12,patchtst.sh
PatchTST/hpo/tfb-Wind farm site 6 (Nominal capacity-96MW)_final/horizon_144/patchtst.sh,PatchTST,hpo,tfb-Wind farm site 6 (Nominal capacity-96MW)_final,horizon_144,patchtst.sh
PatchTST/hpo/tfb-Wind farm site 6 (Nominal capacity-96MW)_final/horizon_24/patchtst.sh,PatchTST,hpo,tfb-Wind farm site 6 (Nominal capacity-96MW)_final,horizon_24,patchtst.sh
PatchTST/hpo/tfb-Wind farm site 6 (Nominal capacity-96MW)_final/horizon_72/patchtst.sh,PatchTST,hpo,tfb-Wind farm site 6 (Nominal capacity-96MW)_final,horizon_72,patchtst.sh
PatchTST/hpo/tfb-Wind_Farm_A_filtered_wide_long_fixed__1T1V_reduced_1T_1V_windpower/horizon_12/patchtst.sh,PatchTST,hpo,tfb-Wind_Farm_A_filtered_wide_long_fixed__1T1V_reduced_1T_1V_windpower,horizon_12,patchtst.sh
PatchTST/hpo/tfb-Wind_Farm_A_filtered_wide_long_fixed__1T1V_reduced_1T_1V_windpower/horizon_144/patchtst.sh,PatchTST,hpo,tfb-Wind_Farm_A_filtered_wide_long_fixed__1T1V_reduced_1T_1V_windpower,horizon_144,patchtst.sh
PatchTST/hpo/tfb-Wind_Farm_A_filtered_wide_long_fixed__1T1V_reduced_1T_1V_windpower/horizon_24/patchtst.sh,PatchTST,hpo,tfb-Wind_Farm_A_filtered_wide_long_fixed__1T1V_reduced_1T_1V_windpower,horizon_24,patchtst.sh
PatchTST/hpo/tfb-Wind_Farm_A_filtered_wide_long_fixed__1T1V_reduced_1T_1V_windpower/horizon_72/patchtst.sh,PatchTST,hpo,tfb-Wind_Farm_A_filtered_wide_long_fixed__1T1V_reduced_1T_1V_windpower,horizon_72,patchtst.sh
PatchTST/hpo/tfb-Wind_Farm_B_filtered_wide_long_fixed__1T1V_reduced_1T_1V_windpower/horizon_12/patchtst.sh,PatchTST,hpo,tfb-Wind_Farm_B_filtered_wide_long_fixed__1T1V_reduced_1T_1V_windpower,horizon_12,patchtst.sh
PatchTST/hpo/tfb-Wind_Farm_B_filtered_wide_long_fixed__1T1V_reduced_1T_1V_windpower/horizon_144/patchtst.sh,PatchTST,hpo,tfb-Wind_Farm_B_filtered_wide_long_fixed__1T1V_reduced_1T_1V_windpower,horizon_144,patchtst.sh
PatchTST/hpo/tfb-Wind_Farm_B_filtered_wide_long_fixed__1T1V_reduced_1T_1V_windpower/horizon_24/patchtst.sh,PatchTST,hpo,tfb-Wind_Farm_B_filtered_wide_long_fixed__1T1V_reduced_1T_1V_windpower,horizon_24,patchtst.sh
PatchTST/hpo/tfb-Wind_Farm_B_filtered_wide_long_fixed__1T1V_reduced_1T_1V_windpower/horizon_72/patchtst.sh,PatchTST,hpo,tfb-Wind_Farm_B_filtered_wide_long_fixed__1T1V_reduced_1T_1V_windpower,horizon_72,patchtst.sh
PatchTST/hpo/tfb-Wind_Farm_C_filtered_wide_long_fixed__MT1V_reduced_1V_windpower/horizon_12/patchtst.sh,PatchTST,hpo,tfb-Wind_Farm_C_filtered_wide_long_fixed__MT1V_reduced_1V_windpower,horizon_12,patchtst.sh
PatchTST/hpo/tfb-Wind_Farm_C_filtered_wide_long_fixed__MT1V_reduced_1V_windpower/horizon_144/patchtst.sh,PatchTST,hpo,tfb-Wind_Farm_C_filtered_wide_long_fixed__MT1V_reduced_1V_windpower,horizon_144,patchtst.sh
PatchTST/hpo/tfb-Wind_Farm_C_filtered_wide_long_fixed__MT1V_reduced_1V_windpower/horizon_24/patchtst.sh,PatchTST,hpo,tfb-Wind_Farm_C_filtered_wide_long_fixed__MT1V_reduced_1V_windpower,horizon_24,patchtst.sh
PatchTST/hpo/tfb-Wind_Farm_C_filtered_wide_long_fixed__MT1V_reduced_1V_windpower/horizon_72/patchtst.sh,PatchTST,hpo,tfb-Wind_Farm_C_filtered_wide_long_fixed__MT1V_reduced_1V_windpower,horizon_72,patchtst.sh
PatchTST/hpo/tfb-Yalova_final_ready/horizon_12/patchtst.sh,PatchTST,hpo,tfb-Yalova_final_ready,horizon_12,patchtst.sh
PatchTST/hpo/tfb-Yalova_final_ready/horizon_144/patchtst.sh,PatchTST,hpo,tfb-Yalova_final_ready,horizon_144,patchtst.sh
PatchTST/hpo/tfb-Yalova_final_ready/horizon_24/patchtst.sh,PatchTST,hpo,tfb-Yalova_final_ready,horizon_24,patchtst.sh
PatchTST/hpo/tfb-Yalova_final_ready/horizon_72/patchtst.sh,PatchTST,hpo,tfb-Yalova_final_ready,horizon_72,patchtst.sh
PatchTST/hpo/tfb-aemo/horizon_12/patchtst.sh,PatchTST,hpo,tfb-aemo,horizon_12,patchtst.sh
PatchTST/hpo/tfb-aemo/horizon_144/patchtst.sh,PatchTST,hpo,tfb-aemo,horizon_144,patchtst.sh
PatchTST/hpo/tfb-aemo/horizon_24/patchtst.sh,PatchTST,hpo,tfb-aemo,horizon_24,patchtst.sh
PatchTST/hpo/tfb-aemo/horizon_72/patchtst.sh,PatchTST,hpo,tfb-aemo,horizon_72,patchtst.sh
PatchTST/hpo/tfb-chalmers_merged_processed_data_fixed_combined__1T1V_reduced_1min_1T_1V_power/horizon_12/patchtst__server_a_day01_20260519_111959.sh,PatchTST,hpo,tfb-chalmers_merged_processed_data_fixed_combined__1T1V_reduced_1min_1T_1V_power,horizon_12,patchtst__server_a_day01_20260519_111959.sh
PatchTST/hpo/tfb-chalmers_merged_processed_data_fixed_combined__1T1V_reduced_1min_1T_1V_power/horizon_12/patchtst__server_a_day01_20260519_122851.sh,PatchTST,hpo,tfb-chalmers_merged_processed_data_fixed_combined__1T1V_reduced_1min_1T_1V_power,horizon_12,patchtst__server_a_day01_20260519_122851.sh
PatchTST/hpo/tfb-chalmers_merged_processed_data_fixed_combined__1T1V_reduced_1min_1T_1V_power/horizon_12/patchtst__server_a_day01_20260519_171557.sh,PatchTST,hpo,tfb-chalmers_merged_processed_data_fixed_combined__1T1V_reduced_1min_1T_1V_power,horizon_12,patchtst__server_a_day01_20260519_171557.sh
PatchTST/hpo/tfb-chalmers_merged_processed_data_fixed_combined__1T1V_reduced_1min_1T_1V_power/horizon_12/patchtst__server_a_day01_20260520_132941.sh,PatchTST,hpo,tfb-chalmers_merged_processed_data_fixed_combined__1T1V_reduced_1min_1T_1V_power,horizon_12,patchtst__server_a_day01_20260520_132941.sh
PatchTST/hpo/tfb-chalmers_merged_processed_data_fixed_combined__1T1V_reduced_1min_1T_1V_power/horizon_144/patchtst__server_a_day01_20260519_111959.sh,PatchTST,hpo,tfb-chalmers_merged_processed_data_fixed_combined__1T1V_reduced_1min_1T_1V_power,horizon_144,patchtst__server_a_day01_20260519_111959.sh
PatchTST/hpo/tfb-chalmers_merged_processed_data_fixed_combined__1T1V_reduced_1min_1T_1V_power/horizon_144/patchtst__server_a_day01_20260519_122851.sh,PatchTST,hpo,tfb-chalmers_merged_processed_data_fixed_combined__1T1V_reduced_1min_1T_1V_power,horizon_144,patchtst__server_a_day01_20260519_122851.sh
PatchTST/hpo/tfb-chalmers_merged_processed_data_fixed_combined__1T1V_reduced_1min_1T_1V_power/horizon_144/patchtst__server_a_day01_20260519_171557.sh,PatchTST,hpo,tfb-chalmers_merged_processed_data_fixed_combined__1T1V_reduced_1min_1T_1V_power,horizon_144,patchtst__server_a_day01_20260519_171557.sh
PatchTST/hpo/tfb-chalmers_merged_processed_data_fixed_combined__1T1V_reduced_1min_1T_1V_power/horizon_144/patchtst__server_a_day01_20260520_132941.sh,PatchTST,hpo,tfb-chalmers_merged_processed_data_fixed_combined__1T1V_reduced_1min_1T_1V_power,horizon_144,patchtst__server_a_day01_20260520_132941.sh
PatchTST/hpo/tfb-chalmers_merged_processed_data_fixed_combined__1T1V_reduced_1min_1T_1V_power/horizon_24/patchtst__server_a_day01_20260519_111959.sh,PatchTST,hpo,tfb-chalmers_merged_processed_data_fixed_combined__1T1V_reduced_1min_1T_1V_power,horizon_24,patchtst__server_a_day01_20260519_111959.sh
PatchTST/hpo/tfb-chalmers_merged_processed_data_fixed_combined__1T1V_reduced_1min_1T_1V_power/horizon_24/patchtst__server_a_day01_20260519_122851.sh,PatchTST,hpo,tfb-chalmers_merged_processed_data_fixed_combined__1T1V_reduced_1min_1T_1V_power,horizon_24,patchtst__server_a_day01_20260519_122851.sh
PatchTST/hpo/tfb-chalmers_merged_processed_data_fixed_combined__1T1V_reduced_1min_1T_1V_power/horizon_24/patchtst__server_a_day01_20260519_171557.sh,PatchTST,hpo,tfb-chalmers_merged_processed_data_fixed_combined__1T1V_reduced_1min_1T_1V_power,horizon_24,patchtst__server_a_day01_20260519_171557.sh
PatchTST/hpo/tfb-chalmers_merged_processed_data_fixed_combined__1T1V_reduced_1min_1T_1V_power/horizon_24/patchtst__server_a_day01_20260520_132941.sh,PatchTST,hpo,tfb-chalmers_merged_processed_data_fixed_combined__1T1V_reduced_1min_1T_1V_power,horizon_24,patchtst__server_a_day01_20260520_132941.sh
PatchTST/hpo/tfb-chalmers_merged_processed_data_fixed_combined__1T1V_reduced_1min_1T_1V_power/horizon_72/patchtst__server_a_day01_20260519_111959.sh,PatchTST,hpo,tfb-chalmers_merged_processed_data_fixed_combined__1T1V_reduced_1min_1T_1V_power,horizon_72,patchtst__server_a_day01_20260519_111959.sh
PatchTST/hpo/tfb-chalmers_merged_processed_data_fixed_combined__1T1V_reduced_1min_1T_1V_power/horizon_72/patchtst__server_a_day01_20260519_122851.sh,PatchTST,hpo,tfb-chalmers_merged_processed_data_fixed_combined__1T1V_reduced_1min_1T_1V_power,horizon_72,patchtst__server_a_day01_20260519_122851.sh
PatchTST/hpo/tfb-chalmers_merged_processed_data_fixed_combined__1T1V_reduced_1min_1T_1V_power/horizon_72/patchtst__server_a_day01_20260519_171557.sh,PatchTST,hpo,tfb-chalmers_merged_processed_data_fixed_combined__1T1V_reduced_1min_1T_1V_power,horizon_72,patchtst__server_a_day01_20260519_171557.sh
PatchTST/hpo/tfb-chalmers_merged_processed_data_fixed_combined__1T1V_reduced_1min_1T_1V_power/horizon_72/patchtst__server_a_day01_20260520_132941.sh,PatchTST,hpo,tfb-chalmers_merged_processed_data_fixed_combined__1T1V_reduced_1min_1T_1V_power,horizon_72,patchtst__server_a_day01_20260520_132941.sh
PatchTST/hpo/tfb-gefcom2012/horizon_12/patchtst__server_a_day01_20260519_111959.sh,PatchTST,hpo,tfb-gefcom2012,horizon_12,patchtst__server_a_day01_20260519_111959.sh
PatchTST/hpo/tfb-gefcom2012/horizon_12/patchtst__server_a_day01_20260519_122851.sh,PatchTST,hpo,tfb-gefcom2012,horizon_12,patchtst__server_a_day01_20260519_122851.sh
PatchTST/hpo/tfb-gefcom2012/horizon_12/patchtst__server_a_day01_20260519_171557.sh,PatchTST,hpo,tfb-gefcom2012,horizon_12,patchtst__server_a_day01_20260519_171557.sh
PatchTST/hpo/tfb-gefcom2012/horizon_12/patchtst__server_a_day01_20260520_132941.sh,PatchTST,hpo,tfb-gefcom2012,horizon_12,patchtst__server_a_day01_20260520_132941.sh
PatchTST/hpo/tfb-gefcom2012/horizon_144/patchtst__server_a_day01_20260519_111959.sh,PatchTST,hpo,tfb-gefcom2012,horizon_144,patchtst__server_a_day01_20260519_111959.sh
PatchTST/hpo/tfb-gefcom2012/horizon_144/patchtst__server_a_day01_20260519_122851.sh,PatchTST,hpo,tfb-gefcom2012,horizon_144,patchtst__server_a_day01_20260519_122851.sh
PatchTST/hpo/tfb-gefcom2012/horizon_144/patchtst__server_a_day01_20260519_171557.sh,PatchTST,hpo,tfb-gefcom2012,horizon_144,patchtst__server_a_day01_20260519_171557.sh
PatchTST/hpo/tfb-gefcom2012/horizon_144/patchtst__server_a_day01_20260520_132941.sh,PatchTST,hpo,tfb-gefcom2012,horizon_144,patchtst__server_a_day01_20260520_132941.sh
PatchTST/hpo/tfb-gefcom2012/horizon_24/patchtst__server_a_day01_20260519_111959.sh,PatchTST,hpo,tfb-gefcom2012,horizon_24,patchtst__server_a_day01_20260519_111959.sh
PatchTST/hpo/tfb-gefcom2012/horizon_24/patchtst__server_a_day01_20260519_122851.sh,PatchTST,hpo,tfb-gefcom2012,horizon_24,patchtst__server_a_day01_20260519_122851.sh
PatchTST/hpo/tfb-gefcom2012/horizon_24/patchtst__server_a_day01_20260519_171557.sh,PatchTST,hpo,tfb-gefcom2012,horizon_24,patchtst__server_a_day01_20260519_171557.sh
PatchTST/hpo/tfb-gefcom2012/horizon_24/patchtst__server_a_day01_20260520_132941.sh,PatchTST,hpo,tfb-gefcom2012,horizon_24,patchtst__server_a_day01_20260520_132941.sh
PatchTST/hpo/tfb-gefcom2012/horizon_72/patchtst__server_a_day01_20260519_111959.sh,PatchTST,hpo,tfb-gefcom2012,horizon_72,patchtst__server_a_day01_20260519_111959.sh
PatchTST/hpo/tfb-gefcom2012/horizon_72/patchtst__server_a_day01_20260519_122851.sh,PatchTST,hpo,tfb-gefcom2012,horizon_72,patchtst__server_a_day01_20260519_122851.sh
PatchTST/hpo/tfb-gefcom2012/horizon_72/patchtst__server_a_day01_20260519_171557.sh,PatchTST,hpo,tfb-gefcom2012,horizon_72,patchtst__server_a_day01_20260519_171557.sh
PatchTST/hpo/tfb-gefcom2012/horizon_72/patchtst__server_a_day01_20260520_132941.sh,PatchTST,hpo,tfb-gefcom2012,horizon_72,patchtst__server_a_day01_20260520_132941.sh
PatchTST/hpo/tfb-gefcom2014/horizon_12/patchtst.sh,PatchTST,hpo,tfb-gefcom2014,horizon_12,patchtst.sh
PatchTST/hpo/tfb-gefcom2014/horizon_144/patchtst.sh,PatchTST,hpo,tfb-gefcom2014,horizon_144,patchtst.sh
PatchTST/hpo/tfb-gefcom2014/horizon_24/patchtst.sh,PatchTST,hpo,tfb-gefcom2014,horizon_24,patchtst.sh
PatchTST/hpo/tfb-gefcom2014/horizon_72/patchtst.sh,PatchTST,hpo,tfb-gefcom2014,horizon_72,patchtst.sh
PatchTST/hpo/tfb-kaggle1_final_benchmark_v3_ready_no_turbinestatus/horizon_12/patchtst__server_a_day02_20260519_112819.sh,PatchTST,hpo,tfb-kaggle1_final_benchmark_v3_ready_no_turbinestatus,horizon_12,patchtst__server_a_day02_20260519_112819.sh
PatchTST/hpo/tfb-kaggle1_final_benchmark_v3_ready_no_turbinestatus/horizon_12/patchtst__server_a_day02_20260519_123043.sh,PatchTST,hpo,tfb-kaggle1_final_benchmark_v3_ready_no_turbinestatus,horizon_12,patchtst__server_a_day02_20260519_123043.sh
PatchTST/hpo/tfb-kaggle1_final_benchmark_v3_ready_no_turbinestatus/horizon_12/patchtst__server_a_day02_20260519_171704.sh,PatchTST,hpo,tfb-kaggle1_final_benchmark_v3_ready_no_turbinestatus,horizon_12,patchtst__server_a_day02_20260519_171704.sh
PatchTST/hpo/tfb-kaggle1_final_benchmark_v3_ready_no_turbinestatus/horizon_12/patchtst__server_a_day02_20260520_133059.sh,PatchTST,hpo,tfb-kaggle1_final_benchmark_v3_ready_no_turbinestatus,horizon_12,patchtst__server_a_day02_20260520_133059.sh
PatchTST/hpo/tfb-kaggle1_final_benchmark_v3_ready_no_turbinestatus/horizon_144/patchtst__server_a_day02_20260519_112819.sh,PatchTST,hpo,tfb-kaggle1_final_benchmark_v3_ready_no_turbinestatus,horizon_144,patchtst__server_a_day02_20260519_112819.sh
PatchTST/hpo/tfb-kaggle1_final_benchmark_v3_ready_no_turbinestatus/horizon_144/patchtst__server_a_day02_20260519_123043.sh,PatchTST,hpo,tfb-kaggle1_final_benchmark_v3_ready_no_turbinestatus,horizon_144,patchtst__server_a_day02_20260519_123043.sh
PatchTST/hpo/tfb-kaggle1_final_benchmark_v3_ready_no_turbinestatus/horizon_144/patchtst__server_a_day02_20260519_171704.sh,PatchTST,hpo,tfb-kaggle1_final_benchmark_v3_ready_no_turbinestatus,horizon_144,patchtst__server_a_day02_20260519_171704.sh
PatchTST/hpo/tfb-kaggle1_final_benchmark_v3_ready_no_turbinestatus/horizon_144/patchtst__server_a_day02_20260520_133059.sh,PatchTST,hpo,tfb-kaggle1_final_benchmark_v3_ready_no_turbinestatus,horizon_144,patchtst__server_a_day02_20260520_133059.sh
PatchTST/hpo/tfb-kaggle1_final_benchmark_v3_ready_no_turbinestatus/horizon_24/patchtst__server_a_day02_20260519_112819.sh,PatchTST,hpo,tfb-kaggle1_final_benchmark_v3_ready_no_turbinestatus,horizon_24,patchtst__server_a_day02_20260519_112819.sh
PatchTST/hpo/tfb-kaggle1_final_benchmark_v3_ready_no_turbinestatus/horizon_24/patchtst__server_a_day02_20260519_123043.sh,PatchTST,hpo,tfb-kaggle1_final_benchmark_v3_ready_no_turbinestatus,horizon_24,patchtst__server_a_day02_20260519_123043.sh
PatchTST/hpo/tfb-kaggle1_final_benchmark_v3_ready_no_turbinestatus/horizon_24/patchtst__server_a_day02_20260519_171704.sh,PatchTST,hpo,tfb-kaggle1_final_benchmark_v3_ready_no_turbinestatus,horizon_24,patchtst__server_a_day02_20260519_171704.sh
PatchTST/hpo/tfb-kaggle1_final_benchmark_v3_ready_no_turbinestatus/horizon_24/patchtst__server_a_day02_20260520_133059.sh,PatchTST,hpo,tfb-kaggle1_final_benchmark_v3_ready_no_turbinestatus,horizon_24,patchtst__server_a_day02_20260520_133059.sh
PatchTST/hpo/tfb-kaggle1_final_benchmark_v3_ready_no_turbinestatus/horizon_72/patchtst__server_a_day02_20260519_112819.sh,PatchTST,hpo,tfb-kaggle1_final_benchmark_v3_ready_no_turbinestatus,horizon_72,patchtst__server_a_day02_20260519_112819.sh
PatchTST/hpo/tfb-kaggle1_final_benchmark_v3_ready_no_turbinestatus/horizon_72/patchtst__server_a_day02_20260519_123043.sh,PatchTST,hpo,tfb-kaggle1_final_benchmark_v3_ready_no_turbinestatus,horizon_72,patchtst__server_a_day02_20260519_123043.sh
PatchTST/hpo/tfb-kaggle1_final_benchmark_v3_ready_no_turbinestatus/horizon_72/patchtst__server_a_day02_20260519_171704.sh,PatchTST,hpo,tfb-kaggle1_final_benchmark_v3_ready_no_turbinestatus,horizon_72,patchtst__server_a_day02_20260519_171704.sh
PatchTST/hpo/tfb-kaggle1_final_benchmark_v3_ready_no_turbinestatus/horizon_72/patchtst__server_a_day02_20260520_133059.sh,PatchTST,hpo,tfb-kaggle1_final_benchmark_v3_ready_no_turbinestatus,horizon_72,patchtst__server_a_day02_20260520_133059.sh
PatchTST/hpo/tfb-maelstrom_turbine_1_univariate/horizon_12/patchtst.sh,PatchTST,hpo,tfb-maelstrom_turbine_1_univariate,horizon_12,patchtst.sh
PatchTST/hpo/tfb-maelstrom_turbine_1_univariate/horizon_144/patchtst.sh,PatchTST,hpo,tfb-maelstrom_turbine_1_univariate,horizon_144,patchtst.sh
PatchTST/hpo/tfb-maelstrom_turbine_1_univariate/horizon_24/patchtst.sh,PatchTST,hpo,tfb-maelstrom_turbine_1_univariate,horizon_24,patchtst.sh
PatchTST/hpo/tfb-maelstrom_turbine_1_univariate/horizon_72/patchtst.sh,PatchTST,hpo,tfb-maelstrom_turbine_1_univariate,horizon_72,patchtst.sh
PatchTST/hpo/tfb-maelstrom_turbine_2_univariate/horizon_12/patchtst__server_a_day01_20260519_111959.sh,PatchTST,hpo,tfb-maelstrom_turbine_2_univariate,horizon_12,patchtst__server_a_day01_20260519_111959.sh
PatchTST/hpo/tfb-maelstrom_turbine_2_univariate/horizon_12/patchtst__server_a_day01_20260519_122851.sh,PatchTST,hpo,tfb-maelstrom_turbine_2_univariate,horizon_12,patchtst__server_a_day01_20260519_122851.sh
PatchTST/hpo/tfb-maelstrom_turbine_2_univariate/horizon_12/patchtst__server_a_day01_20260519_171557.sh,PatchTST,hpo,tfb-maelstrom_turbine_2_univariate,horizon_12,patchtst__server_a_day01_20260519_171557.sh
PatchTST/hpo/tfb-maelstrom_turbine_2_univariate/horizon_12/patchtst__server_a_day01_20260520_132941.sh,PatchTST,hpo,tfb-maelstrom_turbine_2_univariate,horizon_12,patchtst__server_a_day01_20260520_132941.sh
PatchTST/hpo/tfb-maelstrom_turbine_2_univariate/horizon_144/patchtst__server_a_day01_20260519_111959.sh,PatchTST,hpo,tfb-maelstrom_turbine_2_univariate,horizon_144,patchtst__server_a_day01_20260519_111959.sh
PatchTST/hpo/tfb-maelstrom_turbine_2_univariate/horizon_144/patchtst__server_a_day01_20260519_122851.sh,PatchTST,hpo,tfb-maelstrom_turbine_2_univariate,horizon_144,patchtst__server_a_day01_20260519_122851.sh
PatchTST/hpo/tfb-maelstrom_turbine_2_univariate/horizon_144/patchtst__server_a_day01_20260519_171557.sh,PatchTST,hpo,tfb-maelstrom_turbine_2_univariate,horizon_144,patchtst__server_a_day01_20260519_171557.sh
PatchTST/hpo/tfb-maelstrom_turbine_2_univariate/horizon_144/patchtst__server_a_day01_20260520_132941.sh,PatchTST,hpo,tfb-maelstrom_turbine_2_univariate,horizon_144,patchtst__server_a_day01_20260520_132941.sh
PatchTST/hpo/tfb-maelstrom_turbine_2_univariate/horizon_24/patchtst__server_a_day01_20260519_111959.sh,PatchTST,hpo,tfb-maelstrom_turbine_2_univariate,horizon_24,patchtst__server_a_day01_20260519_111959.sh
PatchTST/hpo/tfb-maelstrom_turbine_2_univariate/horizon_24/patchtst__server_a_day01_20260519_122851.sh,PatchTST,hpo,tfb-maelstrom_turbine_2_univariate,horizon_24,patchtst__server_a_day01_20260519_122851.sh
PatchTST/hpo/tfb-maelstrom_turbine_2_univariate/horizon_24/patchtst__server_a_day01_20260519_171557.sh,PatchTST,hpo,tfb-maelstrom_turbine_2_univariate,horizon_24,patchtst__server_a_day01_20260519_171557.sh
PatchTST/hpo/tfb-maelstrom_turbine_2_univariate/horizon_24/patchtst__server_a_day01_20260520_132941.sh,PatchTST,hpo,tfb-maelstrom_turbine_2_univariate,horizon_24,patchtst__server_a_day01_20260520_132941.sh
PatchTST/hpo/tfb-maelstrom_turbine_2_univariate/horizon_72/patchtst__server_a_day01_20260519_111959.sh,PatchTST,hpo,tfb-maelstrom_turbine_2_univariate,horizon_72,patchtst__server_a_day01_20260519_111959.sh
PatchTST/hpo/tfb-maelstrom_turbine_2_univariate/horizon_72/patchtst__server_a_day01_20260519_122851.sh,PatchTST,hpo,tfb-maelstrom_turbine_2_univariate,horizon_72,patchtst__server_a_day01_20260519_122851.sh
PatchTST/hpo/tfb-maelstrom_turbine_2_univariate/horizon_72/patchtst__server_a_day01_20260519_171557.sh,PatchTST,hpo,tfb-maelstrom_turbine_2_univariate,horizon_72,patchtst__server_a_day01_20260519_171557.sh
PatchTST/hpo/tfb-maelstrom_turbine_2_univariate/horizon_72/patchtst__server_a_day01_20260520_132941.sh,PatchTST,hpo,tfb-maelstrom_turbine_2_univariate,horizon_72,patchtst__server_a_day01_20260520_132941.sh
PatchTST/hpo/tfb-maelstrom_turbine_3_univariate/horizon_12/patchtst__server_a_day01_20260519_111959.sh,PatchTST,hpo,tfb-maelstrom_turbine_3_univariate,horizon_12,patchtst__server_a_day01_20260519_111959.sh
PatchTST/hpo/tfb-maelstrom_turbine_3_univariate/horizon_12/patchtst__server_a_day01_20260519_122851.sh,PatchTST,hpo,tfb-maelstrom_turbine_3_univariate,horizon_12,patchtst__server_a_day01_20260519_122851.sh
PatchTST/hpo/tfb-maelstrom_turbine_3_univariate/horizon_12/patchtst__server_a_day01_20260519_171557.sh,PatchTST,hpo,tfb-maelstrom_turbine_3_univariate,horizon_12,patchtst__server_a_day01_20260519_171557.sh
PatchTST/hpo/tfb-maelstrom_turbine_3_univariate/horizon_12/patchtst__server_a_day01_20260520_132941.sh,PatchTST,hpo,tfb-maelstrom_turbine_3_univariate,horizon_12,patchtst__server_a_day01_20260520_132941.sh
PatchTST/hpo/tfb-maelstrom_turbine_3_univariate/horizon_144/patchtst__server_a_day01_20260519_111959.sh,PatchTST,hpo,tfb-maelstrom_turbine_3_univariate,horizon_144,patchtst__server_a_day01_20260519_111959.sh
PatchTST/hpo/tfb-maelstrom_turbine_3_univariate/horizon_144/patchtst__server_a_day01_20260519_122851.sh,PatchTST,hpo,tfb-maelstrom_turbine_3_univariate,horizon_144,patchtst__server_a_day01_20260519_122851.sh
PatchTST/hpo/tfb-maelstrom_turbine_3_univariate/horizon_144/patchtst__server_a_day01_20260519_171557.sh,PatchTST,hpo,tfb-maelstrom_turbine_3_univariate,horizon_144,patchtst__server_a_day01_20260519_171557.sh
PatchTST/hpo/tfb-maelstrom_turbine_3_univariate/horizon_144/patchtst__server_a_day01_20260520_132941.sh,PatchTST,hpo,tfb-maelstrom_turbine_3_univariate,horizon_144,patchtst__server_a_day01_20260520_132941.sh
PatchTST/hpo/tfb-maelstrom_turbine_3_univariate/horizon_24/patchtst__server_a_day01_20260519_111959.sh,PatchTST,hpo,tfb-maelstrom_turbine_3_univariate,horizon_24,patchtst__server_a_day01_20260519_111959.sh
PatchTST/hpo/tfb-maelstrom_turbine_3_univariate/horizon_24/patchtst__server_a_day01_20260519_122851.sh,PatchTST,hpo,tfb-maelstrom_turbine_3_univariate,horizon_24,patchtst__server_a_day01_20260519_122851.sh
PatchTST/hpo/tfb-maelstrom_turbine_3_univariate/horizon_24/patchtst__server_a_day01_20260519_171557.sh,PatchTST,hpo,tfb-maelstrom_turbine_3_univariate,horizon_24,patchtst__server_a_day01_20260519_171557.sh
PatchTST/hpo/tfb-maelstrom_turbine_3_univariate/horizon_24/patchtst__server_a_day01_20260520_132941.sh,PatchTST,hpo,tfb-maelstrom_turbine_3_univariate,horizon_24,patchtst__server_a_day01_20260520_132941.sh
PatchTST/hpo/tfb-maelstrom_turbine_3_univariate/horizon_72/patchtst__server_a_day01_20260519_111959.sh,PatchTST,hpo,tfb-maelstrom_turbine_3_univariate,horizon_72,patchtst__server_a_day01_20260519_111959.sh
PatchTST/hpo/tfb-maelstrom_turbine_3_univariate/horizon_72/patchtst__server_a_day01_20260519_122851.sh,PatchTST,hpo,tfb-maelstrom_turbine_3_univariate,horizon_72,patchtst__server_a_day01_20260519_122851.sh
PatchTST/hpo/tfb-maelstrom_turbine_3_univariate/horizon_72/patchtst__server_a_day01_20260519_171557.sh,PatchTST,hpo,tfb-maelstrom_turbine_3_univariate,horizon_72,patchtst__server_a_day01_20260519_171557.sh
PatchTST/hpo/tfb-maelstrom_turbine_3_univariate/horizon_72/patchtst__server_a_day01_20260520_132941.sh,PatchTST,hpo,tfb-maelstrom_turbine_3_univariate,horizon_72,patchtst__server_a_day01_20260520_132941.sh
PatchTST/hpo/tfb-maelstrom_turbine_4_univariate/horizon_12/patchtst__server_a_day02_20260519_112819.sh,PatchTST,hpo,tfb-maelstrom_turbine_4_univariate,horizon_12,patchtst__server_a_day02_20260519_112819.sh
PatchTST/hpo/tfb-maelstrom_turbine_4_univariate/horizon_12/patchtst__server_a_day02_20260519_123043.sh,PatchTST,hpo,tfb-maelstrom_turbine_4_univariate,horizon_12,patchtst__server_a_day02_20260519_123043.sh
PatchTST/hpo/tfb-maelstrom_turbine_4_univariate/horizon_12/patchtst__server_a_day02_20260519_171704.sh,PatchTST,hpo,tfb-maelstrom_turbine_4_univariate,horizon_12,patchtst__server_a_day02_20260519_171704.sh
PatchTST/hpo/tfb-maelstrom_turbine_4_univariate/horizon_12/patchtst__server_a_day02_20260520_133059.sh,PatchTST,hpo,tfb-maelstrom_turbine_4_univariate,horizon_12,patchtst__server_a_day02_20260520_133059.sh
PatchTST/hpo/tfb-maelstrom_turbine_4_univariate/horizon_144/patchtst__server_a_day02_20260519_112819.sh,PatchTST,hpo,tfb-maelstrom_turbine_4_univariate,horizon_144,patchtst__server_a_day02_20260519_112819.sh
PatchTST/hpo/tfb-maelstrom_turbine_4_univariate/horizon_144/patchtst__server_a_day02_20260519_123043.sh,PatchTST,hpo,tfb-maelstrom_turbine_4_univariate,horizon_144,patchtst__server_a_day02_20260519_123043.sh
PatchTST/hpo/tfb-maelstrom_turbine_4_univariate/horizon_144/patchtst__server_a_day02_20260519_171704.sh,PatchTST,hpo,tfb-maelstrom_turbine_4_univariate,horizon_144,patchtst__server_a_day02_20260519_171704.sh
PatchTST/hpo/tfb-maelstrom_turbine_4_univariate/horizon_144/patchtst__server_a_day02_20260520_133059.sh,PatchTST,hpo,tfb-maelstrom_turbine_4_univariate,horizon_144,patchtst__server_a_day02_20260520_133059.sh
PatchTST/hpo/tfb-maelstrom_turbine_4_univariate/horizon_24/patchtst__server_a_day02_20260519_112819.sh,PatchTST,hpo,tfb-maelstrom_turbine_4_univariate,horizon_24,patchtst__server_a_day02_20260519_112819.sh
PatchTST/hpo/tfb-maelstrom_turbine_4_univariate/horizon_24/patchtst__server_a_day02_20260519_123043.sh,PatchTST,hpo,tfb-maelstrom_turbine_4_univariate,horizon_24,patchtst__server_a_day02_20260519_123043.sh
PatchTST/hpo/tfb-maelstrom_turbine_4_univariate/horizon_24/patchtst__server_a_day02_20260519_171704.sh,PatchTST,hpo,tfb-maelstrom_turbine_4_univariate,horizon_24,patchtst__server_a_day02_20260519_171704.sh
PatchTST/hpo/tfb-maelstrom_turbine_4_univariate/horizon_24/patchtst__server_a_day02_20260520_133059.sh,PatchTST,hpo,tfb-maelstrom_turbine_4_univariate,horizon_24,patchtst__server_a_day02_20260520_133059.sh
PatchTST/hpo/tfb-maelstrom_turbine_4_univariate/horizon_72/patchtst__server_a_day02_20260519_112819.sh,PatchTST,hpo,tfb-maelstrom_turbine_4_univariate,horizon_72,patchtst__server_a_day02_20260519_112819.sh
PatchTST/hpo/tfb-maelstrom_turbine_4_univariate/horizon_72/patchtst__server_a_day02_20260519_123043.sh,PatchTST,hpo,tfb-maelstrom_turbine_4_univariate,horizon_72,patchtst__server_a_day02_20260519_123043.sh
PatchTST/hpo/tfb-maelstrom_turbine_4_univariate/horizon_72/patchtst__server_a_day02_20260519_171704.sh,PatchTST,hpo,tfb-maelstrom_turbine_4_univariate,horizon_72,patchtst__server_a_day02_20260519_171704.sh
PatchTST/hpo/tfb-maelstrom_turbine_4_univariate/horizon_72/patchtst__server_a_day02_20260520_133059.sh,PatchTST,hpo,tfb-maelstrom_turbine_4_univariate,horizon_72,patchtst__server_a_day02_20260520_133059.sh
PatchTST/hpo/tfb-re_europe_wind_signal_COSMO_long_no_null__MT1V_reduced_38T_1V_power/horizon_12/patchtst.sh,PatchTST,hpo,tfb-re_europe_wind_signal_COSMO_long_no_null__MT1V_reduced_38T_1V_power,horizon_12,patchtst.sh
PatchTST/hpo/tfb-re_europe_wind_signal_COSMO_long_no_null__MT1V_reduced_38T_1V_power/horizon_144/patchtst.sh,PatchTST,hpo,tfb-re_europe_wind_signal_COSMO_long_no_null__MT1V_reduced_38T_1V_power,horizon_144,patchtst.sh
PatchTST/hpo/tfb-re_europe_wind_signal_COSMO_long_no_null__MT1V_reduced_38T_1V_power/horizon_24/patchtst.sh,PatchTST,hpo,tfb-re_europe_wind_signal_COSMO_long_no_null__MT1V_reduced_38T_1V_power,horizon_24,patchtst.sh
PatchTST/hpo/tfb-re_europe_wind_signal_COSMO_long_no_null__MT1V_reduced_38T_1V_power/horizon_72/patchtst.sh,PatchTST,hpo,tfb-re_europe_wind_signal_COSMO_long_no_null__MT1V_reduced_38T_1V_power,horizon_72,patchtst.sh
PatchTST/hpo/tfb-re_europe_wind_signal_ECMWF_long_no_null__MT1V_reduced_38T_1V_power/horizon_12/patchtst.sh,PatchTST,hpo,tfb-re_europe_wind_signal_ECMWF_long_no_null__MT1V_reduced_38T_1V_power,horizon_12,patchtst.sh
PatchTST/hpo/tfb-re_europe_wind_signal_ECMWF_long_no_null__MT1V_reduced_38T_1V_power/horizon_144/patchtst.sh,PatchTST,hpo,tfb-re_europe_wind_signal_ECMWF_long_no_null__MT1V_reduced_38T_1V_power,horizon_144,patchtst.sh
PatchTST/hpo/tfb-re_europe_wind_signal_ECMWF_long_no_null__MT1V_reduced_38T_1V_power/horizon_24/patchtst.sh,PatchTST,hpo,tfb-re_europe_wind_signal_ECMWF_long_no_null__MT1V_reduced_38T_1V_power,horizon_24,patchtst.sh
PatchTST/hpo/tfb-re_europe_wind_signal_ECMWF_long_no_null__MT1V_reduced_38T_1V_power/horizon_72/patchtst.sh,PatchTST,hpo,tfb-re_europe_wind_signal_ECMWF_long_no_null__MT1V_reduced_38T_1V_power,horizon_72,patchtst.sh
PatchTST/hpo/tfb-scada_fault_10min_cleaned_numeric_only/horizon_12/patchtst.sh,PatchTST,hpo,tfb-scada_fault_10min_cleaned_numeric_only,horizon_12,patchtst.sh
PatchTST/hpo/tfb-scada_fault_10min_cleaned_numeric_only/horizon_144/patchtst.sh,PatchTST,hpo,tfb-scada_fault_10min_cleaned_numeric_only,horizon_144,patchtst.sh
PatchTST/hpo/tfb-scada_fault_10min_cleaned_numeric_only/horizon_24/patchtst.sh,PatchTST,hpo,tfb-scada_fault_10min_cleaned_numeric_only,horizon_24,patchtst.sh
PatchTST/hpo/tfb-scada_fault_10min_cleaned_numeric_only/horizon_72/patchtst.sh,PatchTST,hpo,tfb-scada_fault_10min_cleaned_numeric_only,horizon_72,patchtst.sh
PatchTST/hpo/tfb-sdwpf_245days_v1_final_final_cleaned/horizon_12/patchtst.sh,PatchTST,hpo,tfb-sdwpf_245days_v1_final_final_cleaned,horizon_12,patchtst.sh
PatchTST/hpo/tfb-sdwpf_245days_v1_final_final_cleaned/horizon_144/patchtst.sh,PatchTST,hpo,tfb-sdwpf_245days_v1_final_final_cleaned,horizon_144,patchtst.sh
PatchTST/hpo/tfb-sdwpf_245days_v1_final_final_cleaned/horizon_24/patchtst.sh,PatchTST,hpo,tfb-sdwpf_245days_v1_final_final_cleaned,horizon_24,patchtst.sh
PatchTST/hpo/tfb-sdwpf_245days_v1_final_final_cleaned/horizon_72/patchtst.sh,PatchTST,hpo,tfb-sdwpf_245days_v1_final_final_cleaned,horizon_72,patchtst.sh
SEMPO/few_shot_10pct/tfb-Kelmarsh_filtered_wide__MTMV_reduced_3V_Power_(kW)/horizon_12/sempo.sh,SEMPO,few_shot_10pct,tfb-Kelmarsh_filtered_wide__MTMV_reduced_3V_Power_(kW),horizon_12,sempo.sh
SEMPO/few_shot_10pct/tfb-Kelmarsh_filtered_wide__MTMV_reduced_3V_Power_(kW)/horizon_144/sempo.sh,SEMPO,few_shot_10pct,tfb-Kelmarsh_filtered_wide__MTMV_reduced_3V_Power_(kW),horizon_144,sempo.sh
SEMPO/few_shot_10pct/tfb-Kelmarsh_filtered_wide__MTMV_reduced_3V_Power_(kW)/horizon_24/sempo.sh,SEMPO,few_shot_10pct,tfb-Kelmarsh_filtered_wide__MTMV_reduced_3V_Power_(kW),horizon_24,sempo.sh
SEMPO/few_shot_10pct/tfb-Kelmarsh_filtered_wide__MTMV_reduced_3V_Power_(kW)/horizon_72/sempo.sh,SEMPO,few_shot_10pct,tfb-Kelmarsh_filtered_wide__MTMV_reduced_3V_Power_(kW),horizon_72,sempo.sh
SEMPO/few_shot_10pct/tfb-Penmanshiel_filtered_wide__MTMV_reduced_3V_Power_(kW)__quality_trim_201607_201608_202009_202010/horizon_12/sempo.sh,SEMPO,few_shot_10pct,tfb-Penmanshiel_filtered_wide__MTMV_reduced_3V_Power_(kW)__quality_trim_201607_201608_202009_202010,horizon_12,sempo.sh
SEMPO/few_shot_10pct/tfb-Penmanshiel_filtered_wide__MTMV_reduced_3V_Power_(kW)__quality_trim_201607_201608_202009_202010/horizon_144/sempo.sh,SEMPO,few_shot_10pct,tfb-Penmanshiel_filtered_wide__MTMV_reduced_3V_Power_(kW)__quality_trim_201607_201608_202009_202010,horizon_144,sempo.sh
SEMPO/few_shot_10pct/tfb-Penmanshiel_filtered_wide__MTMV_reduced_3V_Power_(kW)__quality_trim_201607_201608_202009_202010/horizon_24/sempo.sh,SEMPO,few_shot_10pct,tfb-Penmanshiel_filtered_wide__MTMV_reduced_3V_Power_(kW)__quality_trim_201607_201608_202009_202010,horizon_24,sempo.sh
SEMPO/few_shot_10pct/tfb-Penmanshiel_filtered_wide__MTMV_reduced_3V_Power_(kW)__quality_trim_201607_201608_202009_202010/horizon_72/sempo.sh,SEMPO,few_shot_10pct,tfb-Penmanshiel_filtered_wide__MTMV_reduced_3V_Power_(kW)__quality_trim_201607_201608_202009_202010,horizon_72,sempo.sh
SEMPO/few_shot_10pct/tfb-UEBB_panel_wide_filled__MTMV_reduced_3V_active_power_total/horizon_12/sempo.sh,SEMPO,few_shot_10pct,tfb-UEBB_panel_wide_filled__MTMV_reduced_3V_active_power_total,horizon_12,sempo.sh
SEMPO/few_shot_10pct/tfb-UEBB_panel_wide_filled__MTMV_reduced_3V_active_power_total/horizon_144/sempo.sh,SEMPO,few_shot_10pct,tfb-UEBB_panel_wide_filled__MTMV_reduced_3V_active_power_total,horizon_144,sempo.sh
SEMPO/few_shot_10pct/tfb-UEBB_panel_wide_filled__MTMV_reduced_3V_active_power_total/horizon_24/sempo.sh,SEMPO,few_shot_10pct,tfb-UEBB_panel_wide_filled__MTMV_reduced_3V_active_power_total,horizon_24,sempo.sh
SEMPO/few_shot_10pct/tfb-UEBB_panel_wide_filled__MTMV_reduced_3V_active_power_total/horizon_72/sempo.sh,SEMPO,few_shot_10pct,tfb-UEBB_panel_wide_filled__MTMV_reduced_3V_active_power_total,horizon_72,sempo.sh
SEMPO/few_shot_10pct/tfb-UEPS_panel_wide_filled__MTMV_reduced_3V_active_power_total/horizon_12/sempo.sh,SEMPO,few_shot_10pct,tfb-UEPS_panel_wide_filled__MTMV_reduced_3V_active_power_total,horizon_12,sempo.sh
SEMPO/few_shot_10pct/tfb-UEPS_panel_wide_filled__MTMV_reduced_3V_active_power_total/horizon_144/few_shot_10pct_all_horizons.sh,SEMPO,few_shot_10pct,tfb-UEPS_panel_wide_filled__MTMV_reduced_3V_active_power_total,horizon_144,few_shot_10pct_all_horizons.sh
SEMPO/few_shot_10pct/tfb-UEPS_panel_wide_filled__MTMV_reduced_3V_active_power_total/horizon_144/sempo.sh,SEMPO,few_shot_10pct,tfb-UEPS_panel_wide_filled__MTMV_reduced_3V_active_power_total,horizon_144,sempo.sh
SEMPO/few_shot_10pct/tfb-UEPS_panel_wide_filled__MTMV_reduced_3V_active_power_total/horizon_24/few_shot_10pct_all_horizons.sh,SEMPO,few_shot_10pct,tfb-UEPS_panel_wide_filled__MTMV_reduced_3V_active_power_total,horizon_24,few_shot_10pct_all_horizons.sh
SEMPO/few_shot_10pct/tfb-UEPS_panel_wide_filled__MTMV_reduced_3V_active_power_total/horizon_24/sempo.sh,SEMPO,few_shot_10pct,tfb-UEPS_panel_wide_filled__MTMV_reduced_3V_active_power_total,horizon_24,sempo.sh
SEMPO/few_shot_10pct/tfb-UEPS_panel_wide_filled__MTMV_reduced_3V_active_power_total/horizon_72/few_shot_10pct_all_horizons.sh,SEMPO,few_shot_10pct,tfb-UEPS_panel_wide_filled__MTMV_reduced_3V_active_power_total,horizon_72,few_shot_10pct_all_horizons.sh
SEMPO/few_shot_10pct/tfb-UEPS_panel_wide_filled__MTMV_reduced_3V_active_power_total/horizon_72/sempo.sh,SEMPO,few_shot_10pct,tfb-UEPS_panel_wide_filled__MTMV_reduced_3V_active_power_total,horizon_72,sempo.sh
SEMPO/few_shot_10pct/tfb-Wind farm site 1 (Nominal capacity-99MW)_final/horizon_12/sempo.sh,SEMPO,few_shot_10pct,tfb-Wind farm site 1 (Nominal capacity-99MW)_final,horizon_12,sempo.sh
SEMPO/few_shot_10pct/tfb-Wind farm site 1 (Nominal capacity-99MW)_final/horizon_144/sempo.sh,SEMPO,few_shot_10pct,tfb-Wind farm site 1 (Nominal capacity-99MW)_final,horizon_144,sempo.sh
SEMPO/few_shot_10pct/tfb-Wind farm site 1 (Nominal capacity-99MW)_final/horizon_24/sempo.sh,SEMPO,few_shot_10pct,tfb-Wind farm site 1 (Nominal capacity-99MW)_final,horizon_24,sempo.sh
SEMPO/few_shot_10pct/tfb-Wind farm site 1 (Nominal capacity-99MW)_final/horizon_72/sempo.sh,SEMPO,few_shot_10pct,tfb-Wind farm site 1 (Nominal capacity-99MW)_final,horizon_72,sempo.sh
SEMPO/few_shot_10pct/tfb-Wind farm site 2 (Nominal capacity-200MW)_final/horizon_12/sempo.sh,SEMPO,few_shot_10pct,tfb-Wind farm site 2 (Nominal capacity-200MW)_final,horizon_12,sempo.sh
SEMPO/few_shot_10pct/tfb-Wind farm site 2 (Nominal capacity-200MW)_final/horizon_144/sempo.sh,SEMPO,few_shot_10pct,tfb-Wind farm site 2 (Nominal capacity-200MW)_final,horizon_144,sempo.sh
SEMPO/few_shot_10pct/tfb-Wind farm site 2 (Nominal capacity-200MW)_final/horizon_24/sempo.sh,SEMPO,few_shot_10pct,tfb-Wind farm site 2 (Nominal capacity-200MW)_final,horizon_24,sempo.sh
SEMPO/few_shot_10pct/tfb-Wind farm site 2 (Nominal capacity-200MW)_final/horizon_72/sempo.sh,SEMPO,few_shot_10pct,tfb-Wind farm site 2 (Nominal capacity-200MW)_final,horizon_72,sempo.sh
SEMPO/few_shot_10pct/tfb-Wind farm site 3 (Nominal capacity-99MW)_final/horizon_12/sempo.sh,SEMPO,few_shot_10pct,tfb-Wind farm site 3 (Nominal capacity-99MW)_final,horizon_12,sempo.sh
SEMPO/few_shot_10pct/tfb-Wind farm site 3 (Nominal capacity-99MW)_final/horizon_144/sempo.sh,SEMPO,few_shot_10pct,tfb-Wind farm site 3 (Nominal capacity-99MW)_final,horizon_144,sempo.sh
SEMPO/few_shot_10pct/tfb-Wind farm site 3 (Nominal capacity-99MW)_final/horizon_24/sempo.sh,SEMPO,few_shot_10pct,tfb-Wind farm site 3 (Nominal capacity-99MW)_final,horizon_24,sempo.sh
SEMPO/few_shot_10pct/tfb-Wind farm site 3 (Nominal capacity-99MW)_final/horizon_72/sempo.sh,SEMPO,few_shot_10pct,tfb-Wind farm site 3 (Nominal capacity-99MW)_final,horizon_72,sempo.sh
SEMPO/few_shot_10pct/tfb-Wind farm site 4 (Nominal capacity-66MW)_final/horizon_12/sempo.sh,SEMPO,few_shot_10pct,tfb-Wind farm site 4 (Nominal capacity-66MW)_final,horizon_12,sempo.sh
SEMPO/few_shot_10pct/tfb-Wind farm site 4 (Nominal capacity-66MW)_final/horizon_144/sempo.sh,SEMPO,few_shot_10pct,tfb-Wind farm site 4 (Nominal capacity-66MW)_final,horizon_144,sempo.sh
SEMPO/few_shot_10pct/tfb-Wind farm site 4 (Nominal capacity-66MW)_final/horizon_24/sempo.sh,SEMPO,few_shot_10pct,tfb-Wind farm site 4 (Nominal capacity-66MW)_final,horizon_24,sempo.sh
SEMPO/few_shot_10pct/tfb-Wind farm site 4 (Nominal capacity-66MW)_final/horizon_72/sempo.sh,SEMPO,few_shot_10pct,tfb-Wind farm site 4 (Nominal capacity-66MW)_final,horizon_72,sempo.sh
SEMPO/few_shot_10pct/tfb-Wind farm site 6 (Nominal capacity-96MW)_final/horizon_12/sempo.sh,SEMPO,few_shot_10pct,tfb-Wind farm site 6 (Nominal capacity-96MW)_final,horizon_12,sempo.sh
SEMPO/few_shot_10pct/tfb-Wind farm site 6 (Nominal capacity-96MW)_final/horizon_144/sempo.sh,SEMPO,few_shot_10pct,tfb-Wind farm site 6 (Nominal capacity-96MW)_final,horizon_144,sempo.sh
SEMPO/few_shot_10pct/tfb-Wind farm site 6 (Nominal capacity-96MW)_final/horizon_24/sempo.sh,SEMPO,few_shot_10pct,tfb-Wind farm site 6 (Nominal capacity-96MW)_final,horizon_24,sempo.sh
SEMPO/few_shot_10pct/tfb-Wind farm site 6 (Nominal capacity-96MW)_final/horizon_72/sempo.sh,SEMPO,few_shot_10pct,tfb-Wind farm site 6 (Nominal capacity-96MW)_final,horizon_72,sempo.sh
SEMPO/few_shot_10pct/tfb-Wind_Farm_A_filtered_wide_long_fixed__1T1V_reduced_1T_1V_windpower/horizon_12/sempo.sh,SEMPO,few_shot_10pct,tfb-Wind_Farm_A_filtered_wide_long_fixed__1T1V_reduced_1T_1V_windpower,horizon_12,sempo.sh
SEMPO/few_shot_10pct/tfb-Wind_Farm_A_filtered_wide_long_fixed__1T1V_reduced_1T_1V_windpower/horizon_144/sempo.sh,SEMPO,few_shot_10pct,tfb-Wind_Farm_A_filtered_wide_long_fixed__1T1V_reduced_1T_1V_windpower,horizon_144,sempo.sh
SEMPO/few_shot_10pct/tfb-Wind_Farm_A_filtered_wide_long_fixed__1T1V_reduced_1T_1V_windpower/horizon_24/sempo.sh,SEMPO,few_shot_10pct,tfb-Wind_Farm_A_filtered_wide_long_fixed__1T1V_reduced_1T_1V_windpower,horizon_24,sempo.sh
SEMPO/few_shot_10pct/tfb-Wind_Farm_A_filtered_wide_long_fixed__1T1V_reduced_1T_1V_windpower/horizon_72/sempo.sh,SEMPO,few_shot_10pct,tfb-Wind_Farm_A_filtered_wide_long_fixed__1T1V_reduced_1T_1V_windpower,horizon_72,sempo.sh
SEMPO/few_shot_10pct/tfb-Wind_Farm_B_filtered_wide_long_fixed__1T1V_reduced_1T_1V_windpower/horizon_12/sempo.sh,SEMPO,few_shot_10pct,tfb-Wind_Farm_B_filtered_wide_long_fixed__1T1V_reduced_1T_1V_windpower,horizon_12,sempo.sh
SEMPO/few_shot_10pct/tfb-Wind_Farm_B_filtered_wide_long_fixed__1T1V_reduced_1T_1V_windpower/horizon_144/sempo.sh,SEMPO,few_shot_10pct,tfb-Wind_Farm_B_filtered_wide_long_fixed__1T1V_reduced_1T_1V_windpower,horizon_144,sempo.sh
SEMPO/few_shot_10pct/tfb-Wind_Farm_B_filtered_wide_long_fixed__1T1V_reduced_1T_1V_windpower/horizon_24/sempo.sh,SEMPO,few_shot_10pct,tfb-Wind_Farm_B_filtered_wide_long_fixed__1T1V_reduced_1T_1V_windpower,horizon_24,sempo.sh
SEMPO/few_shot_10pct/tfb-Wind_Farm_B_filtered_wide_long_fixed__1T1V_reduced_1T_1V_windpower/horizon_72/sempo.sh,SEMPO,few_shot_10pct,tfb-Wind_Farm_B_filtered_wide_long_fixed__1T1V_reduced_1T_1V_windpower,horizon_72,sempo.sh
SEMPO/few_shot_10pct/tfb-Wind_Farm_C_filtered_wide_long_fixed__MT1V_reduced_1V_windpower/horizon_12/sempo.sh,SEMPO,few_shot_10pct,tfb-Wind_Farm_C_filtered_wide_long_fixed__MT1V_reduced_1V_windpower,horizon_12,sempo.sh
SEMPO/few_shot_10pct/tfb-Wind_Farm_C_filtered_wide_long_fixed__MT1V_reduced_1V_windpower/horizon_144/sempo.sh,SEMPO,few_shot_10pct,tfb-Wind_Farm_C_filtered_wide_long_fixed__MT1V_reduced_1V_windpower,horizon_144,sempo.sh
SEMPO/few_shot_10pct/tfb-Wind_Farm_C_filtered_wide_long_fixed__MT1V_reduced_1V_windpower/horizon_24/sempo.sh,SEMPO,few_shot_10pct,tfb-Wind_Farm_C_filtered_wide_long_fixed__MT1V_reduced_1V_windpower,horizon_24,sempo.sh
SEMPO/few_shot_10pct/tfb-Wind_Farm_C_filtered_wide_long_fixed__MT1V_reduced_1V_windpower/horizon_72/sempo.sh,SEMPO,few_shot_10pct,tfb-Wind_Farm_C_filtered_wide_long_fixed__MT1V_reduced_1V_windpower,horizon_72,sempo.sh
SEMPO/few_shot_10pct/tfb-Yalova_final_ready/horizon_12/sempo.sh,SEMPO,few_shot_10pct,tfb-Yalova_final_ready,horizon_12,sempo.sh
SEMPO/few_shot_10pct/tfb-Yalova_final_ready/horizon_144/sempo.sh,SEMPO,few_shot_10pct,tfb-Yalova_final_ready,horizon_144,sempo.sh
SEMPO/few_shot_10pct/tfb-Yalova_final_ready/horizon_24/sempo.sh,SEMPO,few_shot_10pct,tfb-Yalova_final_ready,horizon_24,sempo.sh
SEMPO/few_shot_10pct/tfb-Yalova_final_ready/horizon_72/sempo.sh,SEMPO,few_shot_10pct,tfb-Yalova_final_ready,horizon_72,sempo.sh
SEMPO/few_shot_10pct/tfb-aemo/horizon_12/sempo.sh,SEMPO,few_shot_10pct,tfb-aemo,horizon_12,sempo.sh
SEMPO/few_shot_10pct/tfb-aemo/horizon_144/sempo.sh,SEMPO,few_shot_10pct,tfb-aemo,horizon_144,sempo.sh
SEMPO/few_shot_10pct/tfb-aemo/horizon_24/sempo.sh,SEMPO,few_shot_10pct,tfb-aemo,horizon_24,sempo.sh
SEMPO/few_shot_10pct/tfb-aemo/horizon_72/sempo.sh,SEMPO,few_shot_10pct,tfb-aemo,horizon_72,sempo.sh
SEMPO/few_shot_10pct/tfb-chalmers_merged_processed_data_fixed_combined__1T1V_reduced_1min_1T_1V_power/horizon_12/sempo.sh,SEMPO,few_shot_10pct,tfb-chalmers_merged_processed_data_fixed_combined__1T1V_reduced_1min_1T_1V_power,horizon_12,sempo.sh
SEMPO/few_shot_10pct/tfb-chalmers_merged_processed_data_fixed_combined__1T1V_reduced_1min_1T_1V_power/horizon_144/sempo.sh,SEMPO,few_shot_10pct,tfb-chalmers_merged_processed_data_fixed_combined__1T1V_reduced_1min_1T_1V_power,horizon_144,sempo.sh
SEMPO/few_shot_10pct/tfb-chalmers_merged_processed_data_fixed_combined__1T1V_reduced_1min_1T_1V_power/horizon_24/sempo.sh,SEMPO,few_shot_10pct,tfb-chalmers_merged_processed_data_fixed_combined__1T1V_reduced_1min_1T_1V_power,horizon_24,sempo.sh
SEMPO/few_shot_10pct/tfb-chalmers_merged_processed_data_fixed_combined__1T1V_reduced_1min_1T_1V_power/horizon_72/sempo.sh,SEMPO,few_shot_10pct,tfb-chalmers_merged_processed_data_fixed_combined__1T1V_reduced_1min_1T_1V_power,horizon_72,sempo.sh
SEMPO/few_shot_10pct/tfb-gefcom2012/horizon_12/sempo.sh,SEMPO,few_shot_10pct,tfb-gefcom2012,horizon_12,sempo.sh
SEMPO/few_shot_10pct/tfb-gefcom2012/horizon_144/sempo.sh,SEMPO,few_shot_10pct,tfb-gefcom2012,horizon_144,sempo.sh
SEMPO/few_shot_10pct/tfb-gefcom2012/horizon_24/sempo.sh,SEMPO,few_shot_10pct,tfb-gefcom2012,horizon_24,sempo.sh
SEMPO/few_shot_10pct/tfb-gefcom2012/horizon_72/sempo.sh,SEMPO,few_shot_10pct,tfb-gefcom2012,horizon_72,sempo.sh
SEMPO/few_shot_10pct/tfb-gefcom2014/horizon_12/sempo.sh,SEMPO,few_shot_10pct,tfb-gefcom2014,horizon_12,sempo.sh
SEMPO/few_shot_10pct/tfb-gefcom2014/horizon_144/sempo.sh,SEMPO,few_shot_10pct,tfb-gefcom2014,horizon_144,sempo.sh
SEMPO/few_shot_10pct/tfb-gefcom2014/horizon_24/sempo.sh,SEMPO,few_shot_10pct,tfb-gefcom2014,horizon_24,sempo.sh
SEMPO/few_shot_10pct/tfb-gefcom2014/horizon_72/sempo.sh,SEMPO,few_shot_10pct,tfb-gefcom2014,horizon_72,sempo.sh
SEMPO/few_shot_10pct/tfb-kaggle1_final_benchmark_v3_ready_no_turbinestatus/horizon_12/sempo.sh,SEMPO,few_shot_10pct,tfb-kaggle1_final_benchmark_v3_ready_no_turbinestatus,horizon_12,sempo.sh
SEMPO/few_shot_10pct/tfb-kaggle1_final_benchmark_v3_ready_no_turbinestatus/horizon_144/sempo.sh,SEMPO,few_shot_10pct,tfb-kaggle1_final_benchmark_v3_ready_no_turbinestatus,horizon_144,sempo.sh
SEMPO/few_shot_10pct/tfb-kaggle1_final_benchmark_v3_ready_no_turbinestatus/horizon_24/sempo.sh,SEMPO,few_shot_10pct,tfb-kaggle1_final_benchmark_v3_ready_no_turbinestatus,horizon_24,sempo.sh
SEMPO/few_shot_10pct/tfb-kaggle1_final_benchmark_v3_ready_no_turbinestatus/horizon_72/sempo.sh,SEMPO,few_shot_10pct,tfb-kaggle1_final_benchmark_v3_ready_no_turbinestatus,horizon_72,sempo.sh
SEMPO/few_shot_10pct/tfb-maelstrom_turbine_1_univariate/horizon_12/sempo.sh,SEMPO,few_shot_10pct,tfb-maelstrom_turbine_1_univariate,horizon_12,sempo.sh
SEMPO/few_shot_10pct/tfb-maelstrom_turbine_1_univariate/horizon_144/sempo.sh,SEMPO,few_shot_10pct,tfb-maelstrom_turbine_1_univariate,horizon_144,sempo.sh
SEMPO/few_shot_10pct/tfb-maelstrom_turbine_1_univariate/horizon_24/sempo.sh,SEMPO,few_shot_10pct,tfb-maelstrom_turbine_1_univariate,horizon_24,sempo.sh
SEMPO/few_shot_10pct/tfb-maelstrom_turbine_1_univariate/horizon_72/sempo.sh,SEMPO,few_shot_10pct,tfb-maelstrom_turbine_1_univariate,horizon_72,sempo.sh
SEMPO/few_shot_10pct/tfb-maelstrom_turbine_2_univariate/horizon_12/sempo.sh,SEMPO,few_shot_10pct,tfb-maelstrom_turbine_2_univariate,horizon_12,sempo.sh
SEMPO/few_shot_10pct/tfb-maelstrom_turbine_2_univariate/horizon_144/sempo.sh,SEMPO,few_shot_10pct,tfb-maelstrom_turbine_2_univariate,horizon_144,sempo.sh
SEMPO/few_shot_10pct/tfb-maelstrom_turbine_2_univariate/horizon_24/sempo.sh,SEMPO,few_shot_10pct,tfb-maelstrom_turbine_2_univariate,horizon_24,sempo.sh
SEMPO/few_shot_10pct/tfb-maelstrom_turbine_2_univariate/horizon_72/sempo.sh,SEMPO,few_shot_10pct,tfb-maelstrom_turbine_2_univariate,horizon_72,sempo.sh
SEMPO/few_shot_10pct/tfb-maelstrom_turbine_3_univariate/horizon_12/sempo.sh,SEMPO,few_shot_10pct,tfb-maelstrom_turbine_3_univariate,horizon_12,sempo.sh
SEMPO/few_shot_10pct/tfb-maelstrom_turbine_3_univariate/horizon_144/sempo.sh,SEMPO,few_shot_10pct,tfb-maelstrom_turbine_3_univariate,horizon_144,sempo.sh
SEMPO/few_shot_10pct/tfb-maelstrom_turbine_3_univariate/horizon_24/sempo.sh,SEMPO,few_shot_10pct,tfb-maelstrom_turbine_3_univariate,horizon_24,sempo.sh
SEMPO/few_shot_10pct/tfb-maelstrom_turbine_3_univariate/horizon_72/sempo.sh,SEMPO,few_shot_10pct,tfb-maelstrom_turbine_3_univariate,horizon_72,sempo.sh
SEMPO/few_shot_10pct/tfb-maelstrom_turbine_4_univariate/horizon_12/sempo.sh,SEMPO,few_shot_10pct,tfb-maelstrom_turbine_4_univariate,horizon_12,sempo.sh
SEMPO/few_shot_10pct/tfb-maelstrom_turbine_4_univariate/horizon_144/sempo.sh,SEMPO,few_shot_10pct,tfb-maelstrom_turbine_4_univariate,horizon_144,sempo.sh
SEMPO/few_shot_10pct/tfb-maelstrom_turbine_4_univariate/horizon_24/sempo.sh,SEMPO,few_shot_10pct,tfb-maelstrom_turbine_4_univariate,horizon_24,sempo.sh
SEMPO/few_shot_10pct/tfb-maelstrom_turbine_4_univariate/horizon_72/sempo.sh,SEMPO,few_shot_10pct,tfb-maelstrom_turbine_4_univariate,horizon_72,sempo.sh
SEMPO/few_shot_10pct/tfb-re_europe_wind_signal_COSMO_long_no_null__MT1V_reduced_38T_1V_power/horizon_12/sempo__server_a_day02_20260520_133059.sh,SEMPO,few_shot_10pct,tfb-re_europe_wind_signal_COSMO_long_no_null__MT1V_reduced_38T_1V_power,horizon_12,sempo__server_a_day02_20260520_133059.sh
SEMPO/few_shot_10pct/tfb-re_europe_wind_signal_COSMO_long_no_null__MT1V_reduced_38T_1V_power/horizon_144/sempo__server_a_day02_20260520_133059.sh,SEMPO,few_shot_10pct,tfb-re_europe_wind_signal_COSMO_long_no_null__MT1V_reduced_38T_1V_power,horizon_144,sempo__server_a_day02_20260520_133059.sh
SEMPO/few_shot_10pct/tfb-re_europe_wind_signal_COSMO_long_no_null__MT1V_reduced_38T_1V_power/horizon_24/sempo__server_a_day02_20260520_133059.sh,SEMPO,few_shot_10pct,tfb-re_europe_wind_signal_COSMO_long_no_null__MT1V_reduced_38T_1V_power,horizon_24,sempo__server_a_day02_20260520_133059.sh
SEMPO/few_shot_10pct/tfb-re_europe_wind_signal_COSMO_long_no_null__MT1V_reduced_38T_1V_power/horizon_72/sempo__server_a_day02_20260520_133059.sh,SEMPO,few_shot_10pct,tfb-re_europe_wind_signal_COSMO_long_no_null__MT1V_reduced_38T_1V_power,horizon_72,sempo__server_a_day02_20260520_133059.sh
SEMPO/few_shot_10pct/tfb-re_europe_wind_signal_ECMWF_long_no_null__MT1V_reduced_38T_1V_power/horizon_12/sempo__server_a_day01_20260519_111959.sh,SEMPO,few_shot_10pct,tfb-re_europe_wind_signal_ECMWF_long_no_null__MT1V_reduced_38T_1V_power,horizon_12,sempo__server_a_day01_20260519_111959.sh
SEMPO/few_shot_10pct/tfb-re_europe_wind_signal_ECMWF_long_no_null__MT1V_reduced_38T_1V_power/horizon_12/sempo__server_a_day01_20260519_122851.sh,SEMPO,few_shot_10pct,tfb-re_europe_wind_signal_ECMWF_long_no_null__MT1V_reduced_38T_1V_power,horizon_12,sempo__server_a_day01_20260519_122851.sh
SEMPO/few_shot_10pct/tfb-re_europe_wind_signal_ECMWF_long_no_null__MT1V_reduced_38T_1V_power/horizon_12/sempo__server_a_day01_20260519_171557.sh,SEMPO,few_shot_10pct,tfb-re_europe_wind_signal_ECMWF_long_no_null__MT1V_reduced_38T_1V_power,horizon_12,sempo__server_a_day01_20260519_171557.sh
SEMPO/few_shot_10pct/tfb-re_europe_wind_signal_ECMWF_long_no_null__MT1V_reduced_38T_1V_power/horizon_12/sempo__server_a_day01_20260520_132941.sh,SEMPO,few_shot_10pct,tfb-re_europe_wind_signal_ECMWF_long_no_null__MT1V_reduced_38T_1V_power,horizon_12,sempo__server_a_day01_20260520_132941.sh
SEMPO/few_shot_10pct/tfb-re_europe_wind_signal_ECMWF_long_no_null__MT1V_reduced_38T_1V_power/horizon_144/sempo__server_a_day01_20260519_111959.sh,SEMPO,few_shot_10pct,tfb-re_europe_wind_signal_ECMWF_long_no_null__MT1V_reduced_38T_1V_power,horizon_144,sempo__server_a_day01_20260519_111959.sh
SEMPO/few_shot_10pct/tfb-re_europe_wind_signal_ECMWF_long_no_null__MT1V_reduced_38T_1V_power/horizon_144/sempo__server_a_day01_20260519_122851.sh,SEMPO,few_shot_10pct,tfb-re_europe_wind_signal_ECMWF_long_no_null__MT1V_reduced_38T_1V_power,horizon_144,sempo__server_a_day01_20260519_122851.sh
SEMPO/few_shot_10pct/tfb-re_europe_wind_signal_ECMWF_long_no_null__MT1V_reduced_38T_1V_power/horizon_144/sempo__server_a_day01_20260519_171557.sh,SEMPO,few_shot_10pct,tfb-re_europe_wind_signal_ECMWF_long_no_null__MT1V_reduced_38T_1V_power,horizon_144,sempo__server_a_day01_20260519_171557.sh
SEMPO/few_shot_10pct/tfb-re_europe_wind_signal_ECMWF_long_no_null__MT1V_reduced_38T_1V_power/horizon_144/sempo__server_a_day01_20260520_132941.sh,SEMPO,few_shot_10pct,tfb-re_europe_wind_signal_ECMWF_long_no_null__MT1V_reduced_38T_1V_power,horizon_144,sempo__server_a_day01_20260520_132941.sh
SEMPO/few_shot_10pct/tfb-re_europe_wind_signal_ECMWF_long_no_null__MT1V_reduced_38T_1V_power/horizon_24/sempo__server_a_day01_20260519_111959.sh,SEMPO,few_shot_10pct,tfb-re_europe_wind_signal_ECMWF_long_no_null__MT1V_reduced_38T_1V_power,horizon_24,sempo__server_a_day01_20260519_111959.sh
SEMPO/few_shot_10pct/tfb-re_europe_wind_signal_ECMWF_long_no_null__MT1V_reduced_38T_1V_power/horizon_24/sempo__server_a_day01_20260519_122851.sh,SEMPO,few_shot_10pct,tfb-re_europe_wind_signal_ECMWF_long_no_null__MT1V_reduced_38T_1V_power,horizon_24,sempo__server_a_day01_20260519_122851.sh
SEMPO/few_shot_10pct/tfb-re_europe_wind_signal_ECMWF_long_no_null__MT1V_reduced_38T_1V_power/horizon_24/sempo__server_a_day01_20260519_171557.sh,SEMPO,few_shot_10pct,tfb-re_europe_wind_signal_ECMWF_long_no_null__MT1V_reduced_38T_1V_power,horizon_24,sempo__server_a_day01_20260519_171557.sh
SEMPO/few_shot_10pct/tfb-re_europe_wind_signal_ECMWF_long_no_null__MT1V_reduced_38T_1V_power/horizon_24/sempo__server_a_day01_20260520_132941.sh,SEMPO,few_shot_10pct,tfb-re_europe_wind_signal_ECMWF_long_no_null__MT1V_reduced_38T_1V_power,horizon_24,sempo__server_a_day01_20260520_132941.sh
SEMPO/few_shot_10pct/tfb-re_europe_wind_signal_ECMWF_long_no_null__MT1V_reduced_38T_1V_power/horizon_72/sempo__server_a_day01_20260519_111959.sh,SEMPO,few_shot_10pct,tfb-re_europe_wind_signal_ECMWF_long_no_null__MT1V_reduced_38T_1V_power,horizon_72,sempo__server_a_day01_20260519_111959.sh
SEMPO/few_shot_10pct/tfb-re_europe_wind_signal_ECMWF_long_no_null__MT1V_reduced_38T_1V_power/horizon_72/sempo__server_a_day01_20260519_122851.sh,SEMPO,few_shot_10pct,tfb-re_europe_wind_signal_ECMWF_long_no_null__MT1V_reduced_38T_1V_power,horizon_72,sempo__server_a_day01_20260519_122851.sh
SEMPO/few_shot_10pct/tfb-re_europe_wind_signal_ECMWF_long_no_null__MT1V_reduced_38T_1V_power/horizon_72/sempo__server_a_day01_20260519_171557.sh,SEMPO,few_shot_10pct,tfb-re_europe_wind_signal_ECMWF_long_no_null__MT1V_reduced_38T_1V_power,horizon_72,sempo__server_a_day01_20260519_171557.sh
SEMPO/few_shot_10pct/tfb-re_europe_wind_signal_ECMWF_long_no_null__MT1V_reduced_38T_1V_power/horizon_72/sempo__server_a_day01_20260520_132941.sh,SEMPO,few_shot_10pct,tfb-re_europe_wind_signal_ECMWF_long_no_null__MT1V_reduced_38T_1V_power,horizon_72,sempo__server_a_day01_20260520_132941.sh
SEMPO/few_shot_10pct/tfb-scada_fault_10min_cleaned_numeric_only/horizon_12/sempo.sh,SEMPO,few_shot_10pct,tfb-scada_fault_10min_cleaned_numeric_only,horizon_12,sempo.sh
SEMPO/few_shot_10pct/tfb-scada_fault_10min_cleaned_numeric_only/horizon_144/sempo.sh,SEMPO,few_shot_10pct,tfb-scada_fault_10min_cleaned_numeric_only,horizon_144,sempo.sh
SEMPO/few_shot_10pct/tfb-scada_fault_10min_cleaned_numeric_only/horizon_24/sempo.sh,SEMPO,few_shot_10pct,tfb-scada_fault_10min_cleaned_numeric_only,horizon_24,sempo.sh
SEMPO/few_shot_10pct/tfb-scada_fault_10min_cleaned_numeric_only/horizon_72/sempo.sh,SEMPO,few_shot_10pct,tfb-scada_fault_10min_cleaned_numeric_only,horizon_72,sempo.sh
SEMPO/few_shot_10pct/tfb-sdwpf_245days_v1_final_final_cleaned/horizon_12/sempo.sh,SEMPO,few_shot_10pct,tfb-sdwpf_245days_v1_final_final_cleaned,horizon_12,sempo.sh
SEMPO/few_shot_10pct/tfb-sdwpf_245days_v1_final_final_cleaned/horizon_144/sempo.sh,SEMPO,few_shot_10pct,tfb-sdwpf_245days_v1_final_final_cleaned,horizon_144,sempo.sh
SEMPO/few_shot_10pct/tfb-sdwpf_245days_v1_final_final_cleaned/horizon_24/sempo.sh,SEMPO,few_shot_10pct,tfb-sdwpf_245days_v1_final_final_cleaned,horizon_24,sempo.sh
SEMPO/few_shot_10pct/tfb-sdwpf_245days_v1_final_final_cleaned/horizon_72/sempo.sh,SEMPO,few_shot_10pct,tfb-sdwpf_245days_v1_final_final_cleaned,horizon_72,sempo.sh
SEMPO/full_shot/tfb-Kelmarsh_filtered_wide__MTMV_reduced_3V_Power_(kW)/horizon_12/sempo.sh,SEMPO,full_shot,tfb-Kelmarsh_filtered_wide__MTMV_reduced_3V_Power_(kW),horizon_12,sempo.sh
SEMPO/full_shot/tfb-Kelmarsh_filtered_wide__MTMV_reduced_3V_Power_(kW)/horizon_144/sempo.sh,SEMPO,full_shot,tfb-Kelmarsh_filtered_wide__MTMV_reduced_3V_Power_(kW),horizon_144,sempo.sh
SEMPO/full_shot/tfb-Kelmarsh_filtered_wide__MTMV_reduced_3V_Power_(kW)/horizon_24/sempo.sh,SEMPO,full_shot,tfb-Kelmarsh_filtered_wide__MTMV_reduced_3V_Power_(kW),horizon_24,sempo.sh
SEMPO/full_shot/tfb-Kelmarsh_filtered_wide__MTMV_reduced_3V_Power_(kW)/horizon_72/sempo.sh,SEMPO,full_shot,tfb-Kelmarsh_filtered_wide__MTMV_reduced_3V_Power_(kW),horizon_72,sempo.sh
SEMPO/full_shot/tfb-Penmanshiel_filtered_wide__MTMV_reduced_3V_Power_(kW)__quality_trim_201607_201608_202009_202010/horizon_12/sempo.sh,SEMPO,full_shot,tfb-Penmanshiel_filtered_wide__MTMV_reduced_3V_Power_(kW)__quality_trim_201607_201608_202009_202010,horizon_12,sempo.sh
SEMPO/full_shot/tfb-Penmanshiel_filtered_wide__MTMV_reduced_3V_Power_(kW)__quality_trim_201607_201608_202009_202010/horizon_144/sempo.sh,SEMPO,full_shot,tfb-Penmanshiel_filtered_wide__MTMV_reduced_3V_Power_(kW)__quality_trim_201607_201608_202009_202010,horizon_144,sempo.sh
SEMPO/full_shot/tfb-Penmanshiel_filtered_wide__MTMV_reduced_3V_Power_(kW)__quality_trim_201607_201608_202009_202010/horizon_24/sempo.sh,SEMPO,full_shot,tfb-Penmanshiel_filtered_wide__MTMV_reduced_3V_Power_(kW)__quality_trim_201607_201608_202009_202010,horizon_24,sempo.sh
SEMPO/full_shot/tfb-Penmanshiel_filtered_wide__MTMV_reduced_3V_Power_(kW)__quality_trim_201607_201608_202009_202010/horizon_72/sempo.sh,SEMPO,full_shot,tfb-Penmanshiel_filtered_wide__MTMV_reduced_3V_Power_(kW)__quality_trim_201607_201608_202009_202010,horizon_72,sempo.sh
SEMPO/full_shot/tfb-UEBB_panel_wide_filled__MTMV_reduced_3V_active_power_total/horizon_12/sempo.sh,SEMPO,full_shot,tfb-UEBB_panel_wide_filled__MTMV_reduced_3V_active_power_total,horizon_12,sempo.sh
SEMPO/full_shot/tfb-UEBB_panel_wide_filled__MTMV_reduced_3V_active_power_total/horizon_144/full_shot_all_horizons.sh,SEMPO,full_shot,tfb-UEBB_panel_wide_filled__MTMV_reduced_3V_active_power_total,horizon_144,full_shot_all_horizons.sh
SEMPO/full_shot/tfb-UEBB_panel_wide_filled__MTMV_reduced_3V_active_power_total/horizon_144/sempo.sh,SEMPO,full_shot,tfb-UEBB_panel_wide_filled__MTMV_reduced_3V_active_power_total,horizon_144,sempo.sh
SEMPO/full_shot/tfb-UEBB_panel_wide_filled__MTMV_reduced_3V_active_power_total/horizon_24/full_shot_all_horizons.sh,SEMPO,full_shot,tfb-UEBB_panel_wide_filled__MTMV_reduced_3V_active_power_total,horizon_24,full_shot_all_horizons.sh
SEMPO/full_shot/tfb-UEBB_panel_wide_filled__MTMV_reduced_3V_active_power_total/horizon_24/sempo.sh,SEMPO,full_shot,tfb-UEBB_panel_wide_filled__MTMV_reduced_3V_active_power_total,horizon_24,sempo.sh
SEMPO/full_shot/tfb-UEBB_panel_wide_filled__MTMV_reduced_3V_active_power_total/horizon_72/full_shot_all_horizons.sh,SEMPO,full_shot,tfb-UEBB_panel_wide_filled__MTMV_reduced_3V_active_power_total,horizon_72,full_shot_all_horizons.sh
SEMPO/full_shot/tfb-UEBB_panel_wide_filled__MTMV_reduced_3V_active_power_total/horizon_72/sempo.sh,SEMPO,full_shot,tfb-UEBB_panel_wide_filled__MTMV_reduced_3V_active_power_total,horizon_72,sempo.sh
SEMPO/full_shot/tfb-UEPS_panel_wide_filled__MTMV_reduced_3V_active_power_total/horizon_12/sempo.sh,SEMPO,full_shot,tfb-UEPS_panel_wide_filled__MTMV_reduced_3V_active_power_total,horizon_12,sempo.sh
SEMPO/full_shot/tfb-UEPS_panel_wide_filled__MTMV_reduced_3V_active_power_total/horizon_144/sempo.sh,SEMPO,full_shot,tfb-UEPS_panel_wide_filled__MTMV_reduced_3V_active_power_total,horizon_144,sempo.sh
SEMPO/full_shot/tfb-UEPS_panel_wide_filled__MTMV_reduced_3V_active_power_total/horizon_24/sempo.sh,SEMPO,full_shot,tfb-UEPS_panel_wide_filled__MTMV_reduced_3V_active_power_total,horizon_24,sempo.sh
SEMPO/full_shot/tfb-UEPS_panel_wide_filled__MTMV_reduced_3V_active_power_total/horizon_72/sempo.sh,SEMPO,full_shot,tfb-UEPS_panel_wide_filled__MTMV_reduced_3V_active_power_total,horizon_72,sempo.sh
SEMPO/full_shot/tfb-Wind farm site 1 (Nominal capacity-99MW)_final/horizon_12/sempo.sh,SEMPO,full_shot,tfb-Wind farm site 1 (Nominal capacity-99MW)_final,horizon_12,sempo.sh
SEMPO/full_shot/tfb-Wind farm site 1 (Nominal capacity-99MW)_final/horizon_144/sempo.sh,SEMPO,full_shot,tfb-Wind farm site 1 (Nominal capacity-99MW)_final,horizon_144,sempo.sh
SEMPO/full_shot/tfb-Wind farm site 1 (Nominal capacity-99MW)_final/horizon_24/sempo.sh,SEMPO,full_shot,tfb-Wind farm site 1 (Nominal capacity-99MW)_final,horizon_24,sempo.sh
SEMPO/full_shot/tfb-Wind farm site 1 (Nominal capacity-99MW)_final/horizon_72/sempo.sh,SEMPO,full_shot,tfb-Wind farm site 1 (Nominal capacity-99MW)_final,horizon_72,sempo.sh
SEMPO/full_shot/tfb-Wind farm site 2 (Nominal capacity-200MW)_final/horizon_12/sempo.sh,SEMPO,full_shot,tfb-Wind farm site 2 (Nominal capacity-200MW)_final,horizon_12,sempo.sh
SEMPO/full_shot/tfb-Wind farm site 2 (Nominal capacity-200MW)_final/horizon_144/sempo.sh,SEMPO,full_shot,tfb-Wind farm site 2 (Nominal capacity-200MW)_final,horizon_144,sempo.sh
SEMPO/full_shot/tfb-Wind farm site 2 (Nominal capacity-200MW)_final/horizon_24/sempo.sh,SEMPO,full_shot,tfb-Wind farm site 2 (Nominal capacity-200MW)_final,horizon_24,sempo.sh
SEMPO/full_shot/tfb-Wind farm site 2 (Nominal capacity-200MW)_final/horizon_72/sempo.sh,SEMPO,full_shot,tfb-Wind farm site 2 (Nominal capacity-200MW)_final,horizon_72,sempo.sh
SEMPO/full_shot/tfb-Wind farm site 3 (Nominal capacity-99MW)_final/horizon_12/sempo.sh,SEMPO,full_shot,tfb-Wind farm site 3 (Nominal capacity-99MW)_final,horizon_12,sempo.sh
SEMPO/full_shot/tfb-Wind farm site 3 (Nominal capacity-99MW)_final/horizon_144/sempo.sh,SEMPO,full_shot,tfb-Wind farm site 3 (Nominal capacity-99MW)_final,horizon_144,sempo.sh
SEMPO/full_shot/tfb-Wind farm site 3 (Nominal capacity-99MW)_final/horizon_24/sempo.sh,SEMPO,full_shot,tfb-Wind farm site 3 (Nominal capacity-99MW)_final,horizon_24,sempo.sh
SEMPO/full_shot/tfb-Wind farm site 3 (Nominal capacity-99MW)_final/horizon_72/sempo.sh,SEMPO,full_shot,tfb-Wind farm site 3 (Nominal capacity-99MW)_final,horizon_72,sempo.sh
SEMPO/full_shot/tfb-Wind farm site 4 (Nominal capacity-66MW)_final/horizon_12/sempo.sh,SEMPO,full_shot,tfb-Wind farm site 4 (Nominal capacity-66MW)_final,horizon_12,sempo.sh
SEMPO/full_shot/tfb-Wind farm site 4 (Nominal capacity-66MW)_final/horizon_144/sempo.sh,SEMPO,full_shot,tfb-Wind farm site 4 (Nominal capacity-66MW)_final,horizon_144,sempo.sh
SEMPO/full_shot/tfb-Wind farm site 4 (Nominal capacity-66MW)_final/horizon_24/sempo.sh,SEMPO,full_shot,tfb-Wind farm site 4 (Nominal capacity-66MW)_final,horizon_24,sempo.sh
SEMPO/full_shot/tfb-Wind farm site 4 (Nominal capacity-66MW)_final/horizon_72/sempo.sh,SEMPO,full_shot,tfb-Wind farm site 4 (Nominal capacity-66MW)_final,horizon_72,sempo.sh
SEMPO/full_shot/tfb-Wind farm site 6 (Nominal capacity-96MW)_final/horizon_12/sempo.sh,SEMPO,full_shot,tfb-Wind farm site 6 (Nominal capacity-96MW)_final,horizon_12,sempo.sh
SEMPO/full_shot/tfb-Wind farm site 6 (Nominal capacity-96MW)_final/horizon_144/sempo.sh,SEMPO,full_shot,tfb-Wind farm site 6 (Nominal capacity-96MW)_final,horizon_144,sempo.sh
SEMPO/full_shot/tfb-Wind farm site 6 (Nominal capacity-96MW)_final/horizon_24/sempo.sh,SEMPO,full_shot,tfb-Wind farm site 6 (Nominal capacity-96MW)_final,horizon_24,sempo.sh
SEMPO/full_shot/tfb-Wind farm site 6 (Nominal capacity-96MW)_final/horizon_72/sempo.sh,SEMPO,full_shot,tfb-Wind farm site 6 (Nominal capacity-96MW)_final,horizon_72,sempo.sh
SEMPO/full_shot/tfb-Wind_Farm_A_filtered_wide_long_fixed__1T1V_reduced_1T_1V_windpower/horizon_12/sempo.sh,SEMPO,full_shot,tfb-Wind_Farm_A_filtered_wide_long_fixed__1T1V_reduced_1T_1V_windpower,horizon_12,sempo.sh
SEMPO/full_shot/tfb-Wind_Farm_A_filtered_wide_long_fixed__1T1V_reduced_1T_1V_windpower/horizon_144/sempo.sh,SEMPO,full_shot,tfb-Wind_Farm_A_filtered_wide_long_fixed__1T1V_reduced_1T_1V_windpower,horizon_144,sempo.sh
SEMPO/full_shot/tfb-Wind_Farm_A_filtered_wide_long_fixed__1T1V_reduced_1T_1V_windpower/horizon_24/sempo.sh,SEMPO,full_shot,tfb-Wind_Farm_A_filtered_wide_long_fixed__1T1V_reduced_1T_1V_windpower,horizon_24,sempo.sh
SEMPO/full_shot/tfb-Wind_Farm_A_filtered_wide_long_fixed__1T1V_reduced_1T_1V_windpower/horizon_72/sempo.sh,SEMPO,full_shot,tfb-Wind_Farm_A_filtered_wide_long_fixed__1T1V_reduced_1T_1V_windpower,horizon_72,sempo.sh
SEMPO/full_shot/tfb-Wind_Farm_B_filtered_wide_long_fixed__1T1V_reduced_1T_1V_windpower/horizon_12/sempo.sh,SEMPO,full_shot,tfb-Wind_Farm_B_filtered_wide_long_fixed__1T1V_reduced_1T_1V_windpower,horizon_12,sempo.sh
SEMPO/full_shot/tfb-Wind_Farm_B_filtered_wide_long_fixed__1T1V_reduced_1T_1V_windpower/horizon_144/sempo.sh,SEMPO,full_shot,tfb-Wind_Farm_B_filtered_wide_long_fixed__1T1V_reduced_1T_1V_windpower,horizon_144,sempo.sh
SEMPO/full_shot/tfb-Wind_Farm_B_filtered_wide_long_fixed__1T1V_reduced_1T_1V_windpower/horizon_24/sempo.sh,SEMPO,full_shot,tfb-Wind_Farm_B_filtered_wide_long_fixed__1T1V_reduced_1T_1V_windpower,horizon_24,sempo.sh
SEMPO/full_shot/tfb-Wind_Farm_B_filtered_wide_long_fixed__1T1V_reduced_1T_1V_windpower/horizon_72/sempo.sh,SEMPO,full_shot,tfb-Wind_Farm_B_filtered_wide_long_fixed__1T1V_reduced_1T_1V_windpower,horizon_72,sempo.sh
SEMPO/full_shot/tfb-Wind_Farm_C_filtered_wide_long_fixed__MT1V_reduced_1V_windpower/horizon_12/sempo.sh,SEMPO,full_shot,tfb-Wind_Farm_C_filtered_wide_long_fixed__MT1V_reduced_1V_windpower,horizon_12,sempo.sh
SEMPO/full_shot/tfb-Wind_Farm_C_filtered_wide_long_fixed__MT1V_reduced_1V_windpower/horizon_144/sempo.sh,SEMPO,full_shot,tfb-Wind_Farm_C_filtered_wide_long_fixed__MT1V_reduced_1V_windpower,horizon_144,sempo.sh
SEMPO/full_shot/tfb-Wind_Farm_C_filtered_wide_long_fixed__MT1V_reduced_1V_windpower/horizon_24/sempo.sh,SEMPO,full_shot,tfb-Wind_Farm_C_filtered_wide_long_fixed__MT1V_reduced_1V_windpower,horizon_24,sempo.sh
SEMPO/full_shot/tfb-Wind_Farm_C_filtered_wide_long_fixed__MT1V_reduced_1V_windpower/horizon_72/sempo.sh,SEMPO,full_shot,tfb-Wind_Farm_C_filtered_wide_long_fixed__MT1V_reduced_1V_windpower,horizon_72,sempo.sh
SEMPO/full_shot/tfb-Yalova_final_ready/horizon_12/sempo.sh,SEMPO,full_shot,tfb-Yalova_final_ready,horizon_12,sempo.sh
SEMPO/full_shot/tfb-Yalova_final_ready/horizon_144/sempo.sh,SEMPO,full_shot,tfb-Yalova_final_ready,horizon_144,sempo.sh
SEMPO/full_shot/tfb-Yalova_final_ready/horizon_24/sempo.sh,SEMPO,full_shot,tfb-Yalova_final_ready,horizon_24,sempo.sh
SEMPO/full_shot/tfb-Yalova_final_ready/horizon_72/sempo.sh,SEMPO,full_shot,tfb-Yalova_final_ready,horizon_72,sempo.sh
SEMPO/full_shot/tfb-aemo/horizon_12/sempo.sh,SEMPO,full_shot,tfb-aemo,horizon_12,sempo.sh
SEMPO/full_shot/tfb-aemo/horizon_12/sempo__icde_missing_all_sheets_day19_gpu6_aemo_light_toto_zero_20260530_20260531_071519.sh,SEMPO,full_shot,tfb-aemo,horizon_12,sempo__icde_missing_all_sheets_day19_gpu6_aemo_light_toto_zero_20260530_20260531_071519.sh
SEMPO/full_shot/tfb-aemo/horizon_12/sempo__icde_missing_all_sheets_day19_gpu6_aemo_light_toto_zero_20260530_20260531_160601.sh,SEMPO,full_shot,tfb-aemo,horizon_12,sempo__icde_missing_all_sheets_day19_gpu6_aemo_light_toto_zero_20260530_20260531_160601.sh
SEMPO/full_shot/tfb-aemo/horizon_144/sempo__icde_missing_all_sheets_day19_gpu6_aemo_light_toto_zero_20260530_20260531_071519.sh,SEMPO,full_shot,tfb-aemo,horizon_144,sempo__icde_missing_all_sheets_day19_gpu6_aemo_light_toto_zero_20260530_20260531_071519.sh
SEMPO/full_shot/tfb-aemo/horizon_144/sempo__icde_missing_all_sheets_day19_gpu6_aemo_light_toto_zero_20260530_20260531_160601.sh,SEMPO,full_shot,tfb-aemo,horizon_144,sempo__icde_missing_all_sheets_day19_gpu6_aemo_light_toto_zero_20260530_20260531_160601.sh
SEMPO/full_shot/tfb-aemo/horizon_24/sempo.sh,SEMPO,full_shot,tfb-aemo,horizon_24,sempo.sh
SEMPO/full_shot/tfb-aemo/horizon_24/sempo__icde_missing_all_sheets_day19_gpu6_aemo_light_toto_zero_20260530_20260531_071519.sh,SEMPO,full_shot,tfb-aemo,horizon_24,sempo__icde_missing_all_sheets_day19_gpu6_aemo_light_toto_zero_20260530_20260531_071519.sh
SEMPO/full_shot/tfb-aemo/horizon_24/sempo__icde_missing_all_sheets_day19_gpu6_aemo_light_toto_zero_20260530_20260531_160601.sh,SEMPO,full_shot,tfb-aemo,horizon_24,sempo__icde_missing_all_sheets_day19_gpu6_aemo_light_toto_zero_20260530_20260531_160601.sh
SEMPO/full_shot/tfb-aemo/horizon_72/sempo.sh,SEMPO,full_shot,tfb-aemo,horizon_72,sempo.sh
SEMPO/full_shot/tfb-aemo/horizon_72/sempo__icde_missing_all_sheets_day19_gpu6_aemo_light_toto_zero_20260530_20260531_071519.sh,SEMPO,full_shot,tfb-aemo,horizon_72,sempo__icde_missing_all_sheets_day19_gpu6_aemo_light_toto_zero_20260530_20260531_071519.sh
SEMPO/full_shot/tfb-aemo/horizon_72/sempo__icde_missing_all_sheets_day19_gpu6_aemo_light_toto_zero_20260530_20260531_160601.sh,SEMPO,full_shot,tfb-aemo,horizon_72,sempo__icde_missing_all_sheets_day19_gpu6_aemo_light_toto_zero_20260530_20260531_160601.sh
SEMPO/full_shot/tfb-chalmers_merged_processed_data_fixed_combined__1T1V_reduced_1min_1T_1V_power/horizon_12/sempo.sh,SEMPO,full_shot,tfb-chalmers_merged_processed_data_fixed_combined__1T1V_reduced_1min_1T_1V_power,horizon_12,sempo.sh
SEMPO/full_shot/tfb-chalmers_merged_processed_data_fixed_combined__1T1V_reduced_1min_1T_1V_power/horizon_144/sempo.sh,SEMPO,full_shot,tfb-chalmers_merged_processed_data_fixed_combined__1T1V_reduced_1min_1T_1V_power,horizon_144,sempo.sh
SEMPO/full_shot/tfb-chalmers_merged_processed_data_fixed_combined__1T1V_reduced_1min_1T_1V_power/horizon_24/sempo.sh,SEMPO,full_shot,tfb-chalmers_merged_processed_data_fixed_combined__1T1V_reduced_1min_1T_1V_power,horizon_24,sempo.sh
SEMPO/full_shot/tfb-chalmers_merged_processed_data_fixed_combined__1T1V_reduced_1min_1T_1V_power/horizon_72/sempo.sh,SEMPO,full_shot,tfb-chalmers_merged_processed_data_fixed_combined__1T1V_reduced_1min_1T_1V_power,horizon_72,sempo.sh
SEMPO/full_shot/tfb-gefcom2012/horizon_12/sempo.sh,SEMPO,full_shot,tfb-gefcom2012,horizon_12,sempo.sh
SEMPO/full_shot/tfb-gefcom2012/horizon_144/sempo.sh,SEMPO,full_shot,tfb-gefcom2012,horizon_144,sempo.sh
SEMPO/full_shot/tfb-gefcom2012/horizon_24/sempo.sh,SEMPO,full_shot,tfb-gefcom2012,horizon_24,sempo.sh
SEMPO/full_shot/tfb-gefcom2012/horizon_72/sempo.sh,SEMPO,full_shot,tfb-gefcom2012,horizon_72,sempo.sh
SEMPO/full_shot/tfb-gefcom2014/horizon_12/sempo.sh,SEMPO,full_shot,tfb-gefcom2014,horizon_12,sempo.sh
SEMPO/full_shot/tfb-gefcom2014/horizon_144/sempo.sh,SEMPO,full_shot,tfb-gefcom2014,horizon_144,sempo.sh
SEMPO/full_shot/tfb-gefcom2014/horizon_24/sempo.sh,SEMPO,full_shot,tfb-gefcom2014,horizon_24,sempo.sh
SEMPO/full_shot/tfb-gefcom2014/horizon_72/sempo.sh,SEMPO,full_shot,tfb-gefcom2014,horizon_72,sempo.sh
SEMPO/full_shot/tfb-kaggle1_final_benchmark_v3_ready_no_turbinestatus/horizon_12/sempo.sh,SEMPO,full_shot,tfb-kaggle1_final_benchmark_v3_ready_no_turbinestatus,horizon_12,sempo.sh
SEMPO/full_shot/tfb-kaggle1_final_benchmark_v3_ready_no_turbinestatus/horizon_144/sempo.sh,SEMPO,full_shot,tfb-kaggle1_final_benchmark_v3_ready_no_turbinestatus,horizon_144,sempo.sh
SEMPO/full_shot/tfb-kaggle1_final_benchmark_v3_ready_no_turbinestatus/horizon_24/sempo.sh,SEMPO,full_shot,tfb-kaggle1_final_benchmark_v3_ready_no_turbinestatus,horizon_24,sempo.sh
SEMPO/full_shot/tfb-kaggle1_final_benchmark_v3_ready_no_turbinestatus/horizon_72/sempo.sh,SEMPO,full_shot,tfb-kaggle1_final_benchmark_v3_ready_no_turbinestatus,horizon_72,sempo.sh
SEMPO/full_shot/tfb-maelstrom_turbine_1_univariate/horizon_12/sempo.sh,SEMPO,full_shot,tfb-maelstrom_turbine_1_univariate,horizon_12,sempo.sh
SEMPO/full_shot/tfb-maelstrom_turbine_1_univariate/horizon_144/sempo.sh,SEMPO,full_shot,tfb-maelstrom_turbine_1_univariate,horizon_144,sempo.sh
SEMPO/full_shot/tfb-maelstrom_turbine_1_univariate/horizon_24/sempo.sh,SEMPO,full_shot,tfb-maelstrom_turbine_1_univariate,horizon_24,sempo.sh
SEMPO/full_shot/tfb-maelstrom_turbine_1_univariate/horizon_72/sempo.sh,SEMPO,full_shot,tfb-maelstrom_turbine_1_univariate,horizon_72,sempo.sh
SEMPO/full_shot/tfb-maelstrom_turbine_2_univariate/horizon_12/sempo.sh,SEMPO,full_shot,tfb-maelstrom_turbine_2_univariate,horizon_12,sempo.sh
SEMPO/full_shot/tfb-maelstrom_turbine_2_univariate/horizon_144/sempo.sh,SEMPO,full_shot,tfb-maelstrom_turbine_2_univariate,horizon_144,sempo.sh
SEMPO/full_shot/tfb-maelstrom_turbine_2_univariate/horizon_24/sempo.sh,SEMPO,full_shot,tfb-maelstrom_turbine_2_univariate,horizon_24,sempo.sh
SEMPO/full_shot/tfb-maelstrom_turbine_2_univariate/horizon_72/sempo.sh,SEMPO,full_shot,tfb-maelstrom_turbine_2_univariate,horizon_72,sempo.sh
SEMPO/full_shot/tfb-maelstrom_turbine_3_univariate/horizon_12/sempo.sh,SEMPO,full_shot,tfb-maelstrom_turbine_3_univariate,horizon_12,sempo.sh
SEMPO/full_shot/tfb-maelstrom_turbine_3_univariate/horizon_144/sempo.sh,SEMPO,full_shot,tfb-maelstrom_turbine_3_univariate,horizon_144,sempo.sh
SEMPO/full_shot/tfb-maelstrom_turbine_3_univariate/horizon_24/sempo.sh,SEMPO,full_shot,tfb-maelstrom_turbine_3_univariate,horizon_24,sempo.sh
SEMPO/full_shot/tfb-maelstrom_turbine_3_univariate/horizon_72/sempo.sh,SEMPO,full_shot,tfb-maelstrom_turbine_3_univariate,horizon_72,sempo.sh
SEMPO/full_shot/tfb-maelstrom_turbine_4_univariate/horizon_12/sempo.sh,SEMPO,full_shot,tfb-maelstrom_turbine_4_univariate,horizon_12,sempo.sh
SEMPO/full_shot/tfb-maelstrom_turbine_4_univariate/horizon_144/sempo.sh,SEMPO,full_shot,tfb-maelstrom_turbine_4_univariate,horizon_144,sempo.sh
SEMPO/full_shot/tfb-maelstrom_turbine_4_univariate/horizon_24/sempo.sh,SEMPO,full_shot,tfb-maelstrom_turbine_4_univariate,horizon_24,sempo.sh
SEMPO/full_shot/tfb-maelstrom_turbine_4_univariate/horizon_72/sempo.sh,SEMPO,full_shot,tfb-maelstrom_turbine_4_univariate,horizon_72,sempo.sh
SEMPO/full_shot/tfb-re_europe_wind_signal_COSMO_long_no_null__MT1V_reduced_38T_1V_power/horizon_12/sempo__server_a_day01_20260519_171557.sh,SEMPO,full_shot,tfb-re_europe_wind_signal_COSMO_long_no_null__MT1V_reduced_38T_1V_power,horizon_12,sempo__server_a_day01_20260519_171557.sh
SEMPO/full_shot/tfb-re_europe_wind_signal_COSMO_long_no_null__MT1V_reduced_38T_1V_power/horizon_12/sempo__server_a_day01_20260520_132941.sh,SEMPO,full_shot,tfb-re_europe_wind_signal_COSMO_long_no_null__MT1V_reduced_38T_1V_power,horizon_12,sempo__server_a_day01_20260520_132941.sh
SEMPO/full_shot/tfb-re_europe_wind_signal_COSMO_long_no_null__MT1V_reduced_38T_1V_power/horizon_144/sempo__server_a_day01_20260519_171557.sh,SEMPO,full_shot,tfb-re_europe_wind_signal_COSMO_long_no_null__MT1V_reduced_38T_1V_power,horizon_144,sempo__server_a_day01_20260519_171557.sh
SEMPO/full_shot/tfb-re_europe_wind_signal_COSMO_long_no_null__MT1V_reduced_38T_1V_power/horizon_144/sempo__server_a_day01_20260520_132941.sh,SEMPO,full_shot,tfb-re_europe_wind_signal_COSMO_long_no_null__MT1V_reduced_38T_1V_power,horizon_144,sempo__server_a_day01_20260520_132941.sh
SEMPO/full_shot/tfb-re_europe_wind_signal_COSMO_long_no_null__MT1V_reduced_38T_1V_power/horizon_24/sempo__server_a_day01_20260519_171557.sh,SEMPO,full_shot,tfb-re_europe_wind_signal_COSMO_long_no_null__MT1V_reduced_38T_1V_power,horizon_24,sempo__server_a_day01_20260519_171557.sh
SEMPO/full_shot/tfb-re_europe_wind_signal_COSMO_long_no_null__MT1V_reduced_38T_1V_power/horizon_24/sempo__server_a_day01_20260520_132941.sh,SEMPO,full_shot,tfb-re_europe_wind_signal_COSMO_long_no_null__MT1V_reduced_38T_1V_power,horizon_24,sempo__server_a_day01_20260520_132941.sh
SEMPO/full_shot/tfb-re_europe_wind_signal_COSMO_long_no_null__MT1V_reduced_38T_1V_power/horizon_72/sempo__server_a_day01_20260519_171557.sh,SEMPO,full_shot,tfb-re_europe_wind_signal_COSMO_long_no_null__MT1V_reduced_38T_1V_power,horizon_72,sempo__server_a_day01_20260519_171557.sh
SEMPO/full_shot/tfb-re_europe_wind_signal_COSMO_long_no_null__MT1V_reduced_38T_1V_power/horizon_72/sempo__server_a_day01_20260520_132941.sh,SEMPO,full_shot,tfb-re_europe_wind_signal_COSMO_long_no_null__MT1V_reduced_38T_1V_power,horizon_72,sempo__server_a_day01_20260520_132941.sh
SEMPO/full_shot/tfb-re_europe_wind_signal_ECMWF_long_no_null__MT1V_reduced_38T_1V_power/horizon_12/sempo__server_a_day01_20260519_111959.sh,SEMPO,full_shot,tfb-re_europe_wind_signal_ECMWF_long_no_null__MT1V_reduced_38T_1V_power,horizon_12,sempo__server_a_day01_20260519_111959.sh
SEMPO/full_shot/tfb-re_europe_wind_signal_ECMWF_long_no_null__MT1V_reduced_38T_1V_power/horizon_12/sempo__server_a_day01_20260519_122851.sh,SEMPO,full_shot,tfb-re_europe_wind_signal_ECMWF_long_no_null__MT1V_reduced_38T_1V_power,horizon_12,sempo__server_a_day01_20260519_122851.sh
SEMPO/full_shot/tfb-re_europe_wind_signal_ECMWF_long_no_null__MT1V_reduced_38T_1V_power/horizon_12/sempo__server_a_day01_20260519_171557.sh,SEMPO,full_shot,tfb-re_europe_wind_signal_ECMWF_long_no_null__MT1V_reduced_38T_1V_power,horizon_12,sempo__server_a_day01_20260519_171557.sh
SEMPO/full_shot/tfb-re_europe_wind_signal_ECMWF_long_no_null__MT1V_reduced_38T_1V_power/horizon_12/sempo__server_a_day01_20260520_132941.sh,SEMPO,full_shot,tfb-re_europe_wind_signal_ECMWF_long_no_null__MT1V_reduced_38T_1V_power,horizon_12,sempo__server_a_day01_20260520_132941.sh
SEMPO/full_shot/tfb-re_europe_wind_signal_ECMWF_long_no_null__MT1V_reduced_38T_1V_power/horizon_144/sempo__server_a_day01_20260519_111959.sh,SEMPO,full_shot,tfb-re_europe_wind_signal_ECMWF_long_no_null__MT1V_reduced_38T_1V_power,horizon_144,sempo__server_a_day01_20260519_111959.sh
SEMPO/full_shot/tfb-re_europe_wind_signal_ECMWF_long_no_null__MT1V_reduced_38T_1V_power/horizon_144/sempo__server_a_day01_20260519_122851.sh,SEMPO,full_shot,tfb-re_europe_wind_signal_ECMWF_long_no_null__MT1V_reduced_38T_1V_power,horizon_144,sempo__server_a_day01_20260519_122851.sh
SEMPO/full_shot/tfb-re_europe_wind_signal_ECMWF_long_no_null__MT1V_reduced_38T_1V_power/horizon_144/sempo__server_a_day01_20260519_171557.sh,SEMPO,full_shot,tfb-re_europe_wind_signal_ECMWF_long_no_null__MT1V_reduced_38T_1V_power,horizon_144,sempo__server_a_day01_20260519_171557.sh
SEMPO/full_shot/tfb-re_europe_wind_signal_ECMWF_long_no_null__MT1V_reduced_38T_1V_power/horizon_144/sempo__server_a_day01_20260520_132941.sh,SEMPO,full_shot,tfb-re_europe_wind_signal_ECMWF_long_no_null__MT1V_reduced_38T_1V_power,horizon_144,sempo__server_a_day01_20260520_132941.sh
SEMPO/full_shot/tfb-re_europe_wind_signal_ECMWF_long_no_null__MT1V_reduced_38T_1V_power/horizon_24/sempo__server_a_day01_20260519_111959.sh,SEMPO,full_shot,tfb-re_europe_wind_signal_ECMWF_long_no_null__MT1V_reduced_38T_1V_power,horizon_24,sempo__server_a_day01_20260519_111959.sh
SEMPO/full_shot/tfb-re_europe_wind_signal_ECMWF_long_no_null__MT1V_reduced_38T_1V_power/horizon_24/sempo__server_a_day01_20260519_122851.sh,SEMPO,full_shot,tfb-re_europe_wind_signal_ECMWF_long_no_null__MT1V_reduced_38T_1V_power,horizon_24,sempo__server_a_day01_20260519_122851.sh
SEMPO/full_shot/tfb-re_europe_wind_signal_ECMWF_long_no_null__MT1V_reduced_38T_1V_power/horizon_24/sempo__server_a_day01_20260519_171557.sh,SEMPO,full_shot,tfb-re_europe_wind_signal_ECMWF_long_no_null__MT1V_reduced_38T_1V_power,horizon_24,sempo__server_a_day01_20260519_171557.sh
SEMPO/full_shot/tfb-re_europe_wind_signal_ECMWF_long_no_null__MT1V_reduced_38T_1V_power/horizon_24/sempo__server_a_day01_20260520_132941.sh,SEMPO,full_shot,tfb-re_europe_wind_signal_ECMWF_long_no_null__MT1V_reduced_38T_1V_power,horizon_24,sempo__server_a_day01_20260520_132941.sh
SEMPO/full_shot/tfb-re_europe_wind_signal_ECMWF_long_no_null__MT1V_reduced_38T_1V_power/horizon_72/sempo__server_a_day01_20260519_111959.sh,SEMPO,full_shot,tfb-re_europe_wind_signal_ECMWF_long_no_null__MT1V_reduced_38T_1V_power,horizon_72,sempo__server_a_day01_20260519_111959.sh
SEMPO/full_shot/tfb-re_europe_wind_signal_ECMWF_long_no_null__MT1V_reduced_38T_1V_power/horizon_72/sempo__server_a_day01_20260519_122851.sh,SEMPO,full_shot,tfb-re_europe_wind_signal_ECMWF_long_no_null__MT1V_reduced_38T_1V_power,horizon_72,sempo__server_a_day01_20260519_122851.sh
SEMPO/full_shot/tfb-re_europe_wind_signal_ECMWF_long_no_null__MT1V_reduced_38T_1V_power/horizon_72/sempo__server_a_day01_20260519_171557.sh,SEMPO,full_shot,tfb-re_europe_wind_signal_ECMWF_long_no_null__MT1V_reduced_38T_1V_power,horizon_72,sempo__server_a_day01_20260519_171557.sh
SEMPO/full_shot/tfb-re_europe_wind_signal_ECMWF_long_no_null__MT1V_reduced_38T_1V_power/horizon_72/sempo__server_a_day01_20260520_132941.sh,SEMPO,full_shot,tfb-re_europe_wind_signal_ECMWF_long_no_null__MT1V_reduced_38T_1V_power,horizon_72,sempo__server_a_day01_20260520_132941.sh
SEMPO/full_shot/tfb-scada_fault_10min_cleaned_numeric_only/horizon_12/sempo.sh,SEMPO,full_shot,tfb-scada_fault_10min_cleaned_numeric_only,horizon_12,sempo.sh
SEMPO/full_shot/tfb-scada_fault_10min_cleaned_numeric_only/horizon_144/sempo.sh,SEMPO,full_shot,tfb-scada_fault_10min_cleaned_numeric_only,horizon_144,sempo.sh
SEMPO/full_shot/tfb-scada_fault_10min_cleaned_numeric_only/horizon_24/sempo.sh,SEMPO,full_shot,tfb-scada_fault_10min_cleaned_numeric_only,horizon_24,sempo.sh
SEMPO/full_shot/tfb-scada_fault_10min_cleaned_numeric_only/horizon_72/sempo.sh,SEMPO,full_shot,tfb-scada_fault_10min_cleaned_numeric_only,horizon_72,sempo.sh
SEMPO/full_shot/tfb-sdwpf_245days_v1_final_final_cleaned/horizon_12/sempo.sh,SEMPO,full_shot,tfb-sdwpf_245days_v1_final_final_cleaned,horizon_12,sempo.sh
SEMPO/full_shot/tfb-sdwpf_245days_v1_final_final_cleaned/horizon_144/sempo.sh,SEMPO,full_shot,tfb-sdwpf_245days_v1_final_final_cleaned,horizon_144,sempo.sh
SEMPO/full_shot/tfb-sdwpf_245days_v1_final_final_cleaned/horizon_24/sempo.sh,SEMPO,full_shot,tfb-sdwpf_245days_v1_final_final_cleaned,horizon_24,sempo.sh
SEMPO/full_shot/tfb-sdwpf_245days_v1_final_final_cleaned/horizon_72/sempo.sh,SEMPO,full_shot,tfb-sdwpf_245days_v1_final_final_cleaned,horizon_72,sempo.sh
SEMPO/zero_shot/tfb-Kelmarsh_filtered_wide__MTMV_reduced_3V_Power_(kW)/zero_shot_all_horizons.sh,SEMPO,zero_shot,tfb-Kelmarsh_filtered_wide__MTMV_reduced_3V_Power_(kW),,zero_shot_all_horizons.sh
SEMPO/zero_shot/tfb-Penmanshiel_filtered_wide__MTMV_reduced_3V_Power_(kW)__quality_trim_201607_201608_202009_202010/horizon_12/zero_shot_all_horizons.sh,SEMPO,zero_shot,tfb-Penmanshiel_filtered_wide__MTMV_reduced_3V_Power_(kW)__quality_trim_201607_201608_202009_202010,horizon_12,zero_shot_all_horizons.sh
SEMPO/zero_shot/tfb-Penmanshiel_filtered_wide__MTMV_reduced_3V_Power_(kW)__quality_trim_201607_201608_202009_202010/horizon_144/zero_shot_all_horizons.sh,SEMPO,zero_shot,tfb-Penmanshiel_filtered_wide__MTMV_reduced_3V_Power_(kW)__quality_trim_201607_201608_202009_202010,horizon_144,zero_shot_all_horizons.sh
SEMPO/zero_shot/tfb-Penmanshiel_filtered_wide__MTMV_reduced_3V_Power_(kW)__quality_trim_201607_201608_202009_202010/horizon_24/zero_shot_all_horizons.sh,SEMPO,zero_shot,tfb-Penmanshiel_filtered_wide__MTMV_reduced_3V_Power_(kW)__quality_trim_201607_201608_202009_202010,horizon_24,zero_shot_all_horizons.sh
SEMPO/zero_shot/tfb-Penmanshiel_filtered_wide__MTMV_reduced_3V_Power_(kW)__quality_trim_201607_201608_202009_202010/horizon_72/zero_shot_all_horizons.sh,SEMPO,zero_shot,tfb-Penmanshiel_filtered_wide__MTMV_reduced_3V_Power_(kW)__quality_trim_201607_201608_202009_202010,horizon_72,zero_shot_all_horizons.sh
SEMPO/zero_shot/tfb-UEBB_panel_wide_filled__MTMV_reduced_3V_active_power_total/horizon_12/zero_shot_all_horizons.sh,SEMPO,zero_shot,tfb-UEBB_panel_wide_filled__MTMV_reduced_3V_active_power_total,horizon_12,zero_shot_all_horizons.sh
SEMPO/zero_shot/tfb-UEBB_panel_wide_filled__MTMV_reduced_3V_active_power_total/horizon_144/zero_shot_all_horizons.sh,SEMPO,zero_shot,tfb-UEBB_panel_wide_filled__MTMV_reduced_3V_active_power_total,horizon_144,zero_shot_all_horizons.sh
SEMPO/zero_shot/tfb-UEBB_panel_wide_filled__MTMV_reduced_3V_active_power_total/horizon_24/zero_shot_all_horizons.sh,SEMPO,zero_shot,tfb-UEBB_panel_wide_filled__MTMV_reduced_3V_active_power_total,horizon_24,zero_shot_all_horizons.sh
SEMPO/zero_shot/tfb-UEBB_panel_wide_filled__MTMV_reduced_3V_active_power_total/horizon_72/zero_shot_all_horizons.sh,SEMPO,zero_shot,tfb-UEBB_panel_wide_filled__MTMV_reduced_3V_active_power_total,horizon_72,zero_shot_all_horizons.sh
SEMPO/zero_shot/tfb-UEBB_panel_wide_filled__MTMV_reduced_3V_active_power_total/zero_shot_all_horizons.sh,SEMPO,zero_shot,tfb-UEBB_panel_wide_filled__MTMV_reduced_3V_active_power_total,,zero_shot_all_horizons.sh
SEMPO/zero_shot/tfb-UEPS_panel_wide_filled__MTMV_reduced_3V_active_power_total/horizon_12/zero_shot_all_horizons.sh,SEMPO,zero_shot,tfb-UEPS_panel_wide_filled__MTMV_reduced_3V_active_power_total,horizon_12,zero_shot_all_horizons.sh
SEMPO/zero_shot/tfb-UEPS_panel_wide_filled__MTMV_reduced_3V_active_power_total/horizon_144/zero_shot_all_horizons.sh,SEMPO,zero_shot,tfb-UEPS_panel_wide_filled__MTMV_reduced_3V_active_power_total,horizon_144,zero_shot_all_horizons.sh
SEMPO/zero_shot/tfb-UEPS_panel_wide_filled__MTMV_reduced_3V_active_power_total/horizon_24/zero_shot_all_horizons.sh,SEMPO,zero_shot,tfb-UEPS_panel_wide_filled__MTMV_reduced_3V_active_power_total,horizon_24,zero_shot_all_horizons.sh
SEMPO/zero_shot/tfb-UEPS_panel_wide_filled__MTMV_reduced_3V_active_power_total/horizon_72/zero_shot_all_horizons.sh,SEMPO,zero_shot,tfb-UEPS_panel_wide_filled__MTMV_reduced_3V_active_power_total,horizon_72,zero_shot_all_horizons.sh
SEMPO/zero_shot/tfb-UEPS_panel_wide_filled__MTMV_reduced_3V_active_power_total/zero_shot_all_horizons.sh,SEMPO,zero_shot,tfb-UEPS_panel_wide_filled__MTMV_reduced_3V_active_power_total,,zero_shot_all_horizons.sh
SEMPO/zero_shot/tfb-Wind farm site 1 (Nominal capacity-99MW)_final/horizon_12/zero_shot_all_horizons.sh,SEMPO,zero_shot,tfb-Wind farm site 1 (Nominal capacity-99MW)_final,horizon_12,zero_shot_all_horizons.sh
SEMPO/zero_shot/tfb-Wind farm site 1 (Nominal capacity-99MW)_final/horizon_144/zero_shot_all_horizons.sh,SEMPO,zero_shot,tfb-Wind farm site 1 (Nominal capacity-99MW)_final,horizon_144,zero_shot_all_horizons.sh
SEMPO/zero_shot/tfb-Wind farm site 1 (Nominal capacity-99MW)_final/horizon_24/zero_shot_all_horizons.sh,SEMPO,zero_shot,tfb-Wind farm site 1 (Nominal capacity-99MW)_final,horizon_24,zero_shot_all_horizons.sh
SEMPO/zero_shot/tfb-Wind farm site 1 (Nominal capacity-99MW)_final/horizon_72/zero_shot_all_horizons.sh,SEMPO,zero_shot,tfb-Wind farm site 1 (Nominal capacity-99MW)_final,horizon_72,zero_shot_all_horizons.sh
SEMPO/zero_shot/tfb-Wind farm site 2 (Nominal capacity-200MW)_final/horizon_12/zero_shot_all_horizons.sh,SEMPO,zero_shot,tfb-Wind farm site 2 (Nominal capacity-200MW)_final,horizon_12,zero_shot_all_horizons.sh
SEMPO/zero_shot/tfb-Wind farm site 2 (Nominal capacity-200MW)_final/horizon_144/zero_shot_all_horizons.sh,SEMPO,zero_shot,tfb-Wind farm site 2 (Nominal capacity-200MW)_final,horizon_144,zero_shot_all_horizons.sh
SEMPO/zero_shot/tfb-Wind farm site 2 (Nominal capacity-200MW)_final/horizon_24/zero_shot_all_horizons.sh,SEMPO,zero_shot,tfb-Wind farm site 2 (Nominal capacity-200MW)_final,horizon_24,zero_shot_all_horizons.sh
SEMPO/zero_shot/tfb-Wind farm site 2 (Nominal capacity-200MW)_final/horizon_72/zero_shot_all_horizons.sh,SEMPO,zero_shot,tfb-Wind farm site 2 (Nominal capacity-200MW)_final,horizon_72,zero_shot_all_horizons.sh
SEMPO/zero_shot/tfb-Wind farm site 3 (Nominal capacity-99MW)_final/horizon_12/zero_shot_all_horizons.sh,SEMPO,zero_shot,tfb-Wind farm site 3 (Nominal capacity-99MW)_final,horizon_12,zero_shot_all_horizons.sh
SEMPO/zero_shot/tfb-Wind farm site 3 (Nominal capacity-99MW)_final/horizon_144/zero_shot_all_horizons.sh,SEMPO,zero_shot,tfb-Wind farm site 3 (Nominal capacity-99MW)_final,horizon_144,zero_shot_all_horizons.sh
SEMPO/zero_shot/tfb-Wind farm site 3 (Nominal capacity-99MW)_final/horizon_24/zero_shot_all_horizons.sh,SEMPO,zero_shot,tfb-Wind farm site 3 (Nominal capacity-99MW)_final,horizon_24,zero_shot_all_horizons.sh
SEMPO/zero_shot/tfb-Wind farm site 3 (Nominal capacity-99MW)_final/horizon_72/zero_shot_all_horizons.sh,SEMPO,zero_shot,tfb-Wind farm site 3 (Nominal capacity-99MW)_final,horizon_72,zero_shot_all_horizons.sh
SEMPO/zero_shot/tfb-Wind farm site 4 (Nominal capacity-66MW)_final/horizon_12/zero_shot_all_horizons.sh,SEMPO,zero_shot,tfb-Wind farm site 4 (Nominal capacity-66MW)_final,horizon_12,zero_shot_all_horizons.sh
SEMPO/zero_shot/tfb-Wind farm site 4 (Nominal capacity-66MW)_final/horizon_144/zero_shot_all_horizons.sh,SEMPO,zero_shot,tfb-Wind farm site 4 (Nominal capacity-66MW)_final,horizon_144,zero_shot_all_horizons.sh
SEMPO/zero_shot/tfb-Wind farm site 4 (Nominal capacity-66MW)_final/horizon_24/zero_shot_all_horizons.sh,SEMPO,zero_shot,tfb-Wind farm site 4 (Nominal capacity-66MW)_final,horizon_24,zero_shot_all_horizons.sh
SEMPO/zero_shot/tfb-Wind farm site 4 (Nominal capacity-66MW)_final/horizon_72/zero_shot_all_horizons.sh,SEMPO,zero_shot,tfb-Wind farm site 4 (Nominal capacity-66MW)_final,horizon_72,zero_shot_all_horizons.sh
SEMPO/zero_shot/tfb-Wind farm site 6 (Nominal capacity-96MW)_final/horizon_12/zero_shot_all_horizons.sh,SEMPO,zero_shot,tfb-Wind farm site 6 (Nominal capacity-96MW)_final,horizon_12,zero_shot_all_horizons.sh
SEMPO/zero_shot/tfb-Wind farm site 6 (Nominal capacity-96MW)_final/horizon_144/zero_shot_all_horizons.sh,SEMPO,zero_shot,tfb-Wind farm site 6 (Nominal capacity-96MW)_final,horizon_144,zero_shot_all_horizons.sh
SEMPO/zero_shot/tfb-Wind farm site 6 (Nominal capacity-96MW)_final/horizon_24/zero_shot_all_horizons.sh,SEMPO,zero_shot,tfb-Wind farm site 6 (Nominal capacity-96MW)_final,horizon_24,zero_shot_all_horizons.sh
SEMPO/zero_shot/tfb-Wind farm site 6 (Nominal capacity-96MW)_final/horizon_72/zero_shot_all_horizons.sh,SEMPO,zero_shot,tfb-Wind farm site 6 (Nominal capacity-96MW)_final,horizon_72,zero_shot_all_horizons.sh
SEMPO/zero_shot/tfb-Wind_Farm_A_filtered_wide_long_fixed__1T1V_reduced_1T_1V_windpower/horizon_12/zero_shot_all_horizons.sh,SEMPO,zero_shot,tfb-Wind_Farm_A_filtered_wide_long_fixed__1T1V_reduced_1T_1V_windpower,horizon_12,zero_shot_all_horizons.sh
SEMPO/zero_shot/tfb-Wind_Farm_A_filtered_wide_long_fixed__1T1V_reduced_1T_1V_windpower/horizon_144/zero_shot_all_horizons.sh,SEMPO,zero_shot,tfb-Wind_Farm_A_filtered_wide_long_fixed__1T1V_reduced_1T_1V_windpower,horizon_144,zero_shot_all_horizons.sh
SEMPO/zero_shot/tfb-Wind_Farm_A_filtered_wide_long_fixed__1T1V_reduced_1T_1V_windpower/horizon_24/zero_shot_all_horizons.sh,SEMPO,zero_shot,tfb-Wind_Farm_A_filtered_wide_long_fixed__1T1V_reduced_1T_1V_windpower,horizon_24,zero_shot_all_horizons.sh
SEMPO/zero_shot/tfb-Wind_Farm_A_filtered_wide_long_fixed__1T1V_reduced_1T_1V_windpower/horizon_72/zero_shot_all_horizons.sh,SEMPO,zero_shot,tfb-Wind_Farm_A_filtered_wide_long_fixed__1T1V_reduced_1T_1V_windpower,horizon_72,zero_shot_all_horizons.sh
SEMPO/zero_shot/tfb-Wind_Farm_B_filtered_wide_long_fixed__1T1V_reduced_1T_1V_windpower/horizon_12/zero_shot_all_horizons.sh,SEMPO,zero_shot,tfb-Wind_Farm_B_filtered_wide_long_fixed__1T1V_reduced_1T_1V_windpower,horizon_12,zero_shot_all_horizons.sh
SEMPO/zero_shot/tfb-Wind_Farm_B_filtered_wide_long_fixed__1T1V_reduced_1T_1V_windpower/horizon_144/zero_shot_all_horizons.sh,SEMPO,zero_shot,tfb-Wind_Farm_B_filtered_wide_long_fixed__1T1V_reduced_1T_1V_windpower,horizon_144,zero_shot_all_horizons.sh
SEMPO/zero_shot/tfb-Wind_Farm_B_filtered_wide_long_fixed__1T1V_reduced_1T_1V_windpower/horizon_24/zero_shot_all_horizons.sh,SEMPO,zero_shot,tfb-Wind_Farm_B_filtered_wide_long_fixed__1T1V_reduced_1T_1V_windpower,horizon_24,zero_shot_all_horizons.sh
SEMPO/zero_shot/tfb-Wind_Farm_B_filtered_wide_long_fixed__1T1V_reduced_1T_1V_windpower/horizon_72/zero_shot_all_horizons.sh,SEMPO,zero_shot,tfb-Wind_Farm_B_filtered_wide_long_fixed__1T1V_reduced_1T_1V_windpower,horizon_72,zero_shot_all_horizons.sh
SEMPO/zero_shot/tfb-Wind_Farm_C_filtered_wide_long_fixed__MT1V_reduced_1V_windpower/horizon_12/zero_shot_all_horizons.sh,SEMPO,zero_shot,tfb-Wind_Farm_C_filtered_wide_long_fixed__MT1V_reduced_1V_windpower,horizon_12,zero_shot_all_horizons.sh
SEMPO/zero_shot/tfb-Wind_Farm_C_filtered_wide_long_fixed__MT1V_reduced_1V_windpower/horizon_144/zero_shot_all_horizons.sh,SEMPO,zero_shot,tfb-Wind_Farm_C_filtered_wide_long_fixed__MT1V_reduced_1V_windpower,horizon_144,zero_shot_all_horizons.sh
SEMPO/zero_shot/tfb-Wind_Farm_C_filtered_wide_long_fixed__MT1V_reduced_1V_windpower/horizon_24/zero_shot_all_horizons.sh,SEMPO,zero_shot,tfb-Wind_Farm_C_filtered_wide_long_fixed__MT1V_reduced_1V_windpower,horizon_24,zero_shot_all_horizons.sh
SEMPO/zero_shot/tfb-Wind_Farm_C_filtered_wide_long_fixed__MT1V_reduced_1V_windpower/horizon_72/zero_shot_all_horizons.sh,SEMPO,zero_shot,tfb-Wind_Farm_C_filtered_wide_long_fixed__MT1V_reduced_1V_windpower,horizon_72,zero_shot_all_horizons.sh
SEMPO/zero_shot/tfb-Yalova_final_ready/zero_shot__q3_0785_yalova_SEMPO_zero_shot.sh,SEMPO,zero_shot,tfb-Yalova_final_ready,,zero_shot__q3_0785_yalova_SEMPO_zero_shot.sh
SEMPO/zero_shot/tfb-Yalova_final_ready/zero_shot_all_horizons.sh,SEMPO,zero_shot,tfb-Yalova_final_ready,,zero_shot_all_horizons.sh
SEMPO/zero_shot/tfb-aemo/zero_shot_all_horizons.sh,SEMPO,zero_shot,tfb-aemo,,zero_shot_all_horizons.sh
SEMPO/zero_shot/tfb-chalmers_merged_processed_data_fixed_combined__1T1V_reduced_1min_1T_1V_power/horizon_12/zero_shot_all_horizons.sh,SEMPO,zero_shot,tfb-chalmers_merged_processed_data_fixed_combined__1T1V_reduced_1min_1T_1V_power,horizon_12,zero_shot_all_horizons.sh
SEMPO/zero_shot/tfb-chalmers_merged_processed_data_fixed_combined__1T1V_reduced_1min_1T_1V_power/horizon_144/zero_shot_all_horizons.sh,SEMPO,zero_shot,tfb-chalmers_merged_processed_data_fixed_combined__1T1V_reduced_1min_1T_1V_power,horizon_144,zero_shot_all_horizons.sh
SEMPO/zero_shot/tfb-chalmers_merged_processed_data_fixed_combined__1T1V_reduced_1min_1T_1V_power/horizon_24/zero_shot_all_horizons.sh,SEMPO,zero_shot,tfb-chalmers_merged_processed_data_fixed_combined__1T1V_reduced_1min_1T_1V_power,horizon_24,zero_shot_all_horizons.sh
SEMPO/zero_shot/tfb-chalmers_merged_processed_data_fixed_combined__1T1V_reduced_1min_1T_1V_power/horizon_72/zero_shot_all_horizons.sh,SEMPO,zero_shot,tfb-chalmers_merged_processed_data_fixed_combined__1T1V_reduced_1min_1T_1V_power,horizon_72,zero_shot_all_horizons.sh
SEMPO/zero_shot/tfb-gefcom2012/horizon_12/zero_shot_all_horizons.sh,SEMPO,zero_shot,tfb-gefcom2012,horizon_12,zero_shot_all_horizons.sh
SEMPO/zero_shot/tfb-gefcom2012/horizon_144/zero_shot_all_horizons.sh,SEMPO,zero_shot,tfb-gefcom2012,horizon_144,zero_shot_all_horizons.sh
SEMPO/zero_shot/tfb-gefcom2012/horizon_24/zero_shot_all_horizons.sh,SEMPO,zero_shot,tfb-gefcom2012,horizon_24,zero_shot_all_horizons.sh
SEMPO/zero_shot/tfb-gefcom2012/horizon_72/zero_shot_all_horizons.sh,SEMPO,zero_shot,tfb-gefcom2012,horizon_72,zero_shot_all_horizons.sh
SEMPO/zero_shot/tfb-gefcom2014/horizon_12/zero_shot_all_horizons.sh,SEMPO,zero_shot,tfb-gefcom2014,horizon_12,zero_shot_all_horizons.sh
SEMPO/zero_shot/tfb-gefcom2014/horizon_144/zero_shot_all_horizons.sh,SEMPO,zero_shot,tfb-gefcom2014,horizon_144,zero_shot_all_horizons.sh
SEMPO/zero_shot/tfb-gefcom2014/horizon_24/zero_shot_all_horizons.sh,SEMPO,zero_shot,tfb-gefcom2014,horizon_24,zero_shot_all_horizons.sh
SEMPO/zero_shot/tfb-gefcom2014/horizon_72/zero_shot_all_horizons.sh,SEMPO,zero_shot,tfb-gefcom2014,horizon_72,zero_shot_all_horizons.sh
SEMPO/zero_shot/tfb-kaggle1_final_benchmark_v3_ready_no_turbinestatus/horizon_12/zero_shot_all_horizons.sh,SEMPO,zero_shot,tfb-kaggle1_final_benchmark_v3_ready_no_turbinestatus,horizon_12,zero_shot_all_horizons.sh
SEMPO/zero_shot/tfb-kaggle1_final_benchmark_v3_ready_no_turbinestatus/horizon_144/zero_shot_all_horizons.sh,SEMPO,zero_shot,tfb-kaggle1_final_benchmark_v3_ready_no_turbinestatus,horizon_144,zero_shot_all_horizons.sh
SEMPO/zero_shot/tfb-kaggle1_final_benchmark_v3_ready_no_turbinestatus/horizon_24/zero_shot_all_horizons.sh,SEMPO,zero_shot,tfb-kaggle1_final_benchmark_v3_ready_no_turbinestatus,horizon_24,zero_shot_all_horizons.sh
SEMPO/zero_shot/tfb-kaggle1_final_benchmark_v3_ready_no_turbinestatus/horizon_72/zero_shot_all_horizons.sh,SEMPO,zero_shot,tfb-kaggle1_final_benchmark_v3_ready_no_turbinestatus,horizon_72,zero_shot_all_horizons.sh
SEMPO/zero_shot/tfb-maelstrom_turbine_1_univariate/horizon_12/zero_shot_all_horizons.sh,SEMPO,zero_shot,tfb-maelstrom_turbine_1_univariate,horizon_12,zero_shot_all_horizons.sh
SEMPO/zero_shot/tfb-maelstrom_turbine_1_univariate/horizon_144/zero_shot_all_horizons.sh,SEMPO,zero_shot,tfb-maelstrom_turbine_1_univariate,horizon_144,zero_shot_all_horizons.sh
SEMPO/zero_shot/tfb-maelstrom_turbine_1_univariate/horizon_24/zero_shot_all_horizons.sh,SEMPO,zero_shot,tfb-maelstrom_turbine_1_univariate,horizon_24,zero_shot_all_horizons.sh
SEMPO/zero_shot/tfb-maelstrom_turbine_1_univariate/horizon_72/zero_shot_all_horizons.sh,SEMPO,zero_shot,tfb-maelstrom_turbine_1_univariate,horizon_72,zero_shot_all_horizons.sh
SEMPO/zero_shot/tfb-maelstrom_turbine_2_univariate/horizon_12/zero_shot_all_horizons.sh,SEMPO,zero_shot,tfb-maelstrom_turbine_2_univariate,horizon_12,zero_shot_all_horizons.sh
SEMPO/zero_shot/tfb-maelstrom_turbine_2_univariate/horizon_144/zero_shot_all_horizons.sh,SEMPO,zero_shot,tfb-maelstrom_turbine_2_univariate,horizon_144,zero_shot_all_horizons.sh
SEMPO/zero_shot/tfb-maelstrom_turbine_2_univariate/horizon_24/zero_shot_all_horizons.sh,SEMPO,zero_shot,tfb-maelstrom_turbine_2_univariate,horizon_24,zero_shot_all_horizons.sh
SEMPO/zero_shot/tfb-maelstrom_turbine_2_univariate/horizon_72/zero_shot_all_horizons.sh,SEMPO,zero_shot,tfb-maelstrom_turbine_2_univariate,horizon_72,zero_shot_all_horizons.sh
SEMPO/zero_shot/tfb-maelstrom_turbine_3_univariate/horizon_12/zero_shot_all_horizons.sh,SEMPO,zero_shot,tfb-maelstrom_turbine_3_univariate,horizon_12,zero_shot_all_horizons.sh
SEMPO/zero_shot/tfb-maelstrom_turbine_3_univariate/horizon_144/zero_shot_all_horizons.sh,SEMPO,zero_shot,tfb-maelstrom_turbine_3_univariate,horizon_144,zero_shot_all_horizons.sh
SEMPO/zero_shot/tfb-maelstrom_turbine_3_univariate/horizon_24/zero_shot_all_horizons.sh,SEMPO,zero_shot,tfb-maelstrom_turbine_3_univariate,horizon_24,zero_shot_all_horizons.sh
SEMPO/zero_shot/tfb-maelstrom_turbine_3_univariate/horizon_72/zero_shot_all_horizons.sh,SEMPO,zero_shot,tfb-maelstrom_turbine_3_univariate,horizon_72,zero_shot_all_horizons.sh
SEMPO/zero_shot/tfb-maelstrom_turbine_4_univariate/horizon_12/zero_shot_all_horizons.sh,SEMPO,zero_shot,tfb-maelstrom_turbine_4_univariate,horizon_12,zero_shot_all_horizons.sh
SEMPO/zero_shot/tfb-maelstrom_turbine_4_univariate/horizon_144/zero_shot_all_horizons.sh,SEMPO,zero_shot,tfb-maelstrom_turbine_4_univariate,horizon_144,zero_shot_all_horizons.sh
SEMPO/zero_shot/tfb-maelstrom_turbine_4_univariate/horizon_24/zero_shot_all_horizons.sh,SEMPO,zero_shot,tfb-maelstrom_turbine_4_univariate,horizon_24,zero_shot_all_horizons.sh
SEMPO/zero_shot/tfb-maelstrom_turbine_4_univariate/horizon_72/zero_shot_all_horizons.sh,SEMPO,zero_shot,tfb-maelstrom_turbine_4_univariate,horizon_72,zero_shot_all_horizons.sh
SEMPO/zero_shot/tfb-re_europe_wind_signal_COSMO_long_no_null__MT1V_reduced_38T_1V_power/zero_shot_all_horizons.sh,SEMPO,zero_shot,tfb-re_europe_wind_signal_COSMO_long_no_null__MT1V_reduced_38T_1V_power,,zero_shot_all_horizons.sh
SEMPO/zero_shot/tfb-re_europe_wind_signal_ECMWF_long_no_null__MT1V_reduced_38T_1V_power/zero_shot_all_horizons.sh,SEMPO,zero_shot,tfb-re_europe_wind_signal_ECMWF_long_no_null__MT1V_reduced_38T_1V_power,,zero_shot_all_horizons.sh
SEMPO/zero_shot/tfb-scada_fault_10min_cleaned_numeric_only/horizon_12/zero_shot_all_horizons.sh,SEMPO,zero_shot,tfb-scada_fault_10min_cleaned_numeric_only,horizon_12,zero_shot_all_horizons.sh
SEMPO/zero_shot/tfb-scada_fault_10min_cleaned_numeric_only/horizon_144/zero_shot_all_horizons.sh,SEMPO,zero_shot,tfb-scada_fault_10min_cleaned_numeric_only,horizon_144,zero_shot_all_horizons.sh
SEMPO/zero_shot/tfb-scada_fault_10min_cleaned_numeric_only/horizon_24/zero_shot_all_horizons.sh,SEMPO,zero_shot,tfb-scada_fault_10min_cleaned_numeric_only,horizon_24,zero_shot_all_horizons.sh
SEMPO/zero_shot/tfb-scada_fault_10min_cleaned_numeric_only/horizon_72/zero_shot_all_horizons.sh,SEMPO,zero_shot,tfb-scada_fault_10min_cleaned_numeric_only,horizon_72,zero_shot_all_horizons.sh
SEMPO/zero_shot/tfb-sdwpf_245days_v1_final_final_cleaned/zero_shot_all_horizons.sh,SEMPO,zero_shot,tfb-sdwpf_245days_v1_final_final_cleaned,,zero_shot_all_horizons.sh
STDN/hpo/tfb-Kelmarsh_filtered_wide__MTMV_reduced_3V_Power_(kW)/horizon_12/stdn.sh,STDN,hpo,tfb-Kelmarsh_filtered_wide__MTMV_reduced_3V_Power_(kW),horizon_12,stdn.sh
STDN/hpo/tfb-Kelmarsh_filtered_wide__MTMV_reduced_3V_Power_(kW)/horizon_144/stdn__icde_missing_all_sheets_day21_stdn_small_retry_20260601_20260604_065204.sh,STDN,hpo,tfb-Kelmarsh_filtered_wide__MTMV_reduced_3V_Power_(kW),horizon_144,stdn__icde_missing_all_sheets_day21_stdn_small_retry_20260601_20260604_065204.sh
STDN/hpo/tfb-Kelmarsh_filtered_wide__MTMV_reduced_3V_Power_(kW)/horizon_144/stdn__icde_missing_all_sheets_day21_stdn_small_retry_20260601_20260605_173501.sh,STDN,hpo,tfb-Kelmarsh_filtered_wide__MTMV_reduced_3V_Power_(kW),horizon_144,stdn__icde_missing_all_sheets_day21_stdn_small_retry_20260601_20260605_173501.sh
STDN/hpo/tfb-Kelmarsh_filtered_wide__MTMV_reduced_3V_Power_(kW)/horizon_24/stdn__icde_missing_all_sheets_day21_stdn_small_retry_20260601_20260604_065204.sh,STDN,hpo,tfb-Kelmarsh_filtered_wide__MTMV_reduced_3V_Power_(kW),horizon_24,stdn__icde_missing_all_sheets_day21_stdn_small_retry_20260601_20260604_065204.sh
STDN/hpo/tfb-Kelmarsh_filtered_wide__MTMV_reduced_3V_Power_(kW)/horizon_24/stdn__icde_missing_all_sheets_day21_stdn_small_retry_20260601_20260605_173501.sh,STDN,hpo,tfb-Kelmarsh_filtered_wide__MTMV_reduced_3V_Power_(kW),horizon_24,stdn__icde_missing_all_sheets_day21_stdn_small_retry_20260601_20260605_173501.sh
STDN/hpo/tfb-Kelmarsh_filtered_wide__MTMV_reduced_3V_Power_(kW)/horizon_72/stdn__icde_missing_all_sheets_day21_stdn_small_retry_20260601_20260604_065204.sh,STDN,hpo,tfb-Kelmarsh_filtered_wide__MTMV_reduced_3V_Power_(kW),horizon_72,stdn__icde_missing_all_sheets_day21_stdn_small_retry_20260601_20260604_065204.sh
STDN/hpo/tfb-Kelmarsh_filtered_wide__MTMV_reduced_3V_Power_(kW)/horizon_72/stdn__icde_missing_all_sheets_day21_stdn_small_retry_20260601_20260605_173501.sh,STDN,hpo,tfb-Kelmarsh_filtered_wide__MTMV_reduced_3V_Power_(kW),horizon_72,stdn__icde_missing_all_sheets_day21_stdn_small_retry_20260601_20260605_173501.sh
STDN/hpo/tfb-Penmanshiel_filtered_wide__MTMV_reduced_3V_Power_(kW)__quality_trim_201607_201608_202009_202010/horizon_12/stdn.sh,STDN,hpo,tfb-Penmanshiel_filtered_wide__MTMV_reduced_3V_Power_(kW)__quality_trim_201607_201608_202009_202010,horizon_12,stdn.sh
STDN/hpo/tfb-Penmanshiel_filtered_wide__MTMV_reduced_3V_Power_(kW)__quality_trim_201607_201608_202009_202010/horizon_12/stdn__icde_missing_all_sheets_day21_stdn_small_retry_20260601_20260604_065204.sh,STDN,hpo,tfb-Penmanshiel_filtered_wide__MTMV_reduced_3V_Power_(kW)__quality_trim_201607_201608_202009_202010,horizon_12,stdn__icde_missing_all_sheets_day21_stdn_small_retry_20260601_20260604_065204.sh
STDN/hpo/tfb-Penmanshiel_filtered_wide__MTMV_reduced_3V_Power_(kW)__quality_trim_201607_201608_202009_202010/horizon_12/stdn__icde_missing_all_sheets_day21_stdn_small_retry_20260601_20260605_173501.sh,STDN,hpo,tfb-Penmanshiel_filtered_wide__MTMV_reduced_3V_Power_(kW)__quality_trim_201607_201608_202009_202010,horizon_12,stdn__icde_missing_all_sheets_day21_stdn_small_retry_20260601_20260605_173501.sh
STDN/hpo/tfb-Penmanshiel_filtered_wide__MTMV_reduced_3V_Power_(kW)__quality_trim_201607_201608_202009_202010/horizon_144/stdn__icde_missing_all_sheets_day21_stdn_small_retry_20260601_20260604_065204.sh,STDN,hpo,tfb-Penmanshiel_filtered_wide__MTMV_reduced_3V_Power_(kW)__quality_trim_201607_201608_202009_202010,horizon_144,stdn__icde_missing_all_sheets_day21_stdn_small_retry_20260601_20260604_065204.sh
STDN/hpo/tfb-Penmanshiel_filtered_wide__MTMV_reduced_3V_Power_(kW)__quality_trim_201607_201608_202009_202010/horizon_144/stdn__icde_missing_all_sheets_day21_stdn_small_retry_20260601_20260605_173501.sh,STDN,hpo,tfb-Penmanshiel_filtered_wide__MTMV_reduced_3V_Power_(kW)__quality_trim_201607_201608_202009_202010,horizon_144,stdn__icde_missing_all_sheets_day21_stdn_small_retry_20260601_20260605_173501.sh
STDN/hpo/tfb-Penmanshiel_filtered_wide__MTMV_reduced_3V_Power_(kW)__quality_trim_201607_201608_202009_202010/horizon_24/stdn__icde_missing_all_sheets_day21_stdn_small_retry_20260601_20260604_065204.sh,STDN,hpo,tfb-Penmanshiel_filtered_wide__MTMV_reduced_3V_Power_(kW)__quality_trim_201607_201608_202009_202010,horizon_24,stdn__icde_missing_all_sheets_day21_stdn_small_retry_20260601_20260604_065204.sh
STDN/hpo/tfb-Penmanshiel_filtered_wide__MTMV_reduced_3V_Power_(kW)__quality_trim_201607_201608_202009_202010/horizon_24/stdn__icde_missing_all_sheets_day21_stdn_small_retry_20260601_20260605_173501.sh,STDN,hpo,tfb-Penmanshiel_filtered_wide__MTMV_reduced_3V_Power_(kW)__quality_trim_201607_201608_202009_202010,horizon_24,stdn__icde_missing_all_sheets_day21_stdn_small_retry_20260601_20260605_173501.sh
STDN/hpo/tfb-Penmanshiel_filtered_wide__MTMV_reduced_3V_Power_(kW)__quality_trim_201607_201608_202009_202010/horizon_72/stdn__icde_missing_all_sheets_day21_stdn_small_retry_20260601_20260604_065204.sh,STDN,hpo,tfb-Penmanshiel_filtered_wide__MTMV_reduced_3V_Power_(kW)__quality_trim_201607_201608_202009_202010,horizon_72,stdn__icde_missing_all_sheets_day21_stdn_small_retry_20260601_20260604_065204.sh
STDN/hpo/tfb-Penmanshiel_filtered_wide__MTMV_reduced_3V_Power_(kW)__quality_trim_201607_201608_202009_202010/horizon_72/stdn__icde_missing_all_sheets_day21_stdn_small_retry_20260601_20260605_173501.sh,STDN,hpo,tfb-Penmanshiel_filtered_wide__MTMV_reduced_3V_Power_(kW)__quality_trim_201607_201608_202009_202010,horizon_72,stdn__icde_missing_all_sheets_day21_stdn_small_retry_20260601_20260605_173501.sh
STDN/hpo/tfb-UEBB_panel_wide_filled__MTMV_reduced_3V_active_power_total/horizon_12/stdn.sh,STDN,hpo,tfb-UEBB_panel_wide_filled__MTMV_reduced_3V_active_power_total,horizon_12,stdn.sh
STDN/hpo/tfb-UEBB_panel_wide_filled__MTMV_reduced_3V_active_power_total/horizon_144/stdn.sh,STDN,hpo,tfb-UEBB_panel_wide_filled__MTMV_reduced_3V_active_power_total,horizon_144,stdn.sh
STDN/hpo/tfb-UEBB_panel_wide_filled__MTMV_reduced_3V_active_power_total/horizon_24/stdn.sh,STDN,hpo,tfb-UEBB_panel_wide_filled__MTMV_reduced_3V_active_power_total,horizon_24,stdn.sh
STDN/hpo/tfb-UEBB_panel_wide_filled__MTMV_reduced_3V_active_power_total/horizon_72/stdn.sh,STDN,hpo,tfb-UEBB_panel_wide_filled__MTMV_reduced_3V_active_power_total,horizon_72,stdn.sh
STDN/hpo/tfb-UEPS_panel_wide_filled__MTMV_reduced_3V_active_power_total/horizon_12/stdn.sh,STDN,hpo,tfb-UEPS_panel_wide_filled__MTMV_reduced_3V_active_power_total,horizon_12,stdn.sh
STDN/hpo/tfb-UEPS_panel_wide_filled__MTMV_reduced_3V_active_power_total/horizon_144/stdn.sh,STDN,hpo,tfb-UEPS_panel_wide_filled__MTMV_reduced_3V_active_power_total,horizon_144,stdn.sh
STDN/hpo/tfb-UEPS_panel_wide_filled__MTMV_reduced_3V_active_power_total/horizon_24/stdn.sh,STDN,hpo,tfb-UEPS_panel_wide_filled__MTMV_reduced_3V_active_power_total,horizon_24,stdn.sh
STDN/hpo/tfb-UEPS_panel_wide_filled__MTMV_reduced_3V_active_power_total/horizon_72/stdn.sh,STDN,hpo,tfb-UEPS_panel_wide_filled__MTMV_reduced_3V_active_power_total,horizon_72,stdn.sh
STDN/hpo/tfb-Wind_Farm_C_filtered_wide_long_fixed__MT1V_reduced_1V_windpower/horizon_12/stdn.sh,STDN,hpo,tfb-Wind_Farm_C_filtered_wide_long_fixed__MT1V_reduced_1V_windpower,horizon_12,stdn.sh
STDN/hpo/tfb-Wind_Farm_C_filtered_wide_long_fixed__MT1V_reduced_1V_windpower/horizon_144/stdn.sh,STDN,hpo,tfb-Wind_Farm_C_filtered_wide_long_fixed__MT1V_reduced_1V_windpower,horizon_144,stdn.sh
STDN/hpo/tfb-Wind_Farm_C_filtered_wide_long_fixed__MT1V_reduced_1V_windpower/horizon_24/stdn.sh,STDN,hpo,tfb-Wind_Farm_C_filtered_wide_long_fixed__MT1V_reduced_1V_windpower,horizon_24,stdn.sh
STDN/hpo/tfb-Wind_Farm_C_filtered_wide_long_fixed__MT1V_reduced_1V_windpower/horizon_72/stdn.sh,STDN,hpo,tfb-Wind_Farm_C_filtered_wide_long_fixed__MT1V_reduced_1V_windpower,horizon_72,stdn.sh
STDN/hpo/tfb-aemo/horizon_12/stdn.sh,STDN,hpo,tfb-aemo,horizon_12,stdn.sh
STDN/hpo/tfb-aemo/horizon_144/stdn__icde_missing_all_sheets_day21_stdn_small_retry_20260601_20260604_065204.sh,STDN,hpo,tfb-aemo,horizon_144,stdn__icde_missing_all_sheets_day21_stdn_small_retry_20260601_20260604_065204.sh
STDN/hpo/tfb-aemo/horizon_144/stdn__icde_missing_all_sheets_day21_stdn_small_retry_20260601_20260605_173501.sh,STDN,hpo,tfb-aemo,horizon_144,stdn__icde_missing_all_sheets_day21_stdn_small_retry_20260601_20260605_173501.sh
STDN/hpo/tfb-aemo/horizon_24/stdn.sh,STDN,hpo,tfb-aemo,horizon_24,stdn.sh
STDN/hpo/tfb-aemo/horizon_72/stdn.sh,STDN,hpo,tfb-aemo,horizon_72,stdn.sh
STDN/hpo/tfb-gefcom2012/horizon_12/stdn.sh,STDN,hpo,tfb-gefcom2012,horizon_12,stdn.sh
STDN/hpo/tfb-gefcom2012/horizon_144/stdn.sh,STDN,hpo,tfb-gefcom2012,horizon_144,stdn.sh
STDN/hpo/tfb-gefcom2012/horizon_24/stdn.sh,STDN,hpo,tfb-gefcom2012,horizon_24,stdn.sh
STDN/hpo/tfb-gefcom2012/horizon_72/stdn.sh,STDN,hpo,tfb-gefcom2012,horizon_72,stdn.sh
STDN/hpo/tfb-gefcom2014/horizon_12/stdn.sh,STDN,hpo,tfb-gefcom2014,horizon_12,stdn.sh
STDN/hpo/tfb-gefcom2014/horizon_144/stdn.sh,STDN,hpo,tfb-gefcom2014,horizon_144,stdn.sh
STDN/hpo/tfb-gefcom2014/horizon_24/stdn.sh,STDN,hpo,tfb-gefcom2014,horizon_24,stdn.sh
STDN/hpo/tfb-gefcom2014/horizon_72/stdn.sh,STDN,hpo,tfb-gefcom2014,horizon_72,stdn.sh
STDN/hpo/tfb-re_europe_wind_signal_COSMO_long_no_null__MT1V_reduced_38T_1V_power/horizon_12/stdn.sh,STDN,hpo,tfb-re_europe_wind_signal_COSMO_long_no_null__MT1V_reduced_38T_1V_power,horizon_12,stdn.sh
STDN/hpo/tfb-re_europe_wind_signal_COSMO_long_no_null__MT1V_reduced_38T_1V_power/horizon_144/stdn.sh,STDN,hpo,tfb-re_europe_wind_signal_COSMO_long_no_null__MT1V_reduced_38T_1V_power,horizon_144,stdn.sh
STDN/hpo/tfb-re_europe_wind_signal_COSMO_long_no_null__MT1V_reduced_38T_1V_power/horizon_24/stdn.sh,STDN,hpo,tfb-re_europe_wind_signal_COSMO_long_no_null__MT1V_reduced_38T_1V_power,horizon_24,stdn.sh
STDN/hpo/tfb-re_europe_wind_signal_COSMO_long_no_null__MT1V_reduced_38T_1V_power/horizon_72/stdn.sh,STDN,hpo,tfb-re_europe_wind_signal_COSMO_long_no_null__MT1V_reduced_38T_1V_power,horizon_72,stdn.sh
STDN/hpo/tfb-re_europe_wind_signal_ECMWF_long_no_null__MT1V_reduced_38T_1V_power/horizon_12/stdn.sh,STDN,hpo,tfb-re_europe_wind_signal_ECMWF_long_no_null__MT1V_reduced_38T_1V_power,horizon_12,stdn.sh
STDN/hpo/tfb-re_europe_wind_signal_ECMWF_long_no_null__MT1V_reduced_38T_1V_power/horizon_144/stdn.sh,STDN,hpo,tfb-re_europe_wind_signal_ECMWF_long_no_null__MT1V_reduced_38T_1V_power,horizon_144,stdn.sh
STDN/hpo/tfb-re_europe_wind_signal_ECMWF_long_no_null__MT1V_reduced_38T_1V_power/horizon_24/stdn.sh,STDN,hpo,tfb-re_europe_wind_signal_ECMWF_long_no_null__MT1V_reduced_38T_1V_power,horizon_24,stdn.sh
STDN/hpo/tfb-re_europe_wind_signal_ECMWF_long_no_null__MT1V_reduced_38T_1V_power/horizon_72/stdn.sh,STDN,hpo,tfb-re_europe_wind_signal_ECMWF_long_no_null__MT1V_reduced_38T_1V_power,horizon_72,stdn.sh
STDN/hpo/tfb-sdwpf_245days_v1_final_final_cleaned/horizon_12/stdn.sh,STDN,hpo,tfb-sdwpf_245days_v1_final_final_cleaned,horizon_12,stdn.sh
STDN/hpo/tfb-sdwpf_245days_v1_final_final_cleaned/horizon_144/stdn.sh,STDN,hpo,tfb-sdwpf_245days_v1_final_final_cleaned,horizon_144,stdn.sh
STDN/hpo/tfb-sdwpf_245days_v1_final_final_cleaned/horizon_24/stdn.sh,STDN,hpo,tfb-sdwpf_245days_v1_final_final_cleaned,horizon_24,stdn.sh
STDN/hpo/tfb-sdwpf_245days_v1_final_final_cleaned/horizon_72/stdn.sh,STDN,hpo,tfb-sdwpf_245days_v1_final_final_cleaned,horizon_72,stdn.sh
STID/hpo/tfb-Kelmarsh_filtered_wide__MTMV_reduced_3V_Power_(kW)/horizon_12/stid.sh,STID,hpo,tfb-Kelmarsh_filtered_wide__MTMV_reduced_3V_Power_(kW),horizon_12,stid.sh
STID/hpo/tfb-Kelmarsh_filtered_wide__MTMV_reduced_3V_Power_(kW)/horizon_144/stid.sh,STID,hpo,tfb-Kelmarsh_filtered_wide__MTMV_reduced_3V_Power_(kW),horizon_144,stid.sh
STID/hpo/tfb-Kelmarsh_filtered_wide__MTMV_reduced_3V_Power_(kW)/horizon_24/stid.sh,STID,hpo,tfb-Kelmarsh_filtered_wide__MTMV_reduced_3V_Power_(kW),horizon_24,stid.sh
STID/hpo/tfb-Kelmarsh_filtered_wide__MTMV_reduced_3V_Power_(kW)/horizon_72/stid.sh,STID,hpo,tfb-Kelmarsh_filtered_wide__MTMV_reduced_3V_Power_(kW),horizon_72,stid.sh
STID/hpo/tfb-Penmanshiel_filtered_wide__MTMV_reduced_3V_Power_(kW)__quality_trim_201607_201608_202009_202010/horizon_12/stid.sh,STID,hpo,tfb-Penmanshiel_filtered_wide__MTMV_reduced_3V_Power_(kW)__quality_trim_201607_201608_202009_202010,horizon_12,stid.sh
STID/hpo/tfb-Penmanshiel_filtered_wide__MTMV_reduced_3V_Power_(kW)__quality_trim_201607_201608_202009_202010/horizon_144/stid.sh,STID,hpo,tfb-Penmanshiel_filtered_wide__MTMV_reduced_3V_Power_(kW)__quality_trim_201607_201608_202009_202010,horizon_144,stid.sh
STID/hpo/tfb-Penmanshiel_filtered_wide__MTMV_reduced_3V_Power_(kW)__quality_trim_201607_201608_202009_202010/horizon_24/stid.sh,STID,hpo,tfb-Penmanshiel_filtered_wide__MTMV_reduced_3V_Power_(kW)__quality_trim_201607_201608_202009_202010,horizon_24,stid.sh
STID/hpo/tfb-Penmanshiel_filtered_wide__MTMV_reduced_3V_Power_(kW)__quality_trim_201607_201608_202009_202010/horizon_72/stid.sh,STID,hpo,tfb-Penmanshiel_filtered_wide__MTMV_reduced_3V_Power_(kW)__quality_trim_201607_201608_202009_202010,horizon_72,stid.sh
STID/hpo/tfb-UEBB_panel_wide_filled__MTMV_reduced_3V_active_power_total/horizon_12/stid.sh,STID,hpo,tfb-UEBB_panel_wide_filled__MTMV_reduced_3V_active_power_total,horizon_12,stid.sh
STID/hpo/tfb-UEBB_panel_wide_filled__MTMV_reduced_3V_active_power_total/horizon_144/stid.sh,STID,hpo,tfb-UEBB_panel_wide_filled__MTMV_reduced_3V_active_power_total,horizon_144,stid.sh
STID/hpo/tfb-UEBB_panel_wide_filled__MTMV_reduced_3V_active_power_total/horizon_24/stid.sh,STID,hpo,tfb-UEBB_panel_wide_filled__MTMV_reduced_3V_active_power_total,horizon_24,stid.sh
STID/hpo/tfb-UEBB_panel_wide_filled__MTMV_reduced_3V_active_power_total/horizon_72/stid.sh,STID,hpo,tfb-UEBB_panel_wide_filled__MTMV_reduced_3V_active_power_total,horizon_72,stid.sh
STID/hpo/tfb-UEPS_panel_wide_filled__MTMV_reduced_3V_active_power_total/horizon_12/stid.sh,STID,hpo,tfb-UEPS_panel_wide_filled__MTMV_reduced_3V_active_power_total,horizon_12,stid.sh
STID/hpo/tfb-UEPS_panel_wide_filled__MTMV_reduced_3V_active_power_total/horizon_144/stid.sh,STID,hpo,tfb-UEPS_panel_wide_filled__MTMV_reduced_3V_active_power_total,horizon_144,stid.sh
STID/hpo/tfb-UEPS_panel_wide_filled__MTMV_reduced_3V_active_power_total/horizon_24/stid.sh,STID,hpo,tfb-UEPS_panel_wide_filled__MTMV_reduced_3V_active_power_total,horizon_24,stid.sh
STID/hpo/tfb-UEPS_panel_wide_filled__MTMV_reduced_3V_active_power_total/horizon_72/stid.sh,STID,hpo,tfb-UEPS_panel_wide_filled__MTMV_reduced_3V_active_power_total,horizon_72,stid.sh
STID/hpo/tfb-Wind farm site 1 (Nominal capacity-99MW)_final/horizon_12/stid.sh,STID,hpo,tfb-Wind farm site 1 (Nominal capacity-99MW)_final,horizon_12,stid.sh
STID/hpo/tfb-Wind farm site 1 (Nominal capacity-99MW)_final/horizon_144/stid.sh,STID,hpo,tfb-Wind farm site 1 (Nominal capacity-99MW)_final,horizon_144,stid.sh
STID/hpo/tfb-Wind farm site 1 (Nominal capacity-99MW)_final/horizon_24/stid.sh,STID,hpo,tfb-Wind farm site 1 (Nominal capacity-99MW)_final,horizon_24,stid.sh
STID/hpo/tfb-Wind farm site 1 (Nominal capacity-99MW)_final/horizon_72/stid.sh,STID,hpo,tfb-Wind farm site 1 (Nominal capacity-99MW)_final,horizon_72,stid.sh
STID/hpo/tfb-Wind farm site 2 (Nominal capacity-200MW)_final/horizon_12/stid.sh,STID,hpo,tfb-Wind farm site 2 (Nominal capacity-200MW)_final,horizon_12,stid.sh
STID/hpo/tfb-Wind farm site 2 (Nominal capacity-200MW)_final/horizon_144/stid.sh,STID,hpo,tfb-Wind farm site 2 (Nominal capacity-200MW)_final,horizon_144,stid.sh
STID/hpo/tfb-Wind farm site 2 (Nominal capacity-200MW)_final/horizon_24/stid.sh,STID,hpo,tfb-Wind farm site 2 (Nominal capacity-200MW)_final,horizon_24,stid.sh
STID/hpo/tfb-Wind farm site 2 (Nominal capacity-200MW)_final/horizon_72/stid.sh,STID,hpo,tfb-Wind farm site 2 (Nominal capacity-200MW)_final,horizon_72,stid.sh
STID/hpo/tfb-Wind farm site 3 (Nominal capacity-99MW)_final/horizon_12/stid.sh,STID,hpo,tfb-Wind farm site 3 (Nominal capacity-99MW)_final,horizon_12,stid.sh
STID/hpo/tfb-Wind farm site 3 (Nominal capacity-99MW)_final/horizon_144/stid.sh,STID,hpo,tfb-Wind farm site 3 (Nominal capacity-99MW)_final,horizon_144,stid.sh
STID/hpo/tfb-Wind farm site 3 (Nominal capacity-99MW)_final/horizon_24/stid.sh,STID,hpo,tfb-Wind farm site 3 (Nominal capacity-99MW)_final,horizon_24,stid.sh
STID/hpo/tfb-Wind farm site 3 (Nominal capacity-99MW)_final/horizon_72/stid.sh,STID,hpo,tfb-Wind farm site 3 (Nominal capacity-99MW)_final,horizon_72,stid.sh
STID/hpo/tfb-Wind farm site 4 (Nominal capacity-66MW)_final/horizon_12/stid.sh,STID,hpo,tfb-Wind farm site 4 (Nominal capacity-66MW)_final,horizon_12,stid.sh
STID/hpo/tfb-Wind farm site 4 (Nominal capacity-66MW)_final/horizon_144/stid.sh,STID,hpo,tfb-Wind farm site 4 (Nominal capacity-66MW)_final,horizon_144,stid.sh
STID/hpo/tfb-Wind farm site 4 (Nominal capacity-66MW)_final/horizon_24/stid.sh,STID,hpo,tfb-Wind farm site 4 (Nominal capacity-66MW)_final,horizon_24,stid.sh
STID/hpo/tfb-Wind farm site 4 (Nominal capacity-66MW)_final/horizon_72/stid.sh,STID,hpo,tfb-Wind farm site 4 (Nominal capacity-66MW)_final,horizon_72,stid.sh
STID/hpo/tfb-Wind farm site 6 (Nominal capacity-96MW)_final/horizon_12/stid.sh,STID,hpo,tfb-Wind farm site 6 (Nominal capacity-96MW)_final,horizon_12,stid.sh
STID/hpo/tfb-Wind farm site 6 (Nominal capacity-96MW)_final/horizon_144/stid.sh,STID,hpo,tfb-Wind farm site 6 (Nominal capacity-96MW)_final,horizon_144,stid.sh
STID/hpo/tfb-Wind farm site 6 (Nominal capacity-96MW)_final/horizon_24/stid.sh,STID,hpo,tfb-Wind farm site 6 (Nominal capacity-96MW)_final,horizon_24,stid.sh
STID/hpo/tfb-Wind farm site 6 (Nominal capacity-96MW)_final/horizon_72/stid.sh,STID,hpo,tfb-Wind farm site 6 (Nominal capacity-96MW)_final,horizon_72,stid.sh
STID/hpo/tfb-Wind_Farm_A_filtered_wide_long_fixed__1T1V_reduced_1T_1V_windpower/horizon_12/stid.sh,STID,hpo,tfb-Wind_Farm_A_filtered_wide_long_fixed__1T1V_reduced_1T_1V_windpower,horizon_12,stid.sh
STID/hpo/tfb-Wind_Farm_A_filtered_wide_long_fixed__1T1V_reduced_1T_1V_windpower/horizon_144/stid.sh,STID,hpo,tfb-Wind_Farm_A_filtered_wide_long_fixed__1T1V_reduced_1T_1V_windpower,horizon_144,stid.sh
STID/hpo/tfb-Wind_Farm_A_filtered_wide_long_fixed__1T1V_reduced_1T_1V_windpower/horizon_24/stid.sh,STID,hpo,tfb-Wind_Farm_A_filtered_wide_long_fixed__1T1V_reduced_1T_1V_windpower,horizon_24,stid.sh
STID/hpo/tfb-Wind_Farm_A_filtered_wide_long_fixed__1T1V_reduced_1T_1V_windpower/horizon_72/stid.sh,STID,hpo,tfb-Wind_Farm_A_filtered_wide_long_fixed__1T1V_reduced_1T_1V_windpower,horizon_72,stid.sh
STID/hpo/tfb-Wind_Farm_B_filtered_wide_long_fixed__1T1V_reduced_1T_1V_windpower/horizon_12/stid.sh,STID,hpo,tfb-Wind_Farm_B_filtered_wide_long_fixed__1T1V_reduced_1T_1V_windpower,horizon_12,stid.sh
STID/hpo/tfb-Wind_Farm_B_filtered_wide_long_fixed__1T1V_reduced_1T_1V_windpower/horizon_144/stid.sh,STID,hpo,tfb-Wind_Farm_B_filtered_wide_long_fixed__1T1V_reduced_1T_1V_windpower,horizon_144,stid.sh
STID/hpo/tfb-Wind_Farm_B_filtered_wide_long_fixed__1T1V_reduced_1T_1V_windpower/horizon_24/stid.sh,STID,hpo,tfb-Wind_Farm_B_filtered_wide_long_fixed__1T1V_reduced_1T_1V_windpower,horizon_24,stid.sh
STID/hpo/tfb-Wind_Farm_B_filtered_wide_long_fixed__1T1V_reduced_1T_1V_windpower/horizon_72/stid.sh,STID,hpo,tfb-Wind_Farm_B_filtered_wide_long_fixed__1T1V_reduced_1T_1V_windpower,horizon_72,stid.sh
STID/hpo/tfb-Wind_Farm_C_filtered_wide_long_fixed__MT1V_reduced_1V_windpower/horizon_12/stid.sh,STID,hpo,tfb-Wind_Farm_C_filtered_wide_long_fixed__MT1V_reduced_1V_windpower,horizon_12,stid.sh
STID/hpo/tfb-Wind_Farm_C_filtered_wide_long_fixed__MT1V_reduced_1V_windpower/horizon_144/stid.sh,STID,hpo,tfb-Wind_Farm_C_filtered_wide_long_fixed__MT1V_reduced_1V_windpower,horizon_144,stid.sh
STID/hpo/tfb-Wind_Farm_C_filtered_wide_long_fixed__MT1V_reduced_1V_windpower/horizon_24/stid.sh,STID,hpo,tfb-Wind_Farm_C_filtered_wide_long_fixed__MT1V_reduced_1V_windpower,horizon_24,stid.sh
STID/hpo/tfb-Wind_Farm_C_filtered_wide_long_fixed__MT1V_reduced_1V_windpower/horizon_72/stid.sh,STID,hpo,tfb-Wind_Farm_C_filtered_wide_long_fixed__MT1V_reduced_1V_windpower,horizon_72,stid.sh
STID/hpo/tfb-Yalova_final_ready/horizon_12/stid.sh,STID,hpo,tfb-Yalova_final_ready,horizon_12,stid.sh
STID/hpo/tfb-Yalova_final_ready/horizon_144/stid.sh,STID,hpo,tfb-Yalova_final_ready,horizon_144,stid.sh
STID/hpo/tfb-Yalova_final_ready/horizon_24/stid.sh,STID,hpo,tfb-Yalova_final_ready,horizon_24,stid.sh
STID/hpo/tfb-Yalova_final_ready/horizon_72/stid.sh,STID,hpo,tfb-Yalova_final_ready,horizon_72,stid.sh
STID/hpo/tfb-aemo/horizon_12/stid.sh,STID,hpo,tfb-aemo,horizon_12,stid.sh
STID/hpo/tfb-aemo/horizon_144/stid.sh,STID,hpo,tfb-aemo,horizon_144,stid.sh
STID/hpo/tfb-aemo/horizon_24/stid.sh,STID,hpo,tfb-aemo,horizon_24,stid.sh
STID/hpo/tfb-aemo/horizon_72/stid.sh,STID,hpo,tfb-aemo,horizon_72,stid.sh
STID/hpo/tfb-chalmers_merged_processed_data_fixed_combined__1T1V_reduced_1min_1T_1V_power/horizon_12/stid.sh,STID,hpo,tfb-chalmers_merged_processed_data_fixed_combined__1T1V_reduced_1min_1T_1V_power,horizon_12,stid.sh
STID/hpo/tfb-chalmers_merged_processed_data_fixed_combined__1T1V_reduced_1min_1T_1V_power/horizon_144/stid.sh,STID,hpo,tfb-chalmers_merged_processed_data_fixed_combined__1T1V_reduced_1min_1T_1V_power,horizon_144,stid.sh
STID/hpo/tfb-chalmers_merged_processed_data_fixed_combined__1T1V_reduced_1min_1T_1V_power/horizon_24/stid.sh,STID,hpo,tfb-chalmers_merged_processed_data_fixed_combined__1T1V_reduced_1min_1T_1V_power,horizon_24,stid.sh
STID/hpo/tfb-chalmers_merged_processed_data_fixed_combined__1T1V_reduced_1min_1T_1V_power/horizon_72/stid.sh,STID,hpo,tfb-chalmers_merged_processed_data_fixed_combined__1T1V_reduced_1min_1T_1V_power,horizon_72,stid.sh
STID/hpo/tfb-gefcom2012/horizon_12/stid.sh,STID,hpo,tfb-gefcom2012,horizon_12,stid.sh
STID/hpo/tfb-gefcom2012/horizon_144/stid.sh,STID,hpo,tfb-gefcom2012,horizon_144,stid.sh
STID/hpo/tfb-gefcom2012/horizon_24/stid.sh,STID,hpo,tfb-gefcom2012,horizon_24,stid.sh
STID/hpo/tfb-gefcom2012/horizon_72/stid.sh,STID,hpo,tfb-gefcom2012,horizon_72,stid.sh
STID/hpo/tfb-gefcom2014/horizon_12/stid.sh,STID,hpo,tfb-gefcom2014,horizon_12,stid.sh
STID/hpo/tfb-gefcom2014/horizon_144/stid.sh,STID,hpo,tfb-gefcom2014,horizon_144,stid.sh
STID/hpo/tfb-gefcom2014/horizon_24/stid.sh,STID,hpo,tfb-gefcom2014,horizon_24,stid.sh
STID/hpo/tfb-gefcom2014/horizon_72/stid.sh,STID,hpo,tfb-gefcom2014,horizon_72,stid.sh
STID/hpo/tfb-kaggle1_final_benchmark_v3_ready_no_turbinestatus/horizon_12/stid.sh,STID,hpo,tfb-kaggle1_final_benchmark_v3_ready_no_turbinestatus,horizon_12,stid.sh
STID/hpo/tfb-kaggle1_final_benchmark_v3_ready_no_turbinestatus/horizon_144/stid.sh,STID,hpo,tfb-kaggle1_final_benchmark_v3_ready_no_turbinestatus,horizon_144,stid.sh
STID/hpo/tfb-kaggle1_final_benchmark_v3_ready_no_turbinestatus/horizon_24/stid.sh,STID,hpo,tfb-kaggle1_final_benchmark_v3_ready_no_turbinestatus,horizon_24,stid.sh
STID/hpo/tfb-kaggle1_final_benchmark_v3_ready_no_turbinestatus/horizon_72/stid.sh,STID,hpo,tfb-kaggle1_final_benchmark_v3_ready_no_turbinestatus,horizon_72,stid.sh
STID/hpo/tfb-maelstrom_turbine_1_univariate/horizon_12/stid.sh,STID,hpo,tfb-maelstrom_turbine_1_univariate,horizon_12,stid.sh
STID/hpo/tfb-maelstrom_turbine_1_univariate/horizon_144/stid.sh,STID,hpo,tfb-maelstrom_turbine_1_univariate,horizon_144,stid.sh
STID/hpo/tfb-maelstrom_turbine_1_univariate/horizon_24/stid.sh,STID,hpo,tfb-maelstrom_turbine_1_univariate,horizon_24,stid.sh
STID/hpo/tfb-maelstrom_turbine_1_univariate/horizon_72/stid.sh,STID,hpo,tfb-maelstrom_turbine_1_univariate,horizon_72,stid.sh
STID/hpo/tfb-maelstrom_turbine_2_univariate/horizon_12/stid.sh,STID,hpo,tfb-maelstrom_turbine_2_univariate,horizon_12,stid.sh
STID/hpo/tfb-maelstrom_turbine_2_univariate/horizon_144/stid.sh,STID,hpo,tfb-maelstrom_turbine_2_univariate,horizon_144,stid.sh
STID/hpo/tfb-maelstrom_turbine_2_univariate/horizon_24/stid.sh,STID,hpo,tfb-maelstrom_turbine_2_univariate,horizon_24,stid.sh
STID/hpo/tfb-maelstrom_turbine_2_univariate/horizon_72/stid.sh,STID,hpo,tfb-maelstrom_turbine_2_univariate,horizon_72,stid.sh
STID/hpo/tfb-maelstrom_turbine_3_univariate/horizon_12/stid.sh,STID,hpo,tfb-maelstrom_turbine_3_univariate,horizon_12,stid.sh
STID/hpo/tfb-maelstrom_turbine_3_univariate/horizon_144/stid.sh,STID,hpo,tfb-maelstrom_turbine_3_univariate,horizon_144,stid.sh
STID/hpo/tfb-maelstrom_turbine_3_univariate/horizon_24/stid.sh,STID,hpo,tfb-maelstrom_turbine_3_univariate,horizon_24,stid.sh
STID/hpo/tfb-maelstrom_turbine_3_univariate/horizon_72/stid.sh,STID,hpo,tfb-maelstrom_turbine_3_univariate,horizon_72,stid.sh
STID/hpo/tfb-maelstrom_turbine_4_univariate/horizon_12/stid.sh,STID,hpo,tfb-maelstrom_turbine_4_univariate,horizon_12,stid.sh
STID/hpo/tfb-maelstrom_turbine_4_univariate/horizon_144/stid.sh,STID,hpo,tfb-maelstrom_turbine_4_univariate,horizon_144,stid.sh
STID/hpo/tfb-maelstrom_turbine_4_univariate/horizon_24/stid.sh,STID,hpo,tfb-maelstrom_turbine_4_univariate,horizon_24,stid.sh
STID/hpo/tfb-maelstrom_turbine_4_univariate/horizon_72/stid.sh,STID,hpo,tfb-maelstrom_turbine_4_univariate,horizon_72,stid.sh
STID/hpo/tfb-re_europe_wind_signal_COSMO_long_no_null__MT1V_reduced_38T_1V_power/horizon_12/stid__server_a_day01_20260519_111959.sh,STID,hpo,tfb-re_europe_wind_signal_COSMO_long_no_null__MT1V_reduced_38T_1V_power,horizon_12,stid__server_a_day01_20260519_111959.sh
STID/hpo/tfb-re_europe_wind_signal_COSMO_long_no_null__MT1V_reduced_38T_1V_power/horizon_12/stid__server_a_day01_20260519_122851.sh,STID,hpo,tfb-re_europe_wind_signal_COSMO_long_no_null__MT1V_reduced_38T_1V_power,horizon_12,stid__server_a_day01_20260519_122851.sh
STID/hpo/tfb-re_europe_wind_signal_COSMO_long_no_null__MT1V_reduced_38T_1V_power/horizon_12/stid__server_a_day01_20260519_171557.sh,STID,hpo,tfb-re_europe_wind_signal_COSMO_long_no_null__MT1V_reduced_38T_1V_power,horizon_12,stid__server_a_day01_20260519_171557.sh
STID/hpo/tfb-re_europe_wind_signal_COSMO_long_no_null__MT1V_reduced_38T_1V_power/horizon_12/stid__server_a_day01_20260520_132941.sh,STID,hpo,tfb-re_europe_wind_signal_COSMO_long_no_null__MT1V_reduced_38T_1V_power,horizon_12,stid__server_a_day01_20260520_132941.sh
STID/hpo/tfb-re_europe_wind_signal_COSMO_long_no_null__MT1V_reduced_38T_1V_power/horizon_144/stid__server_a_day01_20260519_111959.sh,STID,hpo,tfb-re_europe_wind_signal_COSMO_long_no_null__MT1V_reduced_38T_1V_power,horizon_144,stid__server_a_day01_20260519_111959.sh
STID/hpo/tfb-re_europe_wind_signal_COSMO_long_no_null__MT1V_reduced_38T_1V_power/horizon_144/stid__server_a_day01_20260519_122851.sh,STID,hpo,tfb-re_europe_wind_signal_COSMO_long_no_null__MT1V_reduced_38T_1V_power,horizon_144,stid__server_a_day01_20260519_122851.sh
STID/hpo/tfb-re_europe_wind_signal_COSMO_long_no_null__MT1V_reduced_38T_1V_power/horizon_144/stid__server_a_day01_20260519_171557.sh,STID,hpo,tfb-re_europe_wind_signal_COSMO_long_no_null__MT1V_reduced_38T_1V_power,horizon_144,stid__server_a_day01_20260519_171557.sh
STID/hpo/tfb-re_europe_wind_signal_COSMO_long_no_null__MT1V_reduced_38T_1V_power/horizon_144/stid__server_a_day01_20260520_132941.sh,STID,hpo,tfb-re_europe_wind_signal_COSMO_long_no_null__MT1V_reduced_38T_1V_power,horizon_144,stid__server_a_day01_20260520_132941.sh
STID/hpo/tfb-re_europe_wind_signal_COSMO_long_no_null__MT1V_reduced_38T_1V_power/horizon_24/stid__server_a_day01_20260519_111959.sh,STID,hpo,tfb-re_europe_wind_signal_COSMO_long_no_null__MT1V_reduced_38T_1V_power,horizon_24,stid__server_a_day01_20260519_111959.sh
STID/hpo/tfb-re_europe_wind_signal_COSMO_long_no_null__MT1V_reduced_38T_1V_power/horizon_24/stid__server_a_day01_20260519_122851.sh,STID,hpo,tfb-re_europe_wind_signal_COSMO_long_no_null__MT1V_reduced_38T_1V_power,horizon_24,stid__server_a_day01_20260519_122851.sh
STID/hpo/tfb-re_europe_wind_signal_COSMO_long_no_null__MT1V_reduced_38T_1V_power/horizon_24/stid__server_a_day01_20260519_171557.sh,STID,hpo,tfb-re_europe_wind_signal_COSMO_long_no_null__MT1V_reduced_38T_1V_power,horizon_24,stid__server_a_day01_20260519_171557.sh
STID/hpo/tfb-re_europe_wind_signal_COSMO_long_no_null__MT1V_reduced_38T_1V_power/horizon_24/stid__server_a_day01_20260520_132941.sh,STID,hpo,tfb-re_europe_wind_signal_COSMO_long_no_null__MT1V_reduced_38T_1V_power,horizon_24,stid__server_a_day01_20260520_132941.sh
STID/hpo/tfb-re_europe_wind_signal_COSMO_long_no_null__MT1V_reduced_38T_1V_power/horizon_72/stid__server_a_day01_20260519_111959.sh,STID,hpo,tfb-re_europe_wind_signal_COSMO_long_no_null__MT1V_reduced_38T_1V_power,horizon_72,stid__server_a_day01_20260519_111959.sh
STID/hpo/tfb-re_europe_wind_signal_COSMO_long_no_null__MT1V_reduced_38T_1V_power/horizon_72/stid__server_a_day01_20260519_122851.sh,STID,hpo,tfb-re_europe_wind_signal_COSMO_long_no_null__MT1V_reduced_38T_1V_power,horizon_72,stid__server_a_day01_20260519_122851.sh
STID/hpo/tfb-re_europe_wind_signal_COSMO_long_no_null__MT1V_reduced_38T_1V_power/horizon_72/stid__server_a_day01_20260519_171557.sh,STID,hpo,tfb-re_europe_wind_signal_COSMO_long_no_null__MT1V_reduced_38T_1V_power,horizon_72,stid__server_a_day01_20260519_171557.sh
STID/hpo/tfb-re_europe_wind_signal_COSMO_long_no_null__MT1V_reduced_38T_1V_power/horizon_72/stid__server_a_day01_20260520_132941.sh,STID,hpo,tfb-re_europe_wind_signal_COSMO_long_no_null__MT1V_reduced_38T_1V_power,horizon_72,stid__server_a_day01_20260520_132941.sh
STID/hpo/tfb-re_europe_wind_signal_ECMWF_long_no_null__MT1V_reduced_38T_1V_power/horizon_12/stid.sh,STID,hpo,tfb-re_europe_wind_signal_ECMWF_long_no_null__MT1V_reduced_38T_1V_power,horizon_12,stid.sh
STID/hpo/tfb-re_europe_wind_signal_ECMWF_long_no_null__MT1V_reduced_38T_1V_power/horizon_144/stid.sh,STID,hpo,tfb-re_europe_wind_signal_ECMWF_long_no_null__MT1V_reduced_38T_1V_power,horizon_144,stid.sh
STID/hpo/tfb-re_europe_wind_signal_ECMWF_long_no_null__MT1V_reduced_38T_1V_power/horizon_24/stid.sh,STID,hpo,tfb-re_europe_wind_signal_ECMWF_long_no_null__MT1V_reduced_38T_1V_power,horizon_24,stid.sh
STID/hpo/tfb-re_europe_wind_signal_ECMWF_long_no_null__MT1V_reduced_38T_1V_power/horizon_72/stid.sh,STID,hpo,tfb-re_europe_wind_signal_ECMWF_long_no_null__MT1V_reduced_38T_1V_power,horizon_72,stid.sh
STID/hpo/tfb-scada_fault_10min_cleaned_numeric_only/horizon_12/stid.sh,STID,hpo,tfb-scada_fault_10min_cleaned_numeric_only,horizon_12,stid.sh
STID/hpo/tfb-scada_fault_10min_cleaned_numeric_only/horizon_144/stid.sh,STID,hpo,tfb-scada_fault_10min_cleaned_numeric_only,horizon_144,stid.sh
STID/hpo/tfb-scada_fault_10min_cleaned_numeric_only/horizon_24/stid.sh,STID,hpo,tfb-scada_fault_10min_cleaned_numeric_only,horizon_24,stid.sh
STID/hpo/tfb-scada_fault_10min_cleaned_numeric_only/horizon_72/stid.sh,STID,hpo,tfb-scada_fault_10min_cleaned_numeric_only,horizon_72,stid.sh
STID/hpo/tfb-sdwpf_245days_v1_final_final_cleaned/horizon_12/stid.sh,STID,hpo,tfb-sdwpf_245days_v1_final_final_cleaned,horizon_12,stid.sh
STID/hpo/tfb-sdwpf_245days_v1_final_final_cleaned/horizon_144/stid.sh,STID,hpo,tfb-sdwpf_245days_v1_final_final_cleaned,horizon_144,stid.sh
STID/hpo/tfb-sdwpf_245days_v1_final_final_cleaned/horizon_24/stid.sh,STID,hpo,tfb-sdwpf_245days_v1_final_final_cleaned,horizon_24,stid.sh
STID/hpo/tfb-sdwpf_245days_v1_final_final_cleaned/horizon_72/stid.sh,STID,hpo,tfb-sdwpf_245days_v1_final_final_cleaned,horizon_72,stid.sh
TGGC/hpo/tfb-Kelmarsh_filtered_wide__MTMV_reduced_3V_Power_(kW)/horizon_12/tggc.sh,TGGC,hpo,tfb-Kelmarsh_filtered_wide__MTMV_reduced_3V_Power_(kW),horizon_12,tggc.sh
TGGC/hpo/tfb-Kelmarsh_filtered_wide__MTMV_reduced_3V_Power_(kW)/horizon_144/tggc.sh,TGGC,hpo,tfb-Kelmarsh_filtered_wide__MTMV_reduced_3V_Power_(kW),horizon_144,tggc.sh
TGGC/hpo/tfb-Kelmarsh_filtered_wide__MTMV_reduced_3V_Power_(kW)/horizon_24/tggc.sh,TGGC,hpo,tfb-Kelmarsh_filtered_wide__MTMV_reduced_3V_Power_(kW),horizon_24,tggc.sh
TGGC/hpo/tfb-Kelmarsh_filtered_wide__MTMV_reduced_3V_Power_(kW)/horizon_72/tggc.sh,TGGC,hpo,tfb-Kelmarsh_filtered_wide__MTMV_reduced_3V_Power_(kW),horizon_72,tggc.sh
TGGC/hpo/tfb-Penmanshiel_filtered_wide__MTMV_reduced_3V_Power_(kW)__quality_trim_201607_201608_202009_202010/horizon_12/tggc.sh,TGGC,hpo,tfb-Penmanshiel_filtered_wide__MTMV_reduced_3V_Power_(kW)__quality_trim_201607_201608_202009_202010,horizon_12,tggc.sh
TGGC/hpo/tfb-Penmanshiel_filtered_wide__MTMV_reduced_3V_Power_(kW)__quality_trim_201607_201608_202009_202010/horizon_144/tggc.sh,TGGC,hpo,tfb-Penmanshiel_filtered_wide__MTMV_reduced_3V_Power_(kW)__quality_trim_201607_201608_202009_202010,horizon_144,tggc.sh
TGGC/hpo/tfb-Penmanshiel_filtered_wide__MTMV_reduced_3V_Power_(kW)__quality_trim_201607_201608_202009_202010/horizon_24/tggc.sh,TGGC,hpo,tfb-Penmanshiel_filtered_wide__MTMV_reduced_3V_Power_(kW)__quality_trim_201607_201608_202009_202010,horizon_24,tggc.sh
TGGC/hpo/tfb-Penmanshiel_filtered_wide__MTMV_reduced_3V_Power_(kW)__quality_trim_201607_201608_202009_202010/horizon_72/tggc.sh,TGGC,hpo,tfb-Penmanshiel_filtered_wide__MTMV_reduced_3V_Power_(kW)__quality_trim_201607_201608_202009_202010,horizon_72,tggc.sh
TGGC/hpo/tfb-UEBB_panel_wide_filled__MTMV_reduced_3V_active_power_total/horizon_12/tggc.sh,TGGC,hpo,tfb-UEBB_panel_wide_filled__MTMV_reduced_3V_active_power_total,horizon_12,tggc.sh
TGGC/hpo/tfb-UEBB_panel_wide_filled__MTMV_reduced_3V_active_power_total/horizon_144/tggc.sh,TGGC,hpo,tfb-UEBB_panel_wide_filled__MTMV_reduced_3V_active_power_total,horizon_144,tggc.sh
TGGC/hpo/tfb-UEBB_panel_wide_filled__MTMV_reduced_3V_active_power_total/horizon_24/tggc.sh,TGGC,hpo,tfb-UEBB_panel_wide_filled__MTMV_reduced_3V_active_power_total,horizon_24,tggc.sh
TGGC/hpo/tfb-UEBB_panel_wide_filled__MTMV_reduced_3V_active_power_total/horizon_72/tggc.sh,TGGC,hpo,tfb-UEBB_panel_wide_filled__MTMV_reduced_3V_active_power_total,horizon_72,tggc.sh
TGGC/hpo/tfb-UEPS_panel_wide_filled__MTMV_reduced_3V_active_power_total/horizon_12/tggc.sh,TGGC,hpo,tfb-UEPS_panel_wide_filled__MTMV_reduced_3V_active_power_total,horizon_12,tggc.sh
TGGC/hpo/tfb-UEPS_panel_wide_filled__MTMV_reduced_3V_active_power_total/horizon_144/tggc.sh,TGGC,hpo,tfb-UEPS_panel_wide_filled__MTMV_reduced_3V_active_power_total,horizon_144,tggc.sh
TGGC/hpo/tfb-UEPS_panel_wide_filled__MTMV_reduced_3V_active_power_total/horizon_24/tggc.sh,TGGC,hpo,tfb-UEPS_panel_wide_filled__MTMV_reduced_3V_active_power_total,horizon_24,tggc.sh
TGGC/hpo/tfb-UEPS_panel_wide_filled__MTMV_reduced_3V_active_power_total/horizon_72/tggc.sh,TGGC,hpo,tfb-UEPS_panel_wide_filled__MTMV_reduced_3V_active_power_total,horizon_72,tggc.sh
TGGC/hpo/tfb-Wind farm site 1 (Nominal capacity-99MW)_final/horizon_12/tggc.sh,TGGC,hpo,tfb-Wind farm site 1 (Nominal capacity-99MW)_final,horizon_12,tggc.sh
TGGC/hpo/tfb-Wind farm site 1 (Nominal capacity-99MW)_final/horizon_144/tggc.sh,TGGC,hpo,tfb-Wind farm site 1 (Nominal capacity-99MW)_final,horizon_144,tggc.sh
TGGC/hpo/tfb-Wind farm site 1 (Nominal capacity-99MW)_final/horizon_24/tggc.sh,TGGC,hpo,tfb-Wind farm site 1 (Nominal capacity-99MW)_final,horizon_24,tggc.sh
TGGC/hpo/tfb-Wind farm site 1 (Nominal capacity-99MW)_final/horizon_72/tggc.sh,TGGC,hpo,tfb-Wind farm site 1 (Nominal capacity-99MW)_final,horizon_72,tggc.sh
TGGC/hpo/tfb-Wind farm site 2 (Nominal capacity-200MW)_final/horizon_12/tggc.sh,TGGC,hpo,tfb-Wind farm site 2 (Nominal capacity-200MW)_final,horizon_12,tggc.sh
TGGC/hpo/tfb-Wind farm site 2 (Nominal capacity-200MW)_final/horizon_144/tggc.sh,TGGC,hpo,tfb-Wind farm site 2 (Nominal capacity-200MW)_final,horizon_144,tggc.sh
TGGC/hpo/tfb-Wind farm site 2 (Nominal capacity-200MW)_final/horizon_24/tggc.sh,TGGC,hpo,tfb-Wind farm site 2 (Nominal capacity-200MW)_final,horizon_24,tggc.sh
TGGC/hpo/tfb-Wind farm site 2 (Nominal capacity-200MW)_final/horizon_72/tggc.sh,TGGC,hpo,tfb-Wind farm site 2 (Nominal capacity-200MW)_final,horizon_72,tggc.sh
TGGC/hpo/tfb-Wind farm site 3 (Nominal capacity-99MW)_final/horizon_12/tggc.sh,TGGC,hpo,tfb-Wind farm site 3 (Nominal capacity-99MW)_final,horizon_12,tggc.sh
TGGC/hpo/tfb-Wind farm site 3 (Nominal capacity-99MW)_final/horizon_144/tggc.sh,TGGC,hpo,tfb-Wind farm site 3 (Nominal capacity-99MW)_final,horizon_144,tggc.sh
TGGC/hpo/tfb-Wind farm site 3 (Nominal capacity-99MW)_final/horizon_24/tggc.sh,TGGC,hpo,tfb-Wind farm site 3 (Nominal capacity-99MW)_final,horizon_24,tggc.sh
TGGC/hpo/tfb-Wind farm site 3 (Nominal capacity-99MW)_final/horizon_72/tggc.sh,TGGC,hpo,tfb-Wind farm site 3 (Nominal capacity-99MW)_final,horizon_72,tggc.sh
TGGC/hpo/tfb-Wind farm site 4 (Nominal capacity-66MW)_final/horizon_12/tggc.sh,TGGC,hpo,tfb-Wind farm site 4 (Nominal capacity-66MW)_final,horizon_12,tggc.sh
TGGC/hpo/tfb-Wind farm site 4 (Nominal capacity-66MW)_final/horizon_144/tggc.sh,TGGC,hpo,tfb-Wind farm site 4 (Nominal capacity-66MW)_final,horizon_144,tggc.sh
TGGC/hpo/tfb-Wind farm site 4 (Nominal capacity-66MW)_final/horizon_24/tggc.sh,TGGC,hpo,tfb-Wind farm site 4 (Nominal capacity-66MW)_final,horizon_24,tggc.sh
TGGC/hpo/tfb-Wind farm site 4 (Nominal capacity-66MW)_final/horizon_72/tggc.sh,TGGC,hpo,tfb-Wind farm site 4 (Nominal capacity-66MW)_final,horizon_72,tggc.sh
TGGC/hpo/tfb-Wind farm site 6 (Nominal capacity-96MW)_final/horizon_12/tggc.sh,TGGC,hpo,tfb-Wind farm site 6 (Nominal capacity-96MW)_final,horizon_12,tggc.sh
TGGC/hpo/tfb-Wind farm site 6 (Nominal capacity-96MW)_final/horizon_144/tggc.sh,TGGC,hpo,tfb-Wind farm site 6 (Nominal capacity-96MW)_final,horizon_144,tggc.sh
TGGC/hpo/tfb-Wind farm site 6 (Nominal capacity-96MW)_final/horizon_24/tggc.sh,TGGC,hpo,tfb-Wind farm site 6 (Nominal capacity-96MW)_final,horizon_24,tggc.sh
TGGC/hpo/tfb-Wind farm site 6 (Nominal capacity-96MW)_final/horizon_72/tggc.sh,TGGC,hpo,tfb-Wind farm site 6 (Nominal capacity-96MW)_final,horizon_72,tggc.sh
TGGC/hpo/tfb-Wind_Farm_A_filtered_wide_long_fixed__1T1V_reduced_1T_1V_windpower/horizon_12/tggc.sh,TGGC,hpo,tfb-Wind_Farm_A_filtered_wide_long_fixed__1T1V_reduced_1T_1V_windpower,horizon_12,tggc.sh
TGGC/hpo/tfb-Wind_Farm_A_filtered_wide_long_fixed__1T1V_reduced_1T_1V_windpower/horizon_144/tggc.sh,TGGC,hpo,tfb-Wind_Farm_A_filtered_wide_long_fixed__1T1V_reduced_1T_1V_windpower,horizon_144,tggc.sh
TGGC/hpo/tfb-Wind_Farm_A_filtered_wide_long_fixed__1T1V_reduced_1T_1V_windpower/horizon_24/tggc.sh,TGGC,hpo,tfb-Wind_Farm_A_filtered_wide_long_fixed__1T1V_reduced_1T_1V_windpower,horizon_24,tggc.sh
TGGC/hpo/tfb-Wind_Farm_A_filtered_wide_long_fixed__1T1V_reduced_1T_1V_windpower/horizon_72/tggc.sh,TGGC,hpo,tfb-Wind_Farm_A_filtered_wide_long_fixed__1T1V_reduced_1T_1V_windpower,horizon_72,tggc.sh
TGGC/hpo/tfb-Wind_Farm_B_filtered_wide_long_fixed__1T1V_reduced_1T_1V_windpower/horizon_12/tggc.sh,TGGC,hpo,tfb-Wind_Farm_B_filtered_wide_long_fixed__1T1V_reduced_1T_1V_windpower,horizon_12,tggc.sh
TGGC/hpo/tfb-Wind_Farm_B_filtered_wide_long_fixed__1T1V_reduced_1T_1V_windpower/horizon_144/tggc.sh,TGGC,hpo,tfb-Wind_Farm_B_filtered_wide_long_fixed__1T1V_reduced_1T_1V_windpower,horizon_144,tggc.sh
TGGC/hpo/tfb-Wind_Farm_B_filtered_wide_long_fixed__1T1V_reduced_1T_1V_windpower/horizon_24/tggc.sh,TGGC,hpo,tfb-Wind_Farm_B_filtered_wide_long_fixed__1T1V_reduced_1T_1V_windpower,horizon_24,tggc.sh
TGGC/hpo/tfb-Wind_Farm_B_filtered_wide_long_fixed__1T1V_reduced_1T_1V_windpower/horizon_72/tggc.sh,TGGC,hpo,tfb-Wind_Farm_B_filtered_wide_long_fixed__1T1V_reduced_1T_1V_windpower,horizon_72,tggc.sh
TGGC/hpo/tfb-Wind_Farm_C_filtered_wide_long_fixed__MT1V_reduced_1V_windpower/horizon_12/tggc.sh,TGGC,hpo,tfb-Wind_Farm_C_filtered_wide_long_fixed__MT1V_reduced_1V_windpower,horizon_12,tggc.sh
TGGC/hpo/tfb-Wind_Farm_C_filtered_wide_long_fixed__MT1V_reduced_1V_windpower/horizon_144/tggc.sh,TGGC,hpo,tfb-Wind_Farm_C_filtered_wide_long_fixed__MT1V_reduced_1V_windpower,horizon_144,tggc.sh
TGGC/hpo/tfb-Wind_Farm_C_filtered_wide_long_fixed__MT1V_reduced_1V_windpower/horizon_24/tggc.sh,TGGC,hpo,tfb-Wind_Farm_C_filtered_wide_long_fixed__MT1V_reduced_1V_windpower,horizon_24,tggc.sh
TGGC/hpo/tfb-Wind_Farm_C_filtered_wide_long_fixed__MT1V_reduced_1V_windpower/horizon_72/tggc.sh,TGGC,hpo,tfb-Wind_Farm_C_filtered_wide_long_fixed__MT1V_reduced_1V_windpower,horizon_72,tggc.sh
TGGC/hpo/tfb-Yalova_final_ready/horizon_12/tggc.sh,TGGC,hpo,tfb-Yalova_final_ready,horizon_12,tggc.sh
TGGC/hpo/tfb-Yalova_final_ready/horizon_144/tggc.sh,TGGC,hpo,tfb-Yalova_final_ready,horizon_144,tggc.sh
TGGC/hpo/tfb-Yalova_final_ready/horizon_24/tggc.sh,TGGC,hpo,tfb-Yalova_final_ready,horizon_24,tggc.sh
TGGC/hpo/tfb-Yalova_final_ready/horizon_72/tggc.sh,TGGC,hpo,tfb-Yalova_final_ready,horizon_72,tggc.sh
TGGC/hpo/tfb-aemo/horizon_12/tggc.sh,TGGC,hpo,tfb-aemo,horizon_12,tggc.sh
TGGC/hpo/tfb-aemo/horizon_12/tggc__icde_missing_all_sheets_day19_gpu6_aemo_light_toto_zero_20260530_20260531_071519.sh,TGGC,hpo,tfb-aemo,horizon_12,tggc__icde_missing_all_sheets_day19_gpu6_aemo_light_toto_zero_20260530_20260531_071519.sh
TGGC/hpo/tfb-aemo/horizon_12/tggc__icde_missing_all_sheets_day19_gpu6_aemo_light_toto_zero_20260530_20260531_160601.sh,TGGC,hpo,tfb-aemo,horizon_12,tggc__icde_missing_all_sheets_day19_gpu6_aemo_light_toto_zero_20260530_20260531_160601.sh
TGGC/hpo/tfb-aemo/horizon_144/tggc.sh,TGGC,hpo,tfb-aemo,horizon_144,tggc.sh
TGGC/hpo/tfb-aemo/horizon_144/tggc__icde_missing_all_sheets_day19_gpu6_aemo_light_toto_zero_20260530_20260531_071519.sh,TGGC,hpo,tfb-aemo,horizon_144,tggc__icde_missing_all_sheets_day19_gpu6_aemo_light_toto_zero_20260530_20260531_071519.sh
TGGC/hpo/tfb-aemo/horizon_144/tggc__icde_missing_all_sheets_day19_gpu6_aemo_light_toto_zero_20260530_20260531_160601.sh,TGGC,hpo,tfb-aemo,horizon_144,tggc__icde_missing_all_sheets_day19_gpu6_aemo_light_toto_zero_20260530_20260531_160601.sh
TGGC/hpo/tfb-aemo/horizon_24/tggc.sh,TGGC,hpo,tfb-aemo,horizon_24,tggc.sh
TGGC/hpo/tfb-aemo/horizon_24/tggc__icde_missing_all_sheets_day19_gpu6_aemo_light_toto_zero_20260530_20260531_071519.sh,TGGC,hpo,tfb-aemo,horizon_24,tggc__icde_missing_all_sheets_day19_gpu6_aemo_light_toto_zero_20260530_20260531_071519.sh
TGGC/hpo/tfb-aemo/horizon_24/tggc__icde_missing_all_sheets_day19_gpu6_aemo_light_toto_zero_20260530_20260531_160601.sh,TGGC,hpo,tfb-aemo,horizon_24,tggc__icde_missing_all_sheets_day19_gpu6_aemo_light_toto_zero_20260530_20260531_160601.sh
TGGC/hpo/tfb-aemo/horizon_72/tggc.sh,TGGC,hpo,tfb-aemo,horizon_72,tggc.sh
TGGC/hpo/tfb-aemo/horizon_72/tggc__icde_missing_all_sheets_day19_gpu6_aemo_light_toto_zero_20260530_20260531_071519.sh,TGGC,hpo,tfb-aemo,horizon_72,tggc__icde_missing_all_sheets_day19_gpu6_aemo_light_toto_zero_20260530_20260531_071519.sh
TGGC/hpo/tfb-aemo/horizon_72/tggc__icde_missing_all_sheets_day19_gpu6_aemo_light_toto_zero_20260530_20260531_160601.sh,TGGC,hpo,tfb-aemo,horizon_72,tggc__icde_missing_all_sheets_day19_gpu6_aemo_light_toto_zero_20260530_20260531_160601.sh
TGGC/hpo/tfb-chalmers_merged_processed_data_fixed_combined__1T1V_reduced_1min_1T_1V_power/horizon_12/tggc.sh,TGGC,hpo,tfb-chalmers_merged_processed_data_fixed_combined__1T1V_reduced_1min_1T_1V_power,horizon_12,tggc.sh
TGGC/hpo/tfb-chalmers_merged_processed_data_fixed_combined__1T1V_reduced_1min_1T_1V_power/horizon_144/tggc.sh,TGGC,hpo,tfb-chalmers_merged_processed_data_fixed_combined__1T1V_reduced_1min_1T_1V_power,horizon_144,tggc.sh
TGGC/hpo/tfb-chalmers_merged_processed_data_fixed_combined__1T1V_reduced_1min_1T_1V_power/horizon_24/tggc.sh,TGGC,hpo,tfb-chalmers_merged_processed_data_fixed_combined__1T1V_reduced_1min_1T_1V_power,horizon_24,tggc.sh
TGGC/hpo/tfb-chalmers_merged_processed_data_fixed_combined__1T1V_reduced_1min_1T_1V_power/horizon_72/tggc.sh,TGGC,hpo,tfb-chalmers_merged_processed_data_fixed_combined__1T1V_reduced_1min_1T_1V_power,horizon_72,tggc.sh
TGGC/hpo/tfb-gefcom2012/horizon_12/tggc.sh,TGGC,hpo,tfb-gefcom2012,horizon_12,tggc.sh
TGGC/hpo/tfb-gefcom2012/horizon_144/tggc.sh,TGGC,hpo,tfb-gefcom2012,horizon_144,tggc.sh
TGGC/hpo/tfb-gefcom2012/horizon_24/tggc.sh,TGGC,hpo,tfb-gefcom2012,horizon_24,tggc.sh
TGGC/hpo/tfb-gefcom2012/horizon_72/tggc.sh,TGGC,hpo,tfb-gefcom2012,horizon_72,tggc.sh
TGGC/hpo/tfb-gefcom2014/horizon_12/tggc.sh,TGGC,hpo,tfb-gefcom2014,horizon_12,tggc.sh
TGGC/hpo/tfb-gefcom2014/horizon_144/tggc.sh,TGGC,hpo,tfb-gefcom2014,horizon_144,tggc.sh
TGGC/hpo/tfb-gefcom2014/horizon_24/tggc.sh,TGGC,hpo,tfb-gefcom2014,horizon_24,tggc.sh
TGGC/hpo/tfb-gefcom2014/horizon_72/tggc.sh,TGGC,hpo,tfb-gefcom2014,horizon_72,tggc.sh
TGGC/hpo/tfb-kaggle1_final_benchmark_v3_ready_no_turbinestatus/horizon_12/tggc.sh,TGGC,hpo,tfb-kaggle1_final_benchmark_v3_ready_no_turbinestatus,horizon_12,tggc.sh
TGGC/hpo/tfb-kaggle1_final_benchmark_v3_ready_no_turbinestatus/horizon_144/tggc.sh,TGGC,hpo,tfb-kaggle1_final_benchmark_v3_ready_no_turbinestatus,horizon_144,tggc.sh
TGGC/hpo/tfb-kaggle1_final_benchmark_v3_ready_no_turbinestatus/horizon_24/tggc.sh,TGGC,hpo,tfb-kaggle1_final_benchmark_v3_ready_no_turbinestatus,horizon_24,tggc.sh
TGGC/hpo/tfb-kaggle1_final_benchmark_v3_ready_no_turbinestatus/horizon_72/tggc.sh,TGGC,hpo,tfb-kaggle1_final_benchmark_v3_ready_no_turbinestatus,horizon_72,tggc.sh
TGGC/hpo/tfb-maelstrom_turbine_1_univariate/horizon_12/tggc.sh,TGGC,hpo,tfb-maelstrom_turbine_1_univariate,horizon_12,tggc.sh
TGGC/hpo/tfb-maelstrom_turbine_1_univariate/horizon_144/tggc.sh,TGGC,hpo,tfb-maelstrom_turbine_1_univariate,horizon_144,tggc.sh
TGGC/hpo/tfb-maelstrom_turbine_1_univariate/horizon_24/tggc.sh,TGGC,hpo,tfb-maelstrom_turbine_1_univariate,horizon_24,tggc.sh
TGGC/hpo/tfb-maelstrom_turbine_1_univariate/horizon_72/tggc.sh,TGGC,hpo,tfb-maelstrom_turbine_1_univariate,horizon_72,tggc.sh
TGGC/hpo/tfb-maelstrom_turbine_2_univariate/horizon_12/tggc.sh,TGGC,hpo,tfb-maelstrom_turbine_2_univariate,horizon_12,tggc.sh
TGGC/hpo/tfb-maelstrom_turbine_2_univariate/horizon_144/tggc.sh,TGGC,hpo,tfb-maelstrom_turbine_2_univariate,horizon_144,tggc.sh
TGGC/hpo/tfb-maelstrom_turbine_2_univariate/horizon_24/tggc.sh,TGGC,hpo,tfb-maelstrom_turbine_2_univariate,horizon_24,tggc.sh
TGGC/hpo/tfb-maelstrom_turbine_2_univariate/horizon_72/tggc.sh,TGGC,hpo,tfb-maelstrom_turbine_2_univariate,horizon_72,tggc.sh
TGGC/hpo/tfb-maelstrom_turbine_3_univariate/horizon_12/tggc.sh,TGGC,hpo,tfb-maelstrom_turbine_3_univariate,horizon_12,tggc.sh
TGGC/hpo/tfb-maelstrom_turbine_3_univariate/horizon_144/tggc.sh,TGGC,hpo,tfb-maelstrom_turbine_3_univariate,horizon_144,tggc.sh
TGGC/hpo/tfb-maelstrom_turbine_3_univariate/horizon_24/tggc.sh,TGGC,hpo,tfb-maelstrom_turbine_3_univariate,horizon_24,tggc.sh
TGGC/hpo/tfb-maelstrom_turbine_3_univariate/horizon_72/tggc.sh,TGGC,hpo,tfb-maelstrom_turbine_3_univariate,horizon_72,tggc.sh
TGGC/hpo/tfb-maelstrom_turbine_4_univariate/horizon_12/tggc.sh,TGGC,hpo,tfb-maelstrom_turbine_4_univariate,horizon_12,tggc.sh
TGGC/hpo/tfb-maelstrom_turbine_4_univariate/horizon_144/tggc.sh,TGGC,hpo,tfb-maelstrom_turbine_4_univariate,horizon_144,tggc.sh
TGGC/hpo/tfb-maelstrom_turbine_4_univariate/horizon_24/tggc.sh,TGGC,hpo,tfb-maelstrom_turbine_4_univariate,horizon_24,tggc.sh
TGGC/hpo/tfb-maelstrom_turbine_4_univariate/horizon_72/tggc.sh,TGGC,hpo,tfb-maelstrom_turbine_4_univariate,horizon_72,tggc.sh
TGGC/hpo/tfb-re_europe_wind_signal_COSMO_long_no_null__MT1V_reduced_38T_1V_power/horizon_12/tggc.sh,TGGC,hpo,tfb-re_europe_wind_signal_COSMO_long_no_null__MT1V_reduced_38T_1V_power,horizon_12,tggc.sh
TGGC/hpo/tfb-re_europe_wind_signal_COSMO_long_no_null__MT1V_reduced_38T_1V_power/horizon_12/tggc__icde_missing_all_sheets_day17_gpu5_80g_final2_20260529_20260531_071513.sh,TGGC,hpo,tfb-re_europe_wind_signal_COSMO_long_no_null__MT1V_reduced_38T_1V_power,horizon_12,tggc__icde_missing_all_sheets_day17_gpu5_80g_final2_20260529_20260531_071513.sh
TGGC/hpo/tfb-re_europe_wind_signal_COSMO_long_no_null__MT1V_reduced_38T_1V_power/horizon_12/tggc__icde_missing_all_sheets_day17_gpu5_80g_final2_20260529_20260601_043403.sh,TGGC,hpo,tfb-re_europe_wind_signal_COSMO_long_no_null__MT1V_reduced_38T_1V_power,horizon_12,tggc__icde_missing_all_sheets_day17_gpu5_80g_final2_20260529_20260601_043403.sh
TGGC/hpo/tfb-re_europe_wind_signal_COSMO_long_no_null__MT1V_reduced_38T_1V_power/horizon_12/tggc__icde_missing_all_sheets_day17_gpu5_80g_final2_20260529_20260604_065156.sh,TGGC,hpo,tfb-re_europe_wind_signal_COSMO_long_no_null__MT1V_reduced_38T_1V_power,horizon_12,tggc__icde_missing_all_sheets_day17_gpu5_80g_final2_20260529_20260604_065156.sh
TGGC/hpo/tfb-re_europe_wind_signal_COSMO_long_no_null__MT1V_reduced_38T_1V_power/horizon_12/tggc__icde_missing_all_sheets_day17_gpu5_80g_final2_20260529_20260605_173453.sh,TGGC,hpo,tfb-re_europe_wind_signal_COSMO_long_no_null__MT1V_reduced_38T_1V_power,horizon_12,tggc__icde_missing_all_sheets_day17_gpu5_80g_final2_20260529_20260605_173453.sh
TGGC/hpo/tfb-re_europe_wind_signal_COSMO_long_no_null__MT1V_reduced_38T_1V_power/horizon_144/tggc.sh,TGGC,hpo,tfb-re_europe_wind_signal_COSMO_long_no_null__MT1V_reduced_38T_1V_power,horizon_144,tggc.sh
TGGC/hpo/tfb-re_europe_wind_signal_COSMO_long_no_null__MT1V_reduced_38T_1V_power/horizon_144/tggc__icde_missing_all_sheets_day17_gpu5_80g_final2_20260529_20260531_071513.sh,TGGC,hpo,tfb-re_europe_wind_signal_COSMO_long_no_null__MT1V_reduced_38T_1V_power,horizon_144,tggc__icde_missing_all_sheets_day17_gpu5_80g_final2_20260529_20260531_071513.sh
TGGC/hpo/tfb-re_europe_wind_signal_COSMO_long_no_null__MT1V_reduced_38T_1V_power/horizon_144/tggc__icde_missing_all_sheets_day17_gpu5_80g_final2_20260529_20260601_043403.sh,TGGC,hpo,tfb-re_europe_wind_signal_COSMO_long_no_null__MT1V_reduced_38T_1V_power,horizon_144,tggc__icde_missing_all_sheets_day17_gpu5_80g_final2_20260529_20260601_043403.sh
TGGC/hpo/tfb-re_europe_wind_signal_COSMO_long_no_null__MT1V_reduced_38T_1V_power/horizon_144/tggc__icde_missing_all_sheets_day17_gpu5_80g_final2_20260529_20260604_065156.sh,TGGC,hpo,tfb-re_europe_wind_signal_COSMO_long_no_null__MT1V_reduced_38T_1V_power,horizon_144,tggc__icde_missing_all_sheets_day17_gpu5_80g_final2_20260529_20260604_065156.sh
TGGC/hpo/tfb-re_europe_wind_signal_COSMO_long_no_null__MT1V_reduced_38T_1V_power/horizon_144/tggc__icde_missing_all_sheets_day17_gpu5_80g_final2_20260529_20260605_173453.sh,TGGC,hpo,tfb-re_europe_wind_signal_COSMO_long_no_null__MT1V_reduced_38T_1V_power,horizon_144,tggc__icde_missing_all_sheets_day17_gpu5_80g_final2_20260529_20260605_173453.sh
TGGC/hpo/tfb-re_europe_wind_signal_COSMO_long_no_null__MT1V_reduced_38T_1V_power/horizon_24/tggc.sh,TGGC,hpo,tfb-re_europe_wind_signal_COSMO_long_no_null__MT1V_reduced_38T_1V_power,horizon_24,tggc.sh
TGGC/hpo/tfb-re_europe_wind_signal_COSMO_long_no_null__MT1V_reduced_38T_1V_power/horizon_24/tggc__icde_missing_all_sheets_day17_gpu5_80g_final2_20260529_20260531_071513.sh,TGGC,hpo,tfb-re_europe_wind_signal_COSMO_long_no_null__MT1V_reduced_38T_1V_power,horizon_24,tggc__icde_missing_all_sheets_day17_gpu5_80g_final2_20260529_20260531_071513.sh
TGGC/hpo/tfb-re_europe_wind_signal_COSMO_long_no_null__MT1V_reduced_38T_1V_power/horizon_24/tggc__icde_missing_all_sheets_day17_gpu5_80g_final2_20260529_20260601_043403.sh,TGGC,hpo,tfb-re_europe_wind_signal_COSMO_long_no_null__MT1V_reduced_38T_1V_power,horizon_24,tggc__icde_missing_all_sheets_day17_gpu5_80g_final2_20260529_20260601_043403.sh
TGGC/hpo/tfb-re_europe_wind_signal_COSMO_long_no_null__MT1V_reduced_38T_1V_power/horizon_24/tggc__icde_missing_all_sheets_day17_gpu5_80g_final2_20260529_20260604_065156.sh,TGGC,hpo,tfb-re_europe_wind_signal_COSMO_long_no_null__MT1V_reduced_38T_1V_power,horizon_24,tggc__icde_missing_all_sheets_day17_gpu5_80g_final2_20260529_20260604_065156.sh
TGGC/hpo/tfb-re_europe_wind_signal_COSMO_long_no_null__MT1V_reduced_38T_1V_power/horizon_24/tggc__icde_missing_all_sheets_day17_gpu5_80g_final2_20260529_20260605_173453.sh,TGGC,hpo,tfb-re_europe_wind_signal_COSMO_long_no_null__MT1V_reduced_38T_1V_power,horizon_24,tggc__icde_missing_all_sheets_day17_gpu5_80g_final2_20260529_20260605_173453.sh
TGGC/hpo/tfb-re_europe_wind_signal_COSMO_long_no_null__MT1V_reduced_38T_1V_power/horizon_72/tggc.sh,TGGC,hpo,tfb-re_europe_wind_signal_COSMO_long_no_null__MT1V_reduced_38T_1V_power,horizon_72,tggc.sh
TGGC/hpo/tfb-re_europe_wind_signal_COSMO_long_no_null__MT1V_reduced_38T_1V_power/horizon_72/tggc__icde_missing_all_sheets_day17_gpu5_80g_final2_20260529_20260531_071513.sh,TGGC,hpo,tfb-re_europe_wind_signal_COSMO_long_no_null__MT1V_reduced_38T_1V_power,horizon_72,tggc__icde_missing_all_sheets_day17_gpu5_80g_final2_20260529_20260531_071513.sh
TGGC/hpo/tfb-re_europe_wind_signal_COSMO_long_no_null__MT1V_reduced_38T_1V_power/horizon_72/tggc__icde_missing_all_sheets_day17_gpu5_80g_final2_20260529_20260601_043403.sh,TGGC,hpo,tfb-re_europe_wind_signal_COSMO_long_no_null__MT1V_reduced_38T_1V_power,horizon_72,tggc__icde_missing_all_sheets_day17_gpu5_80g_final2_20260529_20260601_043403.sh
TGGC/hpo/tfb-re_europe_wind_signal_COSMO_long_no_null__MT1V_reduced_38T_1V_power/horizon_72/tggc__icde_missing_all_sheets_day17_gpu5_80g_final2_20260529_20260604_065156.sh,TGGC,hpo,tfb-re_europe_wind_signal_COSMO_long_no_null__MT1V_reduced_38T_1V_power,horizon_72,tggc__icde_missing_all_sheets_day17_gpu5_80g_final2_20260529_20260604_065156.sh
TGGC/hpo/tfb-re_europe_wind_signal_COSMO_long_no_null__MT1V_reduced_38T_1V_power/horizon_72/tggc__icde_missing_all_sheets_day17_gpu5_80g_final2_20260529_20260605_173453.sh,TGGC,hpo,tfb-re_europe_wind_signal_COSMO_long_no_null__MT1V_reduced_38T_1V_power,horizon_72,tggc__icde_missing_all_sheets_day17_gpu5_80g_final2_20260529_20260605_173453.sh
TGGC/hpo/tfb-re_europe_wind_signal_ECMWF_long_no_null__MT1V_reduced_38T_1V_power/horizon_12/tggc__server_a_day02_20260519_112819.sh,TGGC,hpo,tfb-re_europe_wind_signal_ECMWF_long_no_null__MT1V_reduced_38T_1V_power,horizon_12,tggc__server_a_day02_20260519_112819.sh
TGGC/hpo/tfb-re_europe_wind_signal_ECMWF_long_no_null__MT1V_reduced_38T_1V_power/horizon_12/tggc__server_a_day02_20260519_123043.sh,TGGC,hpo,tfb-re_europe_wind_signal_ECMWF_long_no_null__MT1V_reduced_38T_1V_power,horizon_12,tggc__server_a_day02_20260519_123043.sh
TGGC/hpo/tfb-re_europe_wind_signal_ECMWF_long_no_null__MT1V_reduced_38T_1V_power/horizon_12/tggc__server_a_day02_20260519_171704.sh,TGGC,hpo,tfb-re_europe_wind_signal_ECMWF_long_no_null__MT1V_reduced_38T_1V_power,horizon_12,tggc__server_a_day02_20260519_171704.sh
TGGC/hpo/tfb-re_europe_wind_signal_ECMWF_long_no_null__MT1V_reduced_38T_1V_power/horizon_12/tggc__server_a_day02_20260520_133059.sh,TGGC,hpo,tfb-re_europe_wind_signal_ECMWF_long_no_null__MT1V_reduced_38T_1V_power,horizon_12,tggc__server_a_day02_20260520_133059.sh
TGGC/hpo/tfb-re_europe_wind_signal_ECMWF_long_no_null__MT1V_reduced_38T_1V_power/horizon_144/tggc__server_a_day02_20260519_112819.sh,TGGC,hpo,tfb-re_europe_wind_signal_ECMWF_long_no_null__MT1V_reduced_38T_1V_power,horizon_144,tggc__server_a_day02_20260519_112819.sh
TGGC/hpo/tfb-re_europe_wind_signal_ECMWF_long_no_null__MT1V_reduced_38T_1V_power/horizon_144/tggc__server_a_day02_20260519_123043.sh,TGGC,hpo,tfb-re_europe_wind_signal_ECMWF_long_no_null__MT1V_reduced_38T_1V_power,horizon_144,tggc__server_a_day02_20260519_123043.sh
TGGC/hpo/tfb-re_europe_wind_signal_ECMWF_long_no_null__MT1V_reduced_38T_1V_power/horizon_144/tggc__server_a_day02_20260519_171704.sh,TGGC,hpo,tfb-re_europe_wind_signal_ECMWF_long_no_null__MT1V_reduced_38T_1V_power,horizon_144,tggc__server_a_day02_20260519_171704.sh
TGGC/hpo/tfb-re_europe_wind_signal_ECMWF_long_no_null__MT1V_reduced_38T_1V_power/horizon_144/tggc__server_a_day02_20260520_133059.sh,TGGC,hpo,tfb-re_europe_wind_signal_ECMWF_long_no_null__MT1V_reduced_38T_1V_power,horizon_144,tggc__server_a_day02_20260520_133059.sh
TGGC/hpo/tfb-re_europe_wind_signal_ECMWF_long_no_null__MT1V_reduced_38T_1V_power/horizon_24/tggc__server_a_day02_20260519_112819.sh,TGGC,hpo,tfb-re_europe_wind_signal_ECMWF_long_no_null__MT1V_reduced_38T_1V_power,horizon_24,tggc__server_a_day02_20260519_112819.sh
TGGC/hpo/tfb-re_europe_wind_signal_ECMWF_long_no_null__MT1V_reduced_38T_1V_power/horizon_24/tggc__server_a_day02_20260519_123043.sh,TGGC,hpo,tfb-re_europe_wind_signal_ECMWF_long_no_null__MT1V_reduced_38T_1V_power,horizon_24,tggc__server_a_day02_20260519_123043.sh
TGGC/hpo/tfb-re_europe_wind_signal_ECMWF_long_no_null__MT1V_reduced_38T_1V_power/horizon_24/tggc__server_a_day02_20260519_171704.sh,TGGC,hpo,tfb-re_europe_wind_signal_ECMWF_long_no_null__MT1V_reduced_38T_1V_power,horizon_24,tggc__server_a_day02_20260519_171704.sh
TGGC/hpo/tfb-re_europe_wind_signal_ECMWF_long_no_null__MT1V_reduced_38T_1V_power/horizon_24/tggc__server_a_day02_20260520_133059.sh,TGGC,hpo,tfb-re_europe_wind_signal_ECMWF_long_no_null__MT1V_reduced_38T_1V_power,horizon_24,tggc__server_a_day02_20260520_133059.sh
TGGC/hpo/tfb-re_europe_wind_signal_ECMWF_long_no_null__MT1V_reduced_38T_1V_power/horizon_72/tggc__server_a_day02_20260519_112819.sh,TGGC,hpo,tfb-re_europe_wind_signal_ECMWF_long_no_null__MT1V_reduced_38T_1V_power,horizon_72,tggc__server_a_day02_20260519_112819.sh
TGGC/hpo/tfb-re_europe_wind_signal_ECMWF_long_no_null__MT1V_reduced_38T_1V_power/horizon_72/tggc__server_a_day02_20260519_123043.sh,TGGC,hpo,tfb-re_europe_wind_signal_ECMWF_long_no_null__MT1V_reduced_38T_1V_power,horizon_72,tggc__server_a_day02_20260519_123043.sh
TGGC/hpo/tfb-re_europe_wind_signal_ECMWF_long_no_null__MT1V_reduced_38T_1V_power/horizon_72/tggc__server_a_day02_20260519_171704.sh,TGGC,hpo,tfb-re_europe_wind_signal_ECMWF_long_no_null__MT1V_reduced_38T_1V_power,horizon_72,tggc__server_a_day02_20260519_171704.sh
TGGC/hpo/tfb-re_europe_wind_signal_ECMWF_long_no_null__MT1V_reduced_38T_1V_power/horizon_72/tggc__server_a_day02_20260520_133059.sh,TGGC,hpo,tfb-re_europe_wind_signal_ECMWF_long_no_null__MT1V_reduced_38T_1V_power,horizon_72,tggc__server_a_day02_20260520_133059.sh
TGGC/hpo/tfb-scada_fault_10min_cleaned_numeric_only/horizon_12/tggc.sh,TGGC,hpo,tfb-scada_fault_10min_cleaned_numeric_only,horizon_12,tggc.sh
TGGC/hpo/tfb-scada_fault_10min_cleaned_numeric_only/horizon_144/tggc.sh,TGGC,hpo,tfb-scada_fault_10min_cleaned_numeric_only,horizon_144,tggc.sh
TGGC/hpo/tfb-scada_fault_10min_cleaned_numeric_only/horizon_24/tggc.sh,TGGC,hpo,tfb-scada_fault_10min_cleaned_numeric_only,horizon_24,tggc.sh
TGGC/hpo/tfb-scada_fault_10min_cleaned_numeric_only/horizon_72/tggc.sh,TGGC,hpo,tfb-scada_fault_10min_cleaned_numeric_only,horizon_72,tggc.sh
TGGC/hpo/tfb-sdwpf_245days_v1_final_final_cleaned/horizon_12/tggc.sh,TGGC,hpo,tfb-sdwpf_245days_v1_final_final_cleaned,horizon_12,tggc.sh
TGGC/hpo/tfb-sdwpf_245days_v1_final_final_cleaned/horizon_144/tggc.sh,TGGC,hpo,tfb-sdwpf_245days_v1_final_final_cleaned,horizon_144,tggc.sh
TGGC/hpo/tfb-sdwpf_245days_v1_final_final_cleaned/horizon_24/tggc.sh,TGGC,hpo,tfb-sdwpf_245days_v1_final_final_cleaned,horizon_24,tggc.sh
TGGC/hpo/tfb-sdwpf_245days_v1_final_final_cleaned/horizon_72/tggc.sh,TGGC,hpo,tfb-sdwpf_245days_v1_final_final_cleaned,horizon_72,tggc.sh
Timer/few_shot_10pct/tfb-Kelmarsh_filtered_wide__MTMV_reduced_3V_Power_(kW)/horizon_12/timer.sh,Timer,few_shot_10pct,tfb-Kelmarsh_filtered_wide__MTMV_reduced_3V_Power_(kW),horizon_12,timer.sh
Timer/few_shot_10pct/tfb-Kelmarsh_filtered_wide__MTMV_reduced_3V_Power_(kW)/horizon_144/timer.sh,Timer,few_shot_10pct,tfb-Kelmarsh_filtered_wide__MTMV_reduced_3V_Power_(kW),horizon_144,timer.sh
Timer/few_shot_10pct/tfb-Kelmarsh_filtered_wide__MTMV_reduced_3V_Power_(kW)/horizon_24/timer.sh,Timer,few_shot_10pct,tfb-Kelmarsh_filtered_wide__MTMV_reduced_3V_Power_(kW),horizon_24,timer.sh
Timer/few_shot_10pct/tfb-Kelmarsh_filtered_wide__MTMV_reduced_3V_Power_(kW)/horizon_72/timer.sh,Timer,few_shot_10pct,tfb-Kelmarsh_filtered_wide__MTMV_reduced_3V_Power_(kW),horizon_72,timer.sh
Timer/few_shot_10pct/tfb-Penmanshiel_filtered_wide__MTMV_reduced_3V_Power_(kW)__quality_trim_201607_201608_202009_202010/horizon_12/timer.sh,Timer,few_shot_10pct,tfb-Penmanshiel_filtered_wide__MTMV_reduced_3V_Power_(kW)__quality_trim_201607_201608_202009_202010,horizon_12,timer.sh
Timer/few_shot_10pct/tfb-Penmanshiel_filtered_wide__MTMV_reduced_3V_Power_(kW)__quality_trim_201607_201608_202009_202010/horizon_144/timer.sh,Timer,few_shot_10pct,tfb-Penmanshiel_filtered_wide__MTMV_reduced_3V_Power_(kW)__quality_trim_201607_201608_202009_202010,horizon_144,timer.sh
Timer/few_shot_10pct/tfb-Penmanshiel_filtered_wide__MTMV_reduced_3V_Power_(kW)__quality_trim_201607_201608_202009_202010/horizon_24/timer.sh,Timer,few_shot_10pct,tfb-Penmanshiel_filtered_wide__MTMV_reduced_3V_Power_(kW)__quality_trim_201607_201608_202009_202010,horizon_24,timer.sh
Timer/few_shot_10pct/tfb-Penmanshiel_filtered_wide__MTMV_reduced_3V_Power_(kW)__quality_trim_201607_201608_202009_202010/horizon_72/timer.sh,Timer,few_shot_10pct,tfb-Penmanshiel_filtered_wide__MTMV_reduced_3V_Power_(kW)__quality_trim_201607_201608_202009_202010,horizon_72,timer.sh
Timer/few_shot_10pct/tfb-UEBB_panel_wide_filled__MTMV_reduced_3V_active_power_total/horizon_12/few_shot_10pct_all_horizons.sh,Timer,few_shot_10pct,tfb-UEBB_panel_wide_filled__MTMV_reduced_3V_active_power_total,horizon_12,few_shot_10pct_all_horizons.sh
Timer/few_shot_10pct/tfb-UEBB_panel_wide_filled__MTMV_reduced_3V_active_power_total/horizon_12/timer__icde_missing_all_sheets_day17_gpu5_80g_final2_20260529_20260601_043403.sh,Timer,few_shot_10pct,tfb-UEBB_panel_wide_filled__MTMV_reduced_3V_active_power_total,horizon_12,timer__icde_missing_all_sheets_day17_gpu5_80g_final2_20260529_20260601_043403.sh
Timer/few_shot_10pct/tfb-UEBB_panel_wide_filled__MTMV_reduced_3V_active_power_total/horizon_12/timer__icde_missing_all_sheets_day17_gpu5_80g_final2_20260529_20260604_065156.sh,Timer,few_shot_10pct,tfb-UEBB_panel_wide_filled__MTMV_reduced_3V_active_power_total,horizon_12,timer__icde_missing_all_sheets_day17_gpu5_80g_final2_20260529_20260604_065156.sh
Timer/few_shot_10pct/tfb-UEBB_panel_wide_filled__MTMV_reduced_3V_active_power_total/horizon_12/timer__icde_missing_all_sheets_day17_gpu5_80g_final2_20260529_20260605_173453.sh,Timer,few_shot_10pct,tfb-UEBB_panel_wide_filled__MTMV_reduced_3V_active_power_total,horizon_12,timer__icde_missing_all_sheets_day17_gpu5_80g_final2_20260529_20260605_173453.sh
Timer/few_shot_10pct/tfb-UEBB_panel_wide_filled__MTMV_reduced_3V_active_power_total/horizon_144/few_shot_10pct_all_horizons.sh,Timer,few_shot_10pct,tfb-UEBB_panel_wide_filled__MTMV_reduced_3V_active_power_total,horizon_144,few_shot_10pct_all_horizons.sh
Timer/few_shot_10pct/tfb-UEBB_panel_wide_filled__MTMV_reduced_3V_active_power_total/horizon_144/timer__icde_missing_all_sheets_day17_gpu5_80g_final2_20260529_20260601_043403.sh,Timer,few_shot_10pct,tfb-UEBB_panel_wide_filled__MTMV_reduced_3V_active_power_total,horizon_144,timer__icde_missing_all_sheets_day17_gpu5_80g_final2_20260529_20260601_043403.sh
Timer/few_shot_10pct/tfb-UEBB_panel_wide_filled__MTMV_reduced_3V_active_power_total/horizon_144/timer__icde_missing_all_sheets_day17_gpu5_80g_final2_20260529_20260604_065156.sh,Timer,few_shot_10pct,tfb-UEBB_panel_wide_filled__MTMV_reduced_3V_active_power_total,horizon_144,timer__icde_missing_all_sheets_day17_gpu5_80g_final2_20260529_20260604_065156.sh
Timer/few_shot_10pct/tfb-UEBB_panel_wide_filled__MTMV_reduced_3V_active_power_total/horizon_144/timer__icde_missing_all_sheets_day17_gpu5_80g_final2_20260529_20260605_173453.sh,Timer,few_shot_10pct,tfb-UEBB_panel_wide_filled__MTMV_reduced_3V_active_power_total,horizon_144,timer__icde_missing_all_sheets_day17_gpu5_80g_final2_20260529_20260605_173453.sh
Timer/few_shot_10pct/tfb-UEBB_panel_wide_filled__MTMV_reduced_3V_active_power_total/horizon_24/few_shot_10pct_all_horizons.sh,Timer,few_shot_10pct,tfb-UEBB_panel_wide_filled__MTMV_reduced_3V_active_power_total,horizon_24,few_shot_10pct_all_horizons.sh
Timer/few_shot_10pct/tfb-UEBB_panel_wide_filled__MTMV_reduced_3V_active_power_total/horizon_24/timer__icde_missing_all_sheets_day17_gpu5_80g_final2_20260529_20260601_043403.sh,Timer,few_shot_10pct,tfb-UEBB_panel_wide_filled__MTMV_reduced_3V_active_power_total,horizon_24,timer__icde_missing_all_sheets_day17_gpu5_80g_final2_20260529_20260601_043403.sh
Timer/few_shot_10pct/tfb-UEBB_panel_wide_filled__MTMV_reduced_3V_active_power_total/horizon_24/timer__icde_missing_all_sheets_day17_gpu5_80g_final2_20260529_20260604_065156.sh,Timer,few_shot_10pct,tfb-UEBB_panel_wide_filled__MTMV_reduced_3V_active_power_total,horizon_24,timer__icde_missing_all_sheets_day17_gpu5_80g_final2_20260529_20260604_065156.sh
Timer/few_shot_10pct/tfb-UEBB_panel_wide_filled__MTMV_reduced_3V_active_power_total/horizon_24/timer__icde_missing_all_sheets_day17_gpu5_80g_final2_20260529_20260605_173453.sh,Timer,few_shot_10pct,tfb-UEBB_panel_wide_filled__MTMV_reduced_3V_active_power_total,horizon_24,timer__icde_missing_all_sheets_day17_gpu5_80g_final2_20260529_20260605_173453.sh
Timer/few_shot_10pct/tfb-UEBB_panel_wide_filled__MTMV_reduced_3V_active_power_total/horizon_72/few_shot_10pct_all_horizons.sh,Timer,few_shot_10pct,tfb-UEBB_panel_wide_filled__MTMV_reduced_3V_active_power_total,horizon_72,few_shot_10pct_all_horizons.sh
Timer/few_shot_10pct/tfb-UEBB_panel_wide_filled__MTMV_reduced_3V_active_power_total/horizon_72/timer__icde_missing_all_sheets_day17_gpu5_80g_final2_20260529_20260601_043403.sh,Timer,few_shot_10pct,tfb-UEBB_panel_wide_filled__MTMV_reduced_3V_active_power_total,horizon_72,timer__icde_missing_all_sheets_day17_gpu5_80g_final2_20260529_20260601_043403.sh
Timer/few_shot_10pct/tfb-UEBB_panel_wide_filled__MTMV_reduced_3V_active_power_total/horizon_72/timer__icde_missing_all_sheets_day17_gpu5_80g_final2_20260529_20260604_065156.sh,Timer,few_shot_10pct,tfb-UEBB_panel_wide_filled__MTMV_reduced_3V_active_power_total,horizon_72,timer__icde_missing_all_sheets_day17_gpu5_80g_final2_20260529_20260604_065156.sh
Timer/few_shot_10pct/tfb-UEBB_panel_wide_filled__MTMV_reduced_3V_active_power_total/horizon_72/timer__icde_missing_all_sheets_day17_gpu5_80g_final2_20260529_20260605_173453.sh,Timer,few_shot_10pct,tfb-UEBB_panel_wide_filled__MTMV_reduced_3V_active_power_total,horizon_72,timer__icde_missing_all_sheets_day17_gpu5_80g_final2_20260529_20260605_173453.sh
Timer/few_shot_10pct/tfb-UEPS_panel_wide_filled__MTMV_reduced_3V_active_power_total/horizon_12/timer.sh,Timer,few_shot_10pct,tfb-UEPS_panel_wide_filled__MTMV_reduced_3V_active_power_total,horizon_12,timer.sh
Timer/few_shot_10pct/tfb-UEPS_panel_wide_filled__MTMV_reduced_3V_active_power_total/horizon_144/timer.sh,Timer,few_shot_10pct,tfb-UEPS_panel_wide_filled__MTMV_reduced_3V_active_power_total,horizon_144,timer.sh
Timer/few_shot_10pct/tfb-UEPS_panel_wide_filled__MTMV_reduced_3V_active_power_total/horizon_24/timer.sh,Timer,few_shot_10pct,tfb-UEPS_panel_wide_filled__MTMV_reduced_3V_active_power_total,horizon_24,timer.sh
Timer/few_shot_10pct/tfb-UEPS_panel_wide_filled__MTMV_reduced_3V_active_power_total/horizon_72/timer.sh,Timer,few_shot_10pct,tfb-UEPS_panel_wide_filled__MTMV_reduced_3V_active_power_total,horizon_72,timer.sh
Timer/few_shot_10pct/tfb-Wind farm site 1 (Nominal capacity-99MW)_final/horizon_12/timer.sh,Timer,few_shot_10pct,tfb-Wind farm site 1 (Nominal capacity-99MW)_final,horizon_12,timer.sh
Timer/few_shot_10pct/tfb-Wind farm site 1 (Nominal capacity-99MW)_final/horizon_144/timer.sh,Timer,few_shot_10pct,tfb-Wind farm site 1 (Nominal capacity-99MW)_final,horizon_144,timer.sh
Timer/few_shot_10pct/tfb-Wind farm site 1 (Nominal capacity-99MW)_final/horizon_24/timer.sh,Timer,few_shot_10pct,tfb-Wind farm site 1 (Nominal capacity-99MW)_final,horizon_24,timer.sh
Timer/few_shot_10pct/tfb-Wind farm site 1 (Nominal capacity-99MW)_final/horizon_72/timer.sh,Timer,few_shot_10pct,tfb-Wind farm site 1 (Nominal capacity-99MW)_final,horizon_72,timer.sh
Timer/few_shot_10pct/tfb-Wind farm site 2 (Nominal capacity-200MW)_final/horizon_12/timer.sh,Timer,few_shot_10pct,tfb-Wind farm site 2 (Nominal capacity-200MW)_final,horizon_12,timer.sh
Timer/few_shot_10pct/tfb-Wind farm site 2 (Nominal capacity-200MW)_final/horizon_144/timer.sh,Timer,few_shot_10pct,tfb-Wind farm site 2 (Nominal capacity-200MW)_final,horizon_144,timer.sh
Timer/few_shot_10pct/tfb-Wind farm site 2 (Nominal capacity-200MW)_final/horizon_24/timer.sh,Timer,few_shot_10pct,tfb-Wind farm site 2 (Nominal capacity-200MW)_final,horizon_24,timer.sh
Timer/few_shot_10pct/tfb-Wind farm site 2 (Nominal capacity-200MW)_final/horizon_72/timer.sh,Timer,few_shot_10pct,tfb-Wind farm site 2 (Nominal capacity-200MW)_final,horizon_72,timer.sh
Timer/few_shot_10pct/tfb-Wind farm site 3 (Nominal capacity-99MW)_final/horizon_12/timer.sh,Timer,few_shot_10pct,tfb-Wind farm site 3 (Nominal capacity-99MW)_final,horizon_12,timer.sh
Timer/few_shot_10pct/tfb-Wind farm site 3 (Nominal capacity-99MW)_final/horizon_144/timer.sh,Timer,few_shot_10pct,tfb-Wind farm site 3 (Nominal capacity-99MW)_final,horizon_144,timer.sh
Timer/few_shot_10pct/tfb-Wind farm site 3 (Nominal capacity-99MW)_final/horizon_24/timer.sh,Timer,few_shot_10pct,tfb-Wind farm site 3 (Nominal capacity-99MW)_final,horizon_24,timer.sh
Timer/few_shot_10pct/tfb-Wind farm site 3 (Nominal capacity-99MW)_final/horizon_72/timer.sh,Timer,few_shot_10pct,tfb-Wind farm site 3 (Nominal capacity-99MW)_final,horizon_72,timer.sh
Timer/few_shot_10pct/tfb-Wind farm site 4 (Nominal capacity-66MW)_final/horizon_12/timer.sh,Timer,few_shot_10pct,tfb-Wind farm site 4 (Nominal capacity-66MW)_final,horizon_12,timer.sh
Timer/few_shot_10pct/tfb-Wind farm site 4 (Nominal capacity-66MW)_final/horizon_144/timer.sh,Timer,few_shot_10pct,tfb-Wind farm site 4 (Nominal capacity-66MW)_final,horizon_144,timer.sh
Timer/few_shot_10pct/tfb-Wind farm site 4 (Nominal capacity-66MW)_final/horizon_24/timer.sh,Timer,few_shot_10pct,tfb-Wind farm site 4 (Nominal capacity-66MW)_final,horizon_24,timer.sh
Timer/few_shot_10pct/tfb-Wind farm site 4 (Nominal capacity-66MW)_final/horizon_72/timer.sh,Timer,few_shot_10pct,tfb-Wind farm site 4 (Nominal capacity-66MW)_final,horizon_72,timer.sh
Timer/few_shot_10pct/tfb-Wind farm site 6 (Nominal capacity-96MW)_final/horizon_12/timer__server_a_day01_20260520_132941.sh,Timer,few_shot_10pct,tfb-Wind farm site 6 (Nominal capacity-96MW)_final,horizon_12,timer__server_a_day01_20260520_132941.sh
Timer/few_shot_10pct/tfb-Wind farm site 6 (Nominal capacity-96MW)_final/horizon_144/timer__server_a_day01_20260520_132941.sh,Timer,few_shot_10pct,tfb-Wind farm site 6 (Nominal capacity-96MW)_final,horizon_144,timer__server_a_day01_20260520_132941.sh
Timer/few_shot_10pct/tfb-Wind farm site 6 (Nominal capacity-96MW)_final/horizon_24/timer__server_a_day01_20260520_132941.sh,Timer,few_shot_10pct,tfb-Wind farm site 6 (Nominal capacity-96MW)_final,horizon_24,timer__server_a_day01_20260520_132941.sh
Timer/few_shot_10pct/tfb-Wind farm site 6 (Nominal capacity-96MW)_final/horizon_72/timer__server_a_day01_20260520_132941.sh,Timer,few_shot_10pct,tfb-Wind farm site 6 (Nominal capacity-96MW)_final,horizon_72,timer__server_a_day01_20260520_132941.sh
Timer/few_shot_10pct/tfb-Wind_Farm_A_filtered_wide_long_fixed__1T1V_reduced_1T_1V_windpower/horizon_12/timer.sh,Timer,few_shot_10pct,tfb-Wind_Farm_A_filtered_wide_long_fixed__1T1V_reduced_1T_1V_windpower,horizon_12,timer.sh
Timer/few_shot_10pct/tfb-Wind_Farm_A_filtered_wide_long_fixed__1T1V_reduced_1T_1V_windpower/horizon_144/timer.sh,Timer,few_shot_10pct,tfb-Wind_Farm_A_filtered_wide_long_fixed__1T1V_reduced_1T_1V_windpower,horizon_144,timer.sh
Timer/few_shot_10pct/tfb-Wind_Farm_A_filtered_wide_long_fixed__1T1V_reduced_1T_1V_windpower/horizon_24/timer.sh,Timer,few_shot_10pct,tfb-Wind_Farm_A_filtered_wide_long_fixed__1T1V_reduced_1T_1V_windpower,horizon_24,timer.sh
Timer/few_shot_10pct/tfb-Wind_Farm_A_filtered_wide_long_fixed__1T1V_reduced_1T_1V_windpower/horizon_72/timer.sh,Timer,few_shot_10pct,tfb-Wind_Farm_A_filtered_wide_long_fixed__1T1V_reduced_1T_1V_windpower,horizon_72,timer.sh
Timer/few_shot_10pct/tfb-Wind_Farm_B_filtered_wide_long_fixed__1T1V_reduced_1T_1V_windpower/horizon_12/timer.sh,Timer,few_shot_10pct,tfb-Wind_Farm_B_filtered_wide_long_fixed__1T1V_reduced_1T_1V_windpower,horizon_12,timer.sh
Timer/few_shot_10pct/tfb-Wind_Farm_B_filtered_wide_long_fixed__1T1V_reduced_1T_1V_windpower/horizon_144/timer.sh,Timer,few_shot_10pct,tfb-Wind_Farm_B_filtered_wide_long_fixed__1T1V_reduced_1T_1V_windpower,horizon_144,timer.sh
Timer/few_shot_10pct/tfb-Wind_Farm_B_filtered_wide_long_fixed__1T1V_reduced_1T_1V_windpower/horizon_24/timer.sh,Timer,few_shot_10pct,tfb-Wind_Farm_B_filtered_wide_long_fixed__1T1V_reduced_1T_1V_windpower,horizon_24,timer.sh
Timer/few_shot_10pct/tfb-Wind_Farm_B_filtered_wide_long_fixed__1T1V_reduced_1T_1V_windpower/horizon_72/timer.sh,Timer,few_shot_10pct,tfb-Wind_Farm_B_filtered_wide_long_fixed__1T1V_reduced_1T_1V_windpower,horizon_72,timer.sh
Timer/few_shot_10pct/tfb-Wind_Farm_C_filtered_wide_long_fixed__MT1V_reduced_1V_windpower/horizon_12/timer.sh,Timer,few_shot_10pct,tfb-Wind_Farm_C_filtered_wide_long_fixed__MT1V_reduced_1V_windpower,horizon_12,timer.sh
Timer/few_shot_10pct/tfb-Wind_Farm_C_filtered_wide_long_fixed__MT1V_reduced_1V_windpower/horizon_144/timer.sh,Timer,few_shot_10pct,tfb-Wind_Farm_C_filtered_wide_long_fixed__MT1V_reduced_1V_windpower,horizon_144,timer.sh
Timer/few_shot_10pct/tfb-Wind_Farm_C_filtered_wide_long_fixed__MT1V_reduced_1V_windpower/horizon_24/timer.sh,Timer,few_shot_10pct,tfb-Wind_Farm_C_filtered_wide_long_fixed__MT1V_reduced_1V_windpower,horizon_24,timer.sh
Timer/few_shot_10pct/tfb-Wind_Farm_C_filtered_wide_long_fixed__MT1V_reduced_1V_windpower/horizon_72/timer.sh,Timer,few_shot_10pct,tfb-Wind_Farm_C_filtered_wide_long_fixed__MT1V_reduced_1V_windpower,horizon_72,timer.sh
Timer/few_shot_10pct/tfb-Yalova_final_ready/horizon_12/timer.sh,Timer,few_shot_10pct,tfb-Yalova_final_ready,horizon_12,timer.sh
Timer/few_shot_10pct/tfb-Yalova_final_ready/horizon_144/timer.sh,Timer,few_shot_10pct,tfb-Yalova_final_ready,horizon_144,timer.sh
Timer/few_shot_10pct/tfb-Yalova_final_ready/horizon_24/timer.sh,Timer,few_shot_10pct,tfb-Yalova_final_ready,horizon_24,timer.sh
Timer/few_shot_10pct/tfb-Yalova_final_ready/horizon_72/timer.sh,Timer,few_shot_10pct,tfb-Yalova_final_ready,horizon_72,timer.sh
Timer/few_shot_10pct/tfb-aemo/horizon_12/timer.sh,Timer,few_shot_10pct,tfb-aemo,horizon_12,timer.sh
Timer/few_shot_10pct/tfb-aemo/horizon_144/timer.sh,Timer,few_shot_10pct,tfb-aemo,horizon_144,timer.sh
Timer/few_shot_10pct/tfb-aemo/horizon_24/timer.sh,Timer,few_shot_10pct,tfb-aemo,horizon_24,timer.sh
Timer/few_shot_10pct/tfb-aemo/horizon_72/timer.sh,Timer,few_shot_10pct,tfb-aemo,horizon_72,timer.sh
Timer/few_shot_10pct/tfb-chalmers_merged_processed_data_fixed_combined__1T1V_reduced_1min_1T_1V_power/horizon_12/timer.sh,Timer,few_shot_10pct,tfb-chalmers_merged_processed_data_fixed_combined__1T1V_reduced_1min_1T_1V_power,horizon_12,timer.sh
Timer/few_shot_10pct/tfb-chalmers_merged_processed_data_fixed_combined__1T1V_reduced_1min_1T_1V_power/horizon_144/timer.sh,Timer,few_shot_10pct,tfb-chalmers_merged_processed_data_fixed_combined__1T1V_reduced_1min_1T_1V_power,horizon_144,timer.sh
Timer/few_shot_10pct/tfb-chalmers_merged_processed_data_fixed_combined__1T1V_reduced_1min_1T_1V_power/horizon_24/timer.sh,Timer,few_shot_10pct,tfb-chalmers_merged_processed_data_fixed_combined__1T1V_reduced_1min_1T_1V_power,horizon_24,timer.sh
Timer/few_shot_10pct/tfb-chalmers_merged_processed_data_fixed_combined__1T1V_reduced_1min_1T_1V_power/horizon_72/timer.sh,Timer,few_shot_10pct,tfb-chalmers_merged_processed_data_fixed_combined__1T1V_reduced_1min_1T_1V_power,horizon_72,timer.sh
Timer/few_shot_10pct/tfb-chalmers_merged_processed_data_fixed_combined__1T1V_reduced_1min_1T_1V_power/timer_all.sh,Timer,few_shot_10pct,tfb-chalmers_merged_processed_data_fixed_combined__1T1V_reduced_1min_1T_1V_power,,timer_all.sh
Timer/few_shot_10pct/tfb-gefcom2012/horizon_12/timer.sh,Timer,few_shot_10pct,tfb-gefcom2012,horizon_12,timer.sh
Timer/few_shot_10pct/tfb-gefcom2012/horizon_144/timer.sh,Timer,few_shot_10pct,tfb-gefcom2012,horizon_144,timer.sh
Timer/few_shot_10pct/tfb-gefcom2012/horizon_24/timer.sh,Timer,few_shot_10pct,tfb-gefcom2012,horizon_24,timer.sh
Timer/few_shot_10pct/tfb-gefcom2012/horizon_72/timer.sh,Timer,few_shot_10pct,tfb-gefcom2012,horizon_72,timer.sh
Timer/few_shot_10pct/tfb-gefcom2014/horizon_12/timer.sh,Timer,few_shot_10pct,tfb-gefcom2014,horizon_12,timer.sh
Timer/few_shot_10pct/tfb-gefcom2014/horizon_144/timer.sh,Timer,few_shot_10pct,tfb-gefcom2014,horizon_144,timer.sh
Timer/few_shot_10pct/tfb-gefcom2014/horizon_24/timer.sh,Timer,few_shot_10pct,tfb-gefcom2014,horizon_24,timer.sh
Timer/few_shot_10pct/tfb-gefcom2014/horizon_72/timer.sh,Timer,few_shot_10pct,tfb-gefcom2014,horizon_72,timer.sh
Timer/few_shot_10pct/tfb-kaggle1_final_benchmark_v3_ready_no_turbinestatus/horizon_12/timer.sh,Timer,few_shot_10pct,tfb-kaggle1_final_benchmark_v3_ready_no_turbinestatus,horizon_12,timer.sh
Timer/few_shot_10pct/tfb-kaggle1_final_benchmark_v3_ready_no_turbinestatus/horizon_144/timer.sh,Timer,few_shot_10pct,tfb-kaggle1_final_benchmark_v3_ready_no_turbinestatus,horizon_144,timer.sh
Timer/few_shot_10pct/tfb-kaggle1_final_benchmark_v3_ready_no_turbinestatus/horizon_24/timer.sh,Timer,few_shot_10pct,tfb-kaggle1_final_benchmark_v3_ready_no_turbinestatus,horizon_24,timer.sh
Timer/few_shot_10pct/tfb-kaggle1_final_benchmark_v3_ready_no_turbinestatus/horizon_72/timer.sh,Timer,few_shot_10pct,tfb-kaggle1_final_benchmark_v3_ready_no_turbinestatus,horizon_72,timer.sh
Timer/few_shot_10pct/tfb-maelstrom_turbine_1_univariate/horizon_12/timer__server_a_day01_20260519_111959.sh,Timer,few_shot_10pct,tfb-maelstrom_turbine_1_univariate,horizon_12,timer__server_a_day01_20260519_111959.sh
Timer/few_shot_10pct/tfb-maelstrom_turbine_1_univariate/horizon_12/timer__server_a_day01_20260519_122851.sh,Timer,few_shot_10pct,tfb-maelstrom_turbine_1_univariate,horizon_12,timer__server_a_day01_20260519_122851.sh
Timer/few_shot_10pct/tfb-maelstrom_turbine_1_univariate/horizon_12/timer__server_a_day01_20260519_171557.sh,Timer,few_shot_10pct,tfb-maelstrom_turbine_1_univariate,horizon_12,timer__server_a_day01_20260519_171557.sh
Timer/few_shot_10pct/tfb-maelstrom_turbine_1_univariate/horizon_12/timer__server_a_day01_20260520_132941.sh,Timer,few_shot_10pct,tfb-maelstrom_turbine_1_univariate,horizon_12,timer__server_a_day01_20260520_132941.sh
Timer/few_shot_10pct/tfb-maelstrom_turbine_1_univariate/horizon_144/timer__server_a_day01_20260519_111959.sh,Timer,few_shot_10pct,tfb-maelstrom_turbine_1_univariate,horizon_144,timer__server_a_day01_20260519_111959.sh
Timer/few_shot_10pct/tfb-maelstrom_turbine_1_univariate/horizon_144/timer__server_a_day01_20260519_122851.sh,Timer,few_shot_10pct,tfb-maelstrom_turbine_1_univariate,horizon_144,timer__server_a_day01_20260519_122851.sh
Timer/few_shot_10pct/tfb-maelstrom_turbine_1_univariate/horizon_144/timer__server_a_day01_20260519_171557.sh,Timer,few_shot_10pct,tfb-maelstrom_turbine_1_univariate,horizon_144,timer__server_a_day01_20260519_171557.sh
Timer/few_shot_10pct/tfb-maelstrom_turbine_1_univariate/horizon_144/timer__server_a_day01_20260520_132941.sh,Timer,few_shot_10pct,tfb-maelstrom_turbine_1_univariate,horizon_144,timer__server_a_day01_20260520_132941.sh
Timer/few_shot_10pct/tfb-maelstrom_turbine_1_univariate/horizon_24/timer__server_a_day01_20260519_111959.sh,Timer,few_shot_10pct,tfb-maelstrom_turbine_1_univariate,horizon_24,timer__server_a_day01_20260519_111959.sh
Timer/few_shot_10pct/tfb-maelstrom_turbine_1_univariate/horizon_24/timer__server_a_day01_20260519_122851.sh,Timer,few_shot_10pct,tfb-maelstrom_turbine_1_univariate,horizon_24,timer__server_a_day01_20260519_122851.sh
Timer/few_shot_10pct/tfb-maelstrom_turbine_1_univariate/horizon_24/timer__server_a_day01_20260519_171557.sh,Timer,few_shot_10pct,tfb-maelstrom_turbine_1_univariate,horizon_24,timer__server_a_day01_20260519_171557.sh
Timer/few_shot_10pct/tfb-maelstrom_turbine_1_univariate/horizon_24/timer__server_a_day01_20260520_132941.sh,Timer,few_shot_10pct,tfb-maelstrom_turbine_1_univariate,horizon_24,timer__server_a_day01_20260520_132941.sh
Timer/few_shot_10pct/tfb-maelstrom_turbine_1_univariate/horizon_72/timer__server_a_day01_20260519_111959.sh,Timer,few_shot_10pct,tfb-maelstrom_turbine_1_univariate,horizon_72,timer__server_a_day01_20260519_111959.sh
Timer/few_shot_10pct/tfb-maelstrom_turbine_1_univariate/horizon_72/timer__server_a_day01_20260519_122851.sh,Timer,few_shot_10pct,tfb-maelstrom_turbine_1_univariate,horizon_72,timer__server_a_day01_20260519_122851.sh
Timer/few_shot_10pct/tfb-maelstrom_turbine_1_univariate/horizon_72/timer__server_a_day01_20260519_171557.sh,Timer,few_shot_10pct,tfb-maelstrom_turbine_1_univariate,horizon_72,timer__server_a_day01_20260519_171557.sh
Timer/few_shot_10pct/tfb-maelstrom_turbine_1_univariate/horizon_72/timer__server_a_day01_20260520_132941.sh,Timer,few_shot_10pct,tfb-maelstrom_turbine_1_univariate,horizon_72,timer__server_a_day01_20260520_132941.sh
Timer/few_shot_10pct/tfb-maelstrom_turbine_2_univariate/horizon_12/timer__server_a_day02_20260519_112819.sh,Timer,few_shot_10pct,tfb-maelstrom_turbine_2_univariate,horizon_12,timer__server_a_day02_20260519_112819.sh
Timer/few_shot_10pct/tfb-maelstrom_turbine_2_univariate/horizon_12/timer__server_a_day02_20260519_123043.sh,Timer,few_shot_10pct,tfb-maelstrom_turbine_2_univariate,horizon_12,timer__server_a_day02_20260519_123043.sh
Timer/few_shot_10pct/tfb-maelstrom_turbine_2_univariate/horizon_12/timer__server_a_day02_20260519_171704.sh,Timer,few_shot_10pct,tfb-maelstrom_turbine_2_univariate,horizon_12,timer__server_a_day02_20260519_171704.sh
Timer/few_shot_10pct/tfb-maelstrom_turbine_2_univariate/horizon_12/timer__server_a_day02_20260520_133059.sh,Timer,few_shot_10pct,tfb-maelstrom_turbine_2_univariate,horizon_12,timer__server_a_day02_20260520_133059.sh
Timer/few_shot_10pct/tfb-maelstrom_turbine_2_univariate/horizon_144/timer__server_a_day02_20260519_112819.sh,Timer,few_shot_10pct,tfb-maelstrom_turbine_2_univariate,horizon_144,timer__server_a_day02_20260519_112819.sh
Timer/few_shot_10pct/tfb-maelstrom_turbine_2_univariate/horizon_144/timer__server_a_day02_20260519_123043.sh,Timer,few_shot_10pct,tfb-maelstrom_turbine_2_univariate,horizon_144,timer__server_a_day02_20260519_123043.sh
Timer/few_shot_10pct/tfb-maelstrom_turbine_2_univariate/horizon_144/timer__server_a_day02_20260519_171704.sh,Timer,few_shot_10pct,tfb-maelstrom_turbine_2_univariate,horizon_144,timer__server_a_day02_20260519_171704.sh
Timer/few_shot_10pct/tfb-maelstrom_turbine_2_univariate/horizon_144/timer__server_a_day02_20260520_133059.sh,Timer,few_shot_10pct,tfb-maelstrom_turbine_2_univariate,horizon_144,timer__server_a_day02_20260520_133059.sh
Timer/few_shot_10pct/tfb-maelstrom_turbine_2_univariate/horizon_24/timer__server_a_day02_20260519_112819.sh,Timer,few_shot_10pct,tfb-maelstrom_turbine_2_univariate,horizon_24,timer__server_a_day02_20260519_112819.sh
Timer/few_shot_10pct/tfb-maelstrom_turbine_2_univariate/horizon_24/timer__server_a_day02_20260519_123043.sh,Timer,few_shot_10pct,tfb-maelstrom_turbine_2_univariate,horizon_24,timer__server_a_day02_20260519_123043.sh
Timer/few_shot_10pct/tfb-maelstrom_turbine_2_univariate/horizon_24/timer__server_a_day02_20260519_171704.sh,Timer,few_shot_10pct,tfb-maelstrom_turbine_2_univariate,horizon_24,timer__server_a_day02_20260519_171704.sh
Timer/few_shot_10pct/tfb-maelstrom_turbine_2_univariate/horizon_24/timer__server_a_day02_20260520_133059.sh,Timer,few_shot_10pct,tfb-maelstrom_turbine_2_univariate,horizon_24,timer__server_a_day02_20260520_133059.sh
Timer/few_shot_10pct/tfb-maelstrom_turbine_2_univariate/horizon_72/timer__server_a_day02_20260519_112819.sh,Timer,few_shot_10pct,tfb-maelstrom_turbine_2_univariate,horizon_72,timer__server_a_day02_20260519_112819.sh
Timer/few_shot_10pct/tfb-maelstrom_turbine_2_univariate/horizon_72/timer__server_a_day02_20260519_123043.sh,Timer,few_shot_10pct,tfb-maelstrom_turbine_2_univariate,horizon_72,timer__server_a_day02_20260519_123043.sh
Timer/few_shot_10pct/tfb-maelstrom_turbine_2_univariate/horizon_72/timer__server_a_day02_20260519_171704.sh,Timer,few_shot_10pct,tfb-maelstrom_turbine_2_univariate,horizon_72,timer__server_a_day02_20260519_171704.sh
Timer/few_shot_10pct/tfb-maelstrom_turbine_2_univariate/horizon_72/timer__server_a_day02_20260520_133059.sh,Timer,few_shot_10pct,tfb-maelstrom_turbine_2_univariate,horizon_72,timer__server_a_day02_20260520_133059.sh
Timer/few_shot_10pct/tfb-maelstrom_turbine_3_univariate/horizon_12/timer__server_a_day02_20260519_171704.sh,Timer,few_shot_10pct,tfb-maelstrom_turbine_3_univariate,horizon_12,timer__server_a_day02_20260519_171704.sh
Timer/few_shot_10pct/tfb-maelstrom_turbine_3_univariate/horizon_12/timer__server_a_day02_20260520_133059.sh,Timer,few_shot_10pct,tfb-maelstrom_turbine_3_univariate,horizon_12,timer__server_a_day02_20260520_133059.sh
Timer/few_shot_10pct/tfb-maelstrom_turbine_3_univariate/horizon_144/timer__server_a_day02_20260519_171704.sh,Timer,few_shot_10pct,tfb-maelstrom_turbine_3_univariate,horizon_144,timer__server_a_day02_20260519_171704.sh
Timer/few_shot_10pct/tfb-maelstrom_turbine_3_univariate/horizon_144/timer__server_a_day02_20260520_133059.sh,Timer,few_shot_10pct,tfb-maelstrom_turbine_3_univariate,horizon_144,timer__server_a_day02_20260520_133059.sh
Timer/few_shot_10pct/tfb-maelstrom_turbine_3_univariate/horizon_24/timer__server_a_day02_20260519_171704.sh,Timer,few_shot_10pct,tfb-maelstrom_turbine_3_univariate,horizon_24,timer__server_a_day02_20260519_171704.sh
Timer/few_shot_10pct/tfb-maelstrom_turbine_3_univariate/horizon_24/timer__server_a_day02_20260520_133059.sh,Timer,few_shot_10pct,tfb-maelstrom_turbine_3_univariate,horizon_24,timer__server_a_day02_20260520_133059.sh
Timer/few_shot_10pct/tfb-maelstrom_turbine_3_univariate/horizon_72/timer__server_a_day02_20260519_171704.sh,Timer,few_shot_10pct,tfb-maelstrom_turbine_3_univariate,horizon_72,timer__server_a_day02_20260519_171704.sh
Timer/few_shot_10pct/tfb-maelstrom_turbine_3_univariate/horizon_72/timer__server_a_day02_20260520_133059.sh,Timer,few_shot_10pct,tfb-maelstrom_turbine_3_univariate,horizon_72,timer__server_a_day02_20260520_133059.sh
Timer/few_shot_10pct/tfb-maelstrom_turbine_4_univariate/horizon_12/timer__server_a_day02_20260519_112819.sh,Timer,few_shot_10pct,tfb-maelstrom_turbine_4_univariate,horizon_12,timer__server_a_day02_20260519_112819.sh
Timer/few_shot_10pct/tfb-maelstrom_turbine_4_univariate/horizon_12/timer__server_a_day02_20260519_123043.sh,Timer,few_shot_10pct,tfb-maelstrom_turbine_4_univariate,horizon_12,timer__server_a_day02_20260519_123043.sh
Timer/few_shot_10pct/tfb-maelstrom_turbine_4_univariate/horizon_12/timer__server_a_day02_20260519_171704.sh,Timer,few_shot_10pct,tfb-maelstrom_turbine_4_univariate,horizon_12,timer__server_a_day02_20260519_171704.sh
Timer/few_shot_10pct/tfb-maelstrom_turbine_4_univariate/horizon_12/timer__server_a_day02_20260520_133059.sh,Timer,few_shot_10pct,tfb-maelstrom_turbine_4_univariate,horizon_12,timer__server_a_day02_20260520_133059.sh
Timer/few_shot_10pct/tfb-maelstrom_turbine_4_univariate/horizon_144/timer__server_a_day02_20260519_112819.sh,Timer,few_shot_10pct,tfb-maelstrom_turbine_4_univariate,horizon_144,timer__server_a_day02_20260519_112819.sh
Timer/few_shot_10pct/tfb-maelstrom_turbine_4_univariate/horizon_144/timer__server_a_day02_20260519_123043.sh,Timer,few_shot_10pct,tfb-maelstrom_turbine_4_univariate,horizon_144,timer__server_a_day02_20260519_123043.sh
Timer/few_shot_10pct/tfb-maelstrom_turbine_4_univariate/horizon_144/timer__server_a_day02_20260519_171704.sh,Timer,few_shot_10pct,tfb-maelstrom_turbine_4_univariate,horizon_144,timer__server_a_day02_20260519_171704.sh
Timer/few_shot_10pct/tfb-maelstrom_turbine_4_univariate/horizon_144/timer__server_a_day02_20260520_133059.sh,Timer,few_shot_10pct,tfb-maelstrom_turbine_4_univariate,horizon_144,timer__server_a_day02_20260520_133059.sh
Timer/few_shot_10pct/tfb-maelstrom_turbine_4_univariate/horizon_24/timer__server_a_day02_20260519_112819.sh,Timer,few_shot_10pct,tfb-maelstrom_turbine_4_univariate,horizon_24,timer__server_a_day02_20260519_112819.sh
Timer/few_shot_10pct/tfb-maelstrom_turbine_4_univariate/horizon_24/timer__server_a_day02_20260519_123043.sh,Timer,few_shot_10pct,tfb-maelstrom_turbine_4_univariate,horizon_24,timer__server_a_day02_20260519_123043.sh
Timer/few_shot_10pct/tfb-maelstrom_turbine_4_univariate/horizon_24/timer__server_a_day02_20260519_171704.sh,Timer,few_shot_10pct,tfb-maelstrom_turbine_4_univariate,horizon_24,timer__server_a_day02_20260519_171704.sh
Timer/few_shot_10pct/tfb-maelstrom_turbine_4_univariate/horizon_24/timer__server_a_day02_20260520_133059.sh,Timer,few_shot_10pct,tfb-maelstrom_turbine_4_univariate,horizon_24,timer__server_a_day02_20260520_133059.sh
Timer/few_shot_10pct/tfb-maelstrom_turbine_4_univariate/horizon_72/timer__server_a_day02_20260519_112819.sh,Timer,few_shot_10pct,tfb-maelstrom_turbine_4_univariate,horizon_72,timer__server_a_day02_20260519_112819.sh
Timer/few_shot_10pct/tfb-maelstrom_turbine_4_univariate/horizon_72/timer__server_a_day02_20260519_123043.sh,Timer,few_shot_10pct,tfb-maelstrom_turbine_4_univariate,horizon_72,timer__server_a_day02_20260519_123043.sh
Timer/few_shot_10pct/tfb-maelstrom_turbine_4_univariate/horizon_72/timer__server_a_day02_20260519_171704.sh,Timer,few_shot_10pct,tfb-maelstrom_turbine_4_univariate,horizon_72,timer__server_a_day02_20260519_171704.sh
Timer/few_shot_10pct/tfb-maelstrom_turbine_4_univariate/horizon_72/timer__server_a_day02_20260520_133059.sh,Timer,few_shot_10pct,tfb-maelstrom_turbine_4_univariate,horizon_72,timer__server_a_day02_20260520_133059.sh
Timer/few_shot_10pct/tfb-re_europe_wind_signal_COSMO_long_no_null__MT1V_reduced_38T_1V_power/horizon_12/timer__server_a_day01_20260519_111959.sh,Timer,few_shot_10pct,tfb-re_europe_wind_signal_COSMO_long_no_null__MT1V_reduced_38T_1V_power,horizon_12,timer__server_a_day01_20260519_111959.sh
Timer/few_shot_10pct/tfb-re_europe_wind_signal_COSMO_long_no_null__MT1V_reduced_38T_1V_power/horizon_12/timer__server_a_day01_20260519_122851.sh,Timer,few_shot_10pct,tfb-re_europe_wind_signal_COSMO_long_no_null__MT1V_reduced_38T_1V_power,horizon_12,timer__server_a_day01_20260519_122851.sh
Timer/few_shot_10pct/tfb-re_europe_wind_signal_COSMO_long_no_null__MT1V_reduced_38T_1V_power/horizon_12/timer__server_a_day01_20260519_171557.sh,Timer,few_shot_10pct,tfb-re_europe_wind_signal_COSMO_long_no_null__MT1V_reduced_38T_1V_power,horizon_12,timer__server_a_day01_20260519_171557.sh
Timer/few_shot_10pct/tfb-re_europe_wind_signal_COSMO_long_no_null__MT1V_reduced_38T_1V_power/horizon_12/timer__server_a_day01_20260520_132941.sh,Timer,few_shot_10pct,tfb-re_europe_wind_signal_COSMO_long_no_null__MT1V_reduced_38T_1V_power,horizon_12,timer__server_a_day01_20260520_132941.sh
Timer/few_shot_10pct/tfb-re_europe_wind_signal_COSMO_long_no_null__MT1V_reduced_38T_1V_power/horizon_144/timer__server_a_day01_20260519_111959.sh,Timer,few_shot_10pct,tfb-re_europe_wind_signal_COSMO_long_no_null__MT1V_reduced_38T_1V_power,horizon_144,timer__server_a_day01_20260519_111959.sh
Timer/few_shot_10pct/tfb-re_europe_wind_signal_COSMO_long_no_null__MT1V_reduced_38T_1V_power/horizon_144/timer__server_a_day01_20260519_122851.sh,Timer,few_shot_10pct,tfb-re_europe_wind_signal_COSMO_long_no_null__MT1V_reduced_38T_1V_power,horizon_144,timer__server_a_day01_20260519_122851.sh
Timer/few_shot_10pct/tfb-re_europe_wind_signal_COSMO_long_no_null__MT1V_reduced_38T_1V_power/horizon_144/timer__server_a_day01_20260519_171557.sh,Timer,few_shot_10pct,tfb-re_europe_wind_signal_COSMO_long_no_null__MT1V_reduced_38T_1V_power,horizon_144,timer__server_a_day01_20260519_171557.sh
Timer/few_shot_10pct/tfb-re_europe_wind_signal_COSMO_long_no_null__MT1V_reduced_38T_1V_power/horizon_144/timer__server_a_day01_20260520_132941.sh,Timer,few_shot_10pct,tfb-re_europe_wind_signal_COSMO_long_no_null__MT1V_reduced_38T_1V_power,horizon_144,timer__server_a_day01_20260520_132941.sh
Timer/few_shot_10pct/tfb-re_europe_wind_signal_COSMO_long_no_null__MT1V_reduced_38T_1V_power/horizon_24/timer__server_a_day01_20260519_111959.sh,Timer,few_shot_10pct,tfb-re_europe_wind_signal_COSMO_long_no_null__MT1V_reduced_38T_1V_power,horizon_24,timer__server_a_day01_20260519_111959.sh
Timer/few_shot_10pct/tfb-re_europe_wind_signal_COSMO_long_no_null__MT1V_reduced_38T_1V_power/horizon_24/timer__server_a_day01_20260519_122851.sh,Timer,few_shot_10pct,tfb-re_europe_wind_signal_COSMO_long_no_null__MT1V_reduced_38T_1V_power,horizon_24,timer__server_a_day01_20260519_122851.sh
Timer/few_shot_10pct/tfb-re_europe_wind_signal_COSMO_long_no_null__MT1V_reduced_38T_1V_power/horizon_24/timer__server_a_day01_20260519_171557.sh,Timer,few_shot_10pct,tfb-re_europe_wind_signal_COSMO_long_no_null__MT1V_reduced_38T_1V_power,horizon_24,timer__server_a_day01_20260519_171557.sh
Timer/few_shot_10pct/tfb-re_europe_wind_signal_COSMO_long_no_null__MT1V_reduced_38T_1V_power/horizon_24/timer__server_a_day01_20260520_132941.sh,Timer,few_shot_10pct,tfb-re_europe_wind_signal_COSMO_long_no_null__MT1V_reduced_38T_1V_power,horizon_24,timer__server_a_day01_20260520_132941.sh
Timer/few_shot_10pct/tfb-re_europe_wind_signal_COSMO_long_no_null__MT1V_reduced_38T_1V_power/horizon_72/timer__server_a_day01_20260519_111959.sh,Timer,few_shot_10pct,tfb-re_europe_wind_signal_COSMO_long_no_null__MT1V_reduced_38T_1V_power,horizon_72,timer__server_a_day01_20260519_111959.sh
Timer/few_shot_10pct/tfb-re_europe_wind_signal_COSMO_long_no_null__MT1V_reduced_38T_1V_power/horizon_72/timer__server_a_day01_20260519_122851.sh,Timer,few_shot_10pct,tfb-re_europe_wind_signal_COSMO_long_no_null__MT1V_reduced_38T_1V_power,horizon_72,timer__server_a_day01_20260519_122851.sh
Timer/few_shot_10pct/tfb-re_europe_wind_signal_COSMO_long_no_null__MT1V_reduced_38T_1V_power/horizon_72/timer__server_a_day01_20260519_171557.sh,Timer,few_shot_10pct,tfb-re_europe_wind_signal_COSMO_long_no_null__MT1V_reduced_38T_1V_power,horizon_72,timer__server_a_day01_20260519_171557.sh
Timer/few_shot_10pct/tfb-re_europe_wind_signal_COSMO_long_no_null__MT1V_reduced_38T_1V_power/horizon_72/timer__server_a_day01_20260520_132941.sh,Timer,few_shot_10pct,tfb-re_europe_wind_signal_COSMO_long_no_null__MT1V_reduced_38T_1V_power,horizon_72,timer__server_a_day01_20260520_132941.sh
Timer/few_shot_10pct/tfb-re_europe_wind_signal_ECMWF_long_no_null__MT1V_reduced_38T_1V_power/horizon_12/timer.sh,Timer,few_shot_10pct,tfb-re_europe_wind_signal_ECMWF_long_no_null__MT1V_reduced_38T_1V_power,horizon_12,timer.sh
Timer/few_shot_10pct/tfb-re_europe_wind_signal_ECMWF_long_no_null__MT1V_reduced_38T_1V_power/horizon_144/timer.sh,Timer,few_shot_10pct,tfb-re_europe_wind_signal_ECMWF_long_no_null__MT1V_reduced_38T_1V_power,horizon_144,timer.sh
Timer/few_shot_10pct/tfb-re_europe_wind_signal_ECMWF_long_no_null__MT1V_reduced_38T_1V_power/horizon_24/timer.sh,Timer,few_shot_10pct,tfb-re_europe_wind_signal_ECMWF_long_no_null__MT1V_reduced_38T_1V_power,horizon_24,timer.sh
Timer/few_shot_10pct/tfb-re_europe_wind_signal_ECMWF_long_no_null__MT1V_reduced_38T_1V_power/horizon_72/timer.sh,Timer,few_shot_10pct,tfb-re_europe_wind_signal_ECMWF_long_no_null__MT1V_reduced_38T_1V_power,horizon_72,timer.sh
Timer/few_shot_10pct/tfb-scada_fault_10min_cleaned_numeric_only/horizon_12/timer.sh,Timer,few_shot_10pct,tfb-scada_fault_10min_cleaned_numeric_only,horizon_12,timer.sh
Timer/few_shot_10pct/tfb-scada_fault_10min_cleaned_numeric_only/horizon_144/timer.sh,Timer,few_shot_10pct,tfb-scada_fault_10min_cleaned_numeric_only,horizon_144,timer.sh
Timer/few_shot_10pct/tfb-scada_fault_10min_cleaned_numeric_only/horizon_24/timer.sh,Timer,few_shot_10pct,tfb-scada_fault_10min_cleaned_numeric_only,horizon_24,timer.sh
Timer/few_shot_10pct/tfb-scada_fault_10min_cleaned_numeric_only/horizon_72/timer.sh,Timer,few_shot_10pct,tfb-scada_fault_10min_cleaned_numeric_only,horizon_72,timer.sh
Timer/few_shot_10pct/tfb-sdwpf_245days_v1_final_final_cleaned/horizon_12/timer.sh,Timer,few_shot_10pct,tfb-sdwpf_245days_v1_final_final_cleaned,horizon_12,timer.sh
Timer/few_shot_10pct/tfb-sdwpf_245days_v1_final_final_cleaned/horizon_144/timer.sh,Timer,few_shot_10pct,tfb-sdwpf_245days_v1_final_final_cleaned,horizon_144,timer.sh
Timer/few_shot_10pct/tfb-sdwpf_245days_v1_final_final_cleaned/horizon_24/timer.sh,Timer,few_shot_10pct,tfb-sdwpf_245days_v1_final_final_cleaned,horizon_24,timer.sh
Timer/few_shot_10pct/tfb-sdwpf_245days_v1_final_final_cleaned/horizon_72/timer.sh,Timer,few_shot_10pct,tfb-sdwpf_245days_v1_final_final_cleaned,horizon_72,timer.sh
Timer/full_shot/tfb-Kelmarsh_filtered_wide__MTMV_reduced_3V_Power_(kW)/horizon_12/timer.sh,Timer,full_shot,tfb-Kelmarsh_filtered_wide__MTMV_reduced_3V_Power_(kW),horizon_12,timer.sh
Timer/full_shot/tfb-Kelmarsh_filtered_wide__MTMV_reduced_3V_Power_(kW)/horizon_144/timer.sh,Timer,full_shot,tfb-Kelmarsh_filtered_wide__MTMV_reduced_3V_Power_(kW),horizon_144,timer.sh
Timer/full_shot/tfb-Kelmarsh_filtered_wide__MTMV_reduced_3V_Power_(kW)/horizon_24/timer.sh,Timer,full_shot,tfb-Kelmarsh_filtered_wide__MTMV_reduced_3V_Power_(kW),horizon_24,timer.sh
Timer/full_shot/tfb-Kelmarsh_filtered_wide__MTMV_reduced_3V_Power_(kW)/horizon_72/timer.sh,Timer,full_shot,tfb-Kelmarsh_filtered_wide__MTMV_reduced_3V_Power_(kW),horizon_72,timer.sh
Timer/full_shot/tfb-Penmanshiel_filtered_wide__MTMV_reduced_3V_Power_(kW)__quality_trim_201607_201608_202009_202010/horizon_12/timer.sh,Timer,full_shot,tfb-Penmanshiel_filtered_wide__MTMV_reduced_3V_Power_(kW)__quality_trim_201607_201608_202009_202010,horizon_12,timer.sh
Timer/full_shot/tfb-Penmanshiel_filtered_wide__MTMV_reduced_3V_Power_(kW)__quality_trim_201607_201608_202009_202010/horizon_144/timer.sh,Timer,full_shot,tfb-Penmanshiel_filtered_wide__MTMV_reduced_3V_Power_(kW)__quality_trim_201607_201608_202009_202010,horizon_144,timer.sh
Timer/full_shot/tfb-Penmanshiel_filtered_wide__MTMV_reduced_3V_Power_(kW)__quality_trim_201607_201608_202009_202010/horizon_24/timer.sh,Timer,full_shot,tfb-Penmanshiel_filtered_wide__MTMV_reduced_3V_Power_(kW)__quality_trim_201607_201608_202009_202010,horizon_24,timer.sh
Timer/full_shot/tfb-Penmanshiel_filtered_wide__MTMV_reduced_3V_Power_(kW)__quality_trim_201607_201608_202009_202010/horizon_72/timer.sh,Timer,full_shot,tfb-Penmanshiel_filtered_wide__MTMV_reduced_3V_Power_(kW)__quality_trim_201607_201608_202009_202010,horizon_72,timer.sh
Timer/full_shot/tfb-UEBB_panel_wide_filled__MTMV_reduced_3V_active_power_total/horizon_12/full_shot_all_horizons.sh,Timer,full_shot,tfb-UEBB_panel_wide_filled__MTMV_reduced_3V_active_power_total,horizon_12,full_shot_all_horizons.sh
Timer/full_shot/tfb-UEBB_panel_wide_filled__MTMV_reduced_3V_active_power_total/horizon_12/timer__icde_missing_all_sheets_day17_gpu5_80g_final2_20260529_20260601_043403.sh,Timer,full_shot,tfb-UEBB_panel_wide_filled__MTMV_reduced_3V_active_power_total,horizon_12,timer__icde_missing_all_sheets_day17_gpu5_80g_final2_20260529_20260601_043403.sh
Timer/full_shot/tfb-UEBB_panel_wide_filled__MTMV_reduced_3V_active_power_total/horizon_12/timer__icde_missing_all_sheets_day17_gpu5_80g_final2_20260529_20260604_065156.sh,Timer,full_shot,tfb-UEBB_panel_wide_filled__MTMV_reduced_3V_active_power_total,horizon_12,timer__icde_missing_all_sheets_day17_gpu5_80g_final2_20260529_20260604_065156.sh
Timer/full_shot/tfb-UEBB_panel_wide_filled__MTMV_reduced_3V_active_power_total/horizon_12/timer__icde_missing_all_sheets_day17_gpu5_80g_final2_20260529_20260605_173453.sh,Timer,full_shot,tfb-UEBB_panel_wide_filled__MTMV_reduced_3V_active_power_total,horizon_12,timer__icde_missing_all_sheets_day17_gpu5_80g_final2_20260529_20260605_173453.sh
Timer/full_shot/tfb-UEBB_panel_wide_filled__MTMV_reduced_3V_active_power_total/horizon_144/full_shot_all_horizons.sh,Timer,full_shot,tfb-UEBB_panel_wide_filled__MTMV_reduced_3V_active_power_total,horizon_144,full_shot_all_horizons.sh
Timer/full_shot/tfb-UEBB_panel_wide_filled__MTMV_reduced_3V_active_power_total/horizon_144/timer__icde_missing_all_sheets_day17_gpu5_80g_final2_20260529_20260601_043403.sh,Timer,full_shot,tfb-UEBB_panel_wide_filled__MTMV_reduced_3V_active_power_total,horizon_144,timer__icde_missing_all_sheets_day17_gpu5_80g_final2_20260529_20260601_043403.sh
Timer/full_shot/tfb-UEBB_panel_wide_filled__MTMV_reduced_3V_active_power_total/horizon_144/timer__icde_missing_all_sheets_day17_gpu5_80g_final2_20260529_20260604_065156.sh,Timer,full_shot,tfb-UEBB_panel_wide_filled__MTMV_reduced_3V_active_power_total,horizon_144,timer__icde_missing_all_sheets_day17_gpu5_80g_final2_20260529_20260604_065156.sh
Timer/full_shot/tfb-UEBB_panel_wide_filled__MTMV_reduced_3V_active_power_total/horizon_144/timer__icde_missing_all_sheets_day17_gpu5_80g_final2_20260529_20260605_173453.sh,Timer,full_shot,tfb-UEBB_panel_wide_filled__MTMV_reduced_3V_active_power_total,horizon_144,timer__icde_missing_all_sheets_day17_gpu5_80g_final2_20260529_20260605_173453.sh
Timer/full_shot/tfb-UEBB_panel_wide_filled__MTMV_reduced_3V_active_power_total/horizon_24/full_shot_all_horizons.sh,Timer,full_shot,tfb-UEBB_panel_wide_filled__MTMV_reduced_3V_active_power_total,horizon_24,full_shot_all_horizons.sh
Timer/full_shot/tfb-UEBB_panel_wide_filled__MTMV_reduced_3V_active_power_total/horizon_24/timer__icde_missing_all_sheets_day17_gpu5_80g_final2_20260529_20260601_043403.sh,Timer,full_shot,tfb-UEBB_panel_wide_filled__MTMV_reduced_3V_active_power_total,horizon_24,timer__icde_missing_all_sheets_day17_gpu5_80g_final2_20260529_20260601_043403.sh
Timer/full_shot/tfb-UEBB_panel_wide_filled__MTMV_reduced_3V_active_power_total/horizon_24/timer__icde_missing_all_sheets_day17_gpu5_80g_final2_20260529_20260604_065156.sh,Timer,full_shot,tfb-UEBB_panel_wide_filled__MTMV_reduced_3V_active_power_total,horizon_24,timer__icde_missing_all_sheets_day17_gpu5_80g_final2_20260529_20260604_065156.sh
Timer/full_shot/tfb-UEBB_panel_wide_filled__MTMV_reduced_3V_active_power_total/horizon_24/timer__icde_missing_all_sheets_day17_gpu5_80g_final2_20260529_20260605_173453.sh,Timer,full_shot,tfb-UEBB_panel_wide_filled__MTMV_reduced_3V_active_power_total,horizon_24,timer__icde_missing_all_sheets_day17_gpu5_80g_final2_20260529_20260605_173453.sh
Timer/full_shot/tfb-UEBB_panel_wide_filled__MTMV_reduced_3V_active_power_total/horizon_72/full_shot_all_horizons.sh,Timer,full_shot,tfb-UEBB_panel_wide_filled__MTMV_reduced_3V_active_power_total,horizon_72,full_shot_all_horizons.sh
Timer/full_shot/tfb-UEBB_panel_wide_filled__MTMV_reduced_3V_active_power_total/horizon_72/timer__icde_missing_all_sheets_day17_gpu5_80g_final2_20260529_20260601_043403.sh,Timer,full_shot,tfb-UEBB_panel_wide_filled__MTMV_reduced_3V_active_power_total,horizon_72,timer__icde_missing_all_sheets_day17_gpu5_80g_final2_20260529_20260601_043403.sh
Timer/full_shot/tfb-UEBB_panel_wide_filled__MTMV_reduced_3V_active_power_total/horizon_72/timer__icde_missing_all_sheets_day17_gpu5_80g_final2_20260529_20260604_065156.sh,Timer,full_shot,tfb-UEBB_panel_wide_filled__MTMV_reduced_3V_active_power_total,horizon_72,timer__icde_missing_all_sheets_day17_gpu5_80g_final2_20260529_20260604_065156.sh
Timer/full_shot/tfb-UEBB_panel_wide_filled__MTMV_reduced_3V_active_power_total/horizon_72/timer__icde_missing_all_sheets_day17_gpu5_80g_final2_20260529_20260605_173453.sh,Timer,full_shot,tfb-UEBB_panel_wide_filled__MTMV_reduced_3V_active_power_total,horizon_72,timer__icde_missing_all_sheets_day17_gpu5_80g_final2_20260529_20260605_173453.sh
Timer/full_shot/tfb-UEPS_panel_wide_filled__MTMV_reduced_3V_active_power_total/horizon_12/timer.sh,Timer,full_shot,tfb-UEPS_panel_wide_filled__MTMV_reduced_3V_active_power_total,horizon_12,timer.sh
Timer/full_shot/tfb-UEPS_panel_wide_filled__MTMV_reduced_3V_active_power_total/horizon_144/timer.sh,Timer,full_shot,tfb-UEPS_panel_wide_filled__MTMV_reduced_3V_active_power_total,horizon_144,timer.sh
Timer/full_shot/tfb-UEPS_panel_wide_filled__MTMV_reduced_3V_active_power_total/horizon_24/timer.sh,Timer,full_shot,tfb-UEPS_panel_wide_filled__MTMV_reduced_3V_active_power_total,horizon_24,timer.sh
Timer/full_shot/tfb-UEPS_panel_wide_filled__MTMV_reduced_3V_active_power_total/horizon_72/timer.sh,Timer,full_shot,tfb-UEPS_panel_wide_filled__MTMV_reduced_3V_active_power_total,horizon_72,timer.sh
Timer/full_shot/tfb-Wind farm site 1 (Nominal capacity-99MW)_final/horizon_12/timer.sh,Timer,full_shot,tfb-Wind farm site 1 (Nominal capacity-99MW)_final,horizon_12,timer.sh
Timer/full_shot/tfb-Wind farm site 1 (Nominal capacity-99MW)_final/horizon_144/timer.sh,Timer,full_shot,tfb-Wind farm site 1 (Nominal capacity-99MW)_final,horizon_144,timer.sh
Timer/full_shot/tfb-Wind farm site 1 (Nominal capacity-99MW)_final/horizon_24/timer.sh,Timer,full_shot,tfb-Wind farm site 1 (Nominal capacity-99MW)_final,horizon_24,timer.sh
Timer/full_shot/tfb-Wind farm site 1 (Nominal capacity-99MW)_final/horizon_72/timer.sh,Timer,full_shot,tfb-Wind farm site 1 (Nominal capacity-99MW)_final,horizon_72,timer.sh
Timer/full_shot/tfb-Wind farm site 2 (Nominal capacity-200MW)_final/horizon_12/timer.sh,Timer,full_shot,tfb-Wind farm site 2 (Nominal capacity-200MW)_final,horizon_12,timer.sh
Timer/full_shot/tfb-Wind farm site 2 (Nominal capacity-200MW)_final/horizon_144/timer.sh,Timer,full_shot,tfb-Wind farm site 2 (Nominal capacity-200MW)_final,horizon_144,timer.sh
Timer/full_shot/tfb-Wind farm site 2 (Nominal capacity-200MW)_final/horizon_24/timer.sh,Timer,full_shot,tfb-Wind farm site 2 (Nominal capacity-200MW)_final,horizon_24,timer.sh
Timer/full_shot/tfb-Wind farm site 2 (Nominal capacity-200MW)_final/horizon_72/timer.sh,Timer,full_shot,tfb-Wind farm site 2 (Nominal capacity-200MW)_final,horizon_72,timer.sh
Timer/full_shot/tfb-Wind farm site 3 (Nominal capacity-99MW)_final/horizon_12/timer__server_a_day02_20260519_112819.sh,Timer,full_shot,tfb-Wind farm site 3 (Nominal capacity-99MW)_final,horizon_12,timer__server_a_day02_20260519_112819.sh
Timer/full_shot/tfb-Wind farm site 3 (Nominal capacity-99MW)_final/horizon_12/timer__server_a_day02_20260519_123043.sh,Timer,full_shot,tfb-Wind farm site 3 (Nominal capacity-99MW)_final,horizon_12,timer__server_a_day02_20260519_123043.sh
Timer/full_shot/tfb-Wind farm site 3 (Nominal capacity-99MW)_final/horizon_12/timer__server_a_day02_20260519_171704.sh,Timer,full_shot,tfb-Wind farm site 3 (Nominal capacity-99MW)_final,horizon_12,timer__server_a_day02_20260519_171704.sh
Timer/full_shot/tfb-Wind farm site 3 (Nominal capacity-99MW)_final/horizon_12/timer__server_a_day02_20260520_133059.sh,Timer,full_shot,tfb-Wind farm site 3 (Nominal capacity-99MW)_final,horizon_12,timer__server_a_day02_20260520_133059.sh
Timer/full_shot/tfb-Wind farm site 3 (Nominal capacity-99MW)_final/horizon_144/timer__server_a_day02_20260519_112819.sh,Timer,full_shot,tfb-Wind farm site 3 (Nominal capacity-99MW)_final,horizon_144,timer__server_a_day02_20260519_112819.sh
Timer/full_shot/tfb-Wind farm site 3 (Nominal capacity-99MW)_final/horizon_144/timer__server_a_day02_20260519_123043.sh,Timer,full_shot,tfb-Wind farm site 3 (Nominal capacity-99MW)_final,horizon_144,timer__server_a_day02_20260519_123043.sh
Timer/full_shot/tfb-Wind farm site 3 (Nominal capacity-99MW)_final/horizon_144/timer__server_a_day02_20260519_171704.sh,Timer,full_shot,tfb-Wind farm site 3 (Nominal capacity-99MW)_final,horizon_144,timer__server_a_day02_20260519_171704.sh
Timer/full_shot/tfb-Wind farm site 3 (Nominal capacity-99MW)_final/horizon_144/timer__server_a_day02_20260520_133059.sh,Timer,full_shot,tfb-Wind farm site 3 (Nominal capacity-99MW)_final,horizon_144,timer__server_a_day02_20260520_133059.sh
Timer/full_shot/tfb-Wind farm site 3 (Nominal capacity-99MW)_final/horizon_24/timer__server_a_day02_20260519_112819.sh,Timer,full_shot,tfb-Wind farm site 3 (Nominal capacity-99MW)_final,horizon_24,timer__server_a_day02_20260519_112819.sh
Timer/full_shot/tfb-Wind farm site 3 (Nominal capacity-99MW)_final/horizon_24/timer__server_a_day02_20260519_123043.sh,Timer,full_shot,tfb-Wind farm site 3 (Nominal capacity-99MW)_final,horizon_24,timer__server_a_day02_20260519_123043.sh
Timer/full_shot/tfb-Wind farm site 3 (Nominal capacity-99MW)_final/horizon_24/timer__server_a_day02_20260519_171704.sh,Timer,full_shot,tfb-Wind farm site 3 (Nominal capacity-99MW)_final,horizon_24,timer__server_a_day02_20260519_171704.sh
Timer/full_shot/tfb-Wind farm site 3 (Nominal capacity-99MW)_final/horizon_24/timer__server_a_day02_20260520_133059.sh,Timer,full_shot,tfb-Wind farm site 3 (Nominal capacity-99MW)_final,horizon_24,timer__server_a_day02_20260520_133059.sh
Timer/full_shot/tfb-Wind farm site 3 (Nominal capacity-99MW)_final/horizon_72/timer__server_a_day02_20260519_112819.sh,Timer,full_shot,tfb-Wind farm site 3 (Nominal capacity-99MW)_final,horizon_72,timer__server_a_day02_20260519_112819.sh
Timer/full_shot/tfb-Wind farm site 3 (Nominal capacity-99MW)_final/horizon_72/timer__server_a_day02_20260519_123043.sh,Timer,full_shot,tfb-Wind farm site 3 (Nominal capacity-99MW)_final,horizon_72,timer__server_a_day02_20260519_123043.sh
Timer/full_shot/tfb-Wind farm site 3 (Nominal capacity-99MW)_final/horizon_72/timer__server_a_day02_20260519_171704.sh,Timer,full_shot,tfb-Wind farm site 3 (Nominal capacity-99MW)_final,horizon_72,timer__server_a_day02_20260519_171704.sh
Timer/full_shot/tfb-Wind farm site 3 (Nominal capacity-99MW)_final/horizon_72/timer__server_a_day02_20260520_133059.sh,Timer,full_shot,tfb-Wind farm site 3 (Nominal capacity-99MW)_final,horizon_72,timer__server_a_day02_20260520_133059.sh
Timer/full_shot/tfb-Wind farm site 4 (Nominal capacity-66MW)_final/horizon_12/timer__server_a_day02_20260519_112819.sh,Timer,full_shot,tfb-Wind farm site 4 (Nominal capacity-66MW)_final,horizon_12,timer__server_a_day02_20260519_112819.sh
Timer/full_shot/tfb-Wind farm site 4 (Nominal capacity-66MW)_final/horizon_12/timer__server_a_day02_20260519_123043.sh,Timer,full_shot,tfb-Wind farm site 4 (Nominal capacity-66MW)_final,horizon_12,timer__server_a_day02_20260519_123043.sh
Timer/full_shot/tfb-Wind farm site 4 (Nominal capacity-66MW)_final/horizon_12/timer__server_a_day02_20260519_171704.sh,Timer,full_shot,tfb-Wind farm site 4 (Nominal capacity-66MW)_final,horizon_12,timer__server_a_day02_20260519_171704.sh
Timer/full_shot/tfb-Wind farm site 4 (Nominal capacity-66MW)_final/horizon_12/timer__server_a_day02_20260520_133059.sh,Timer,full_shot,tfb-Wind farm site 4 (Nominal capacity-66MW)_final,horizon_12,timer__server_a_day02_20260520_133059.sh
Timer/full_shot/tfb-Wind farm site 4 (Nominal capacity-66MW)_final/horizon_144/timer__server_a_day02_20260519_112819.sh,Timer,full_shot,tfb-Wind farm site 4 (Nominal capacity-66MW)_final,horizon_144,timer__server_a_day02_20260519_112819.sh
Timer/full_shot/tfb-Wind farm site 4 (Nominal capacity-66MW)_final/horizon_144/timer__server_a_day02_20260519_123043.sh,Timer,full_shot,tfb-Wind farm site 4 (Nominal capacity-66MW)_final,horizon_144,timer__server_a_day02_20260519_123043.sh
Timer/full_shot/tfb-Wind farm site 4 (Nominal capacity-66MW)_final/horizon_144/timer__server_a_day02_20260519_171704.sh,Timer,full_shot,tfb-Wind farm site 4 (Nominal capacity-66MW)_final,horizon_144,timer__server_a_day02_20260519_171704.sh
Timer/full_shot/tfb-Wind farm site 4 (Nominal capacity-66MW)_final/horizon_144/timer__server_a_day02_20260520_133059.sh,Timer,full_shot,tfb-Wind farm site 4 (Nominal capacity-66MW)_final,horizon_144,timer__server_a_day02_20260520_133059.sh
Timer/full_shot/tfb-Wind farm site 4 (Nominal capacity-66MW)_final/horizon_24/timer__server_a_day02_20260519_112819.sh,Timer,full_shot,tfb-Wind farm site 4 (Nominal capacity-66MW)_final,horizon_24,timer__server_a_day02_20260519_112819.sh
Timer/full_shot/tfb-Wind farm site 4 (Nominal capacity-66MW)_final/horizon_24/timer__server_a_day02_20260519_123043.sh,Timer,full_shot,tfb-Wind farm site 4 (Nominal capacity-66MW)_final,horizon_24,timer__server_a_day02_20260519_123043.sh
Timer/full_shot/tfb-Wind farm site 4 (Nominal capacity-66MW)_final/horizon_24/timer__server_a_day02_20260519_171704.sh,Timer,full_shot,tfb-Wind farm site 4 (Nominal capacity-66MW)_final,horizon_24,timer__server_a_day02_20260519_171704.sh
Timer/full_shot/tfb-Wind farm site 4 (Nominal capacity-66MW)_final/horizon_24/timer__server_a_day02_20260520_133059.sh,Timer,full_shot,tfb-Wind farm site 4 (Nominal capacity-66MW)_final,horizon_24,timer__server_a_day02_20260520_133059.sh
Timer/full_shot/tfb-Wind farm site 4 (Nominal capacity-66MW)_final/horizon_72/timer__server_a_day02_20260519_112819.sh,Timer,full_shot,tfb-Wind farm site 4 (Nominal capacity-66MW)_final,horizon_72,timer__server_a_day02_20260519_112819.sh
Timer/full_shot/tfb-Wind farm site 4 (Nominal capacity-66MW)_final/horizon_72/timer__server_a_day02_20260519_123043.sh,Timer,full_shot,tfb-Wind farm site 4 (Nominal capacity-66MW)_final,horizon_72,timer__server_a_day02_20260519_123043.sh
Timer/full_shot/tfb-Wind farm site 4 (Nominal capacity-66MW)_final/horizon_72/timer__server_a_day02_20260519_171704.sh,Timer,full_shot,tfb-Wind farm site 4 (Nominal capacity-66MW)_final,horizon_72,timer__server_a_day02_20260519_171704.sh
Timer/full_shot/tfb-Wind farm site 4 (Nominal capacity-66MW)_final/horizon_72/timer__server_a_day02_20260520_133059.sh,Timer,full_shot,tfb-Wind farm site 4 (Nominal capacity-66MW)_final,horizon_72,timer__server_a_day02_20260520_133059.sh
Timer/full_shot/tfb-Wind farm site 6 (Nominal capacity-96MW)_final/horizon_12/timer__server_a_day01_20260519_111959.sh,Timer,full_shot,tfb-Wind farm site 6 (Nominal capacity-96MW)_final,horizon_12,timer__server_a_day01_20260519_111959.sh
Timer/full_shot/tfb-Wind farm site 6 (Nominal capacity-96MW)_final/horizon_12/timer__server_a_day01_20260519_122851.sh,Timer,full_shot,tfb-Wind farm site 6 (Nominal capacity-96MW)_final,horizon_12,timer__server_a_day01_20260519_122851.sh
Timer/full_shot/tfb-Wind farm site 6 (Nominal capacity-96MW)_final/horizon_12/timer__server_a_day01_20260519_171557.sh,Timer,full_shot,tfb-Wind farm site 6 (Nominal capacity-96MW)_final,horizon_12,timer__server_a_day01_20260519_171557.sh
Timer/full_shot/tfb-Wind farm site 6 (Nominal capacity-96MW)_final/horizon_12/timer__server_a_day01_20260520_132941.sh,Timer,full_shot,tfb-Wind farm site 6 (Nominal capacity-96MW)_final,horizon_12,timer__server_a_day01_20260520_132941.sh
Timer/full_shot/tfb-Wind farm site 6 (Nominal capacity-96MW)_final/horizon_144/timer__server_a_day01_20260519_111959.sh,Timer,full_shot,tfb-Wind farm site 6 (Nominal capacity-96MW)_final,horizon_144,timer__server_a_day01_20260519_111959.sh
Timer/full_shot/tfb-Wind farm site 6 (Nominal capacity-96MW)_final/horizon_144/timer__server_a_day01_20260519_122851.sh,Timer,full_shot,tfb-Wind farm site 6 (Nominal capacity-96MW)_final,horizon_144,timer__server_a_day01_20260519_122851.sh
Timer/full_shot/tfb-Wind farm site 6 (Nominal capacity-96MW)_final/horizon_144/timer__server_a_day01_20260519_171557.sh,Timer,full_shot,tfb-Wind farm site 6 (Nominal capacity-96MW)_final,horizon_144,timer__server_a_day01_20260519_171557.sh
Timer/full_shot/tfb-Wind farm site 6 (Nominal capacity-96MW)_final/horizon_144/timer__server_a_day01_20260520_132941.sh,Timer,full_shot,tfb-Wind farm site 6 (Nominal capacity-96MW)_final,horizon_144,timer__server_a_day01_20260520_132941.sh
Timer/full_shot/tfb-Wind farm site 6 (Nominal capacity-96MW)_final/horizon_24/timer__server_a_day01_20260519_111959.sh,Timer,full_shot,tfb-Wind farm site 6 (Nominal capacity-96MW)_final,horizon_24,timer__server_a_day01_20260519_111959.sh
Timer/full_shot/tfb-Wind farm site 6 (Nominal capacity-96MW)_final/horizon_24/timer__server_a_day01_20260519_122851.sh,Timer,full_shot,tfb-Wind farm site 6 (Nominal capacity-96MW)_final,horizon_24,timer__server_a_day01_20260519_122851.sh
Timer/full_shot/tfb-Wind farm site 6 (Nominal capacity-96MW)_final/horizon_24/timer__server_a_day01_20260519_171557.sh,Timer,full_shot,tfb-Wind farm site 6 (Nominal capacity-96MW)_final,horizon_24,timer__server_a_day01_20260519_171557.sh
Timer/full_shot/tfb-Wind farm site 6 (Nominal capacity-96MW)_final/horizon_24/timer__server_a_day01_20260520_132941.sh,Timer,full_shot,tfb-Wind farm site 6 (Nominal capacity-96MW)_final,horizon_24,timer__server_a_day01_20260520_132941.sh
Timer/full_shot/tfb-Wind farm site 6 (Nominal capacity-96MW)_final/horizon_72/timer__server_a_day01_20260519_111959.sh,Timer,full_shot,tfb-Wind farm site 6 (Nominal capacity-96MW)_final,horizon_72,timer__server_a_day01_20260519_111959.sh
Timer/full_shot/tfb-Wind farm site 6 (Nominal capacity-96MW)_final/horizon_72/timer__server_a_day01_20260519_122851.sh,Timer,full_shot,tfb-Wind farm site 6 (Nominal capacity-96MW)_final,horizon_72,timer__server_a_day01_20260519_122851.sh
Timer/full_shot/tfb-Wind farm site 6 (Nominal capacity-96MW)_final/horizon_72/timer__server_a_day01_20260519_171557.sh,Timer,full_shot,tfb-Wind farm site 6 (Nominal capacity-96MW)_final,horizon_72,timer__server_a_day01_20260519_171557.sh
Timer/full_shot/tfb-Wind farm site 6 (Nominal capacity-96MW)_final/horizon_72/timer__server_a_day01_20260520_132941.sh,Timer,full_shot,tfb-Wind farm site 6 (Nominal capacity-96MW)_final,horizon_72,timer__server_a_day01_20260520_132941.sh
Timer/full_shot/tfb-Wind_Farm_A_filtered_wide_long_fixed__1T1V_reduced_1T_1V_windpower/horizon_12/timer.sh,Timer,full_shot,tfb-Wind_Farm_A_filtered_wide_long_fixed__1T1V_reduced_1T_1V_windpower,horizon_12,timer.sh
Timer/full_shot/tfb-Wind_Farm_A_filtered_wide_long_fixed__1T1V_reduced_1T_1V_windpower/horizon_144/timer.sh,Timer,full_shot,tfb-Wind_Farm_A_filtered_wide_long_fixed__1T1V_reduced_1T_1V_windpower,horizon_144,timer.sh
Timer/full_shot/tfb-Wind_Farm_A_filtered_wide_long_fixed__1T1V_reduced_1T_1V_windpower/horizon_24/timer.sh,Timer,full_shot,tfb-Wind_Farm_A_filtered_wide_long_fixed__1T1V_reduced_1T_1V_windpower,horizon_24,timer.sh
Timer/full_shot/tfb-Wind_Farm_A_filtered_wide_long_fixed__1T1V_reduced_1T_1V_windpower/horizon_72/timer.sh,Timer,full_shot,tfb-Wind_Farm_A_filtered_wide_long_fixed__1T1V_reduced_1T_1V_windpower,horizon_72,timer.sh
Timer/full_shot/tfb-Wind_Farm_B_filtered_wide_long_fixed__1T1V_reduced_1T_1V_windpower/horizon_12/timer.sh,Timer,full_shot,tfb-Wind_Farm_B_filtered_wide_long_fixed__1T1V_reduced_1T_1V_windpower,horizon_12,timer.sh
Timer/full_shot/tfb-Wind_Farm_B_filtered_wide_long_fixed__1T1V_reduced_1T_1V_windpower/horizon_144/timer.sh,Timer,full_shot,tfb-Wind_Farm_B_filtered_wide_long_fixed__1T1V_reduced_1T_1V_windpower,horizon_144,timer.sh
Timer/full_shot/tfb-Wind_Farm_B_filtered_wide_long_fixed__1T1V_reduced_1T_1V_windpower/horizon_24/timer.sh,Timer,full_shot,tfb-Wind_Farm_B_filtered_wide_long_fixed__1T1V_reduced_1T_1V_windpower,horizon_24,timer.sh
Timer/full_shot/tfb-Wind_Farm_B_filtered_wide_long_fixed__1T1V_reduced_1T_1V_windpower/horizon_72/timer.sh,Timer,full_shot,tfb-Wind_Farm_B_filtered_wide_long_fixed__1T1V_reduced_1T_1V_windpower,horizon_72,timer.sh
Timer/full_shot/tfb-Wind_Farm_C_filtered_wide_long_fixed__MT1V_reduced_1V_windpower/horizon_12/timer__server_a_day02_20260519_112819.sh,Timer,full_shot,tfb-Wind_Farm_C_filtered_wide_long_fixed__MT1V_reduced_1V_windpower,horizon_12,timer__server_a_day02_20260519_112819.sh
Timer/full_shot/tfb-Wind_Farm_C_filtered_wide_long_fixed__MT1V_reduced_1V_windpower/horizon_12/timer__server_a_day02_20260519_123043.sh,Timer,full_shot,tfb-Wind_Farm_C_filtered_wide_long_fixed__MT1V_reduced_1V_windpower,horizon_12,timer__server_a_day02_20260519_123043.sh
Timer/full_shot/tfb-Wind_Farm_C_filtered_wide_long_fixed__MT1V_reduced_1V_windpower/horizon_12/timer__server_a_day02_20260519_171704.sh,Timer,full_shot,tfb-Wind_Farm_C_filtered_wide_long_fixed__MT1V_reduced_1V_windpower,horizon_12,timer__server_a_day02_20260519_171704.sh
Timer/full_shot/tfb-Wind_Farm_C_filtered_wide_long_fixed__MT1V_reduced_1V_windpower/horizon_12/timer__server_a_day02_20260520_133059.sh,Timer,full_shot,tfb-Wind_Farm_C_filtered_wide_long_fixed__MT1V_reduced_1V_windpower,horizon_12,timer__server_a_day02_20260520_133059.sh
Timer/full_shot/tfb-Wind_Farm_C_filtered_wide_long_fixed__MT1V_reduced_1V_windpower/horizon_144/timer__server_a_day02_20260519_112819.sh,Timer,full_shot,tfb-Wind_Farm_C_filtered_wide_long_fixed__MT1V_reduced_1V_windpower,horizon_144,timer__server_a_day02_20260519_112819.sh
Timer/full_shot/tfb-Wind_Farm_C_filtered_wide_long_fixed__MT1V_reduced_1V_windpower/horizon_144/timer__server_a_day02_20260519_123043.sh,Timer,full_shot,tfb-Wind_Farm_C_filtered_wide_long_fixed__MT1V_reduced_1V_windpower,horizon_144,timer__server_a_day02_20260519_123043.sh
Timer/full_shot/tfb-Wind_Farm_C_filtered_wide_long_fixed__MT1V_reduced_1V_windpower/horizon_144/timer__server_a_day02_20260519_171704.sh,Timer,full_shot,tfb-Wind_Farm_C_filtered_wide_long_fixed__MT1V_reduced_1V_windpower,horizon_144,timer__server_a_day02_20260519_171704.sh
Timer/full_shot/tfb-Wind_Farm_C_filtered_wide_long_fixed__MT1V_reduced_1V_windpower/horizon_144/timer__server_a_day02_20260520_133059.sh,Timer,full_shot,tfb-Wind_Farm_C_filtered_wide_long_fixed__MT1V_reduced_1V_windpower,horizon_144,timer__server_a_day02_20260520_133059.sh
Timer/full_shot/tfb-Wind_Farm_C_filtered_wide_long_fixed__MT1V_reduced_1V_windpower/horizon_24/timer__server_a_day02_20260519_112819.sh,Timer,full_shot,tfb-Wind_Farm_C_filtered_wide_long_fixed__MT1V_reduced_1V_windpower,horizon_24,timer__server_a_day02_20260519_112819.sh
Timer/full_shot/tfb-Wind_Farm_C_filtered_wide_long_fixed__MT1V_reduced_1V_windpower/horizon_24/timer__server_a_day02_20260519_123043.sh,Timer,full_shot,tfb-Wind_Farm_C_filtered_wide_long_fixed__MT1V_reduced_1V_windpower,horizon_24,timer__server_a_day02_20260519_123043.sh
Timer/full_shot/tfb-Wind_Farm_C_filtered_wide_long_fixed__MT1V_reduced_1V_windpower/horizon_24/timer__server_a_day02_20260519_171704.sh,Timer,full_shot,tfb-Wind_Farm_C_filtered_wide_long_fixed__MT1V_reduced_1V_windpower,horizon_24,timer__server_a_day02_20260519_171704.sh
Timer/full_shot/tfb-Wind_Farm_C_filtered_wide_long_fixed__MT1V_reduced_1V_windpower/horizon_24/timer__server_a_day02_20260520_133059.sh,Timer,full_shot,tfb-Wind_Farm_C_filtered_wide_long_fixed__MT1V_reduced_1V_windpower,horizon_24,timer__server_a_day02_20260520_133059.sh
Timer/full_shot/tfb-Wind_Farm_C_filtered_wide_long_fixed__MT1V_reduced_1V_windpower/horizon_72/timer__server_a_day02_20260519_112819.sh,Timer,full_shot,tfb-Wind_Farm_C_filtered_wide_long_fixed__MT1V_reduced_1V_windpower,horizon_72,timer__server_a_day02_20260519_112819.sh
Timer/full_shot/tfb-Wind_Farm_C_filtered_wide_long_fixed__MT1V_reduced_1V_windpower/horizon_72/timer__server_a_day02_20260519_123043.sh,Timer,full_shot,tfb-Wind_Farm_C_filtered_wide_long_fixed__MT1V_reduced_1V_windpower,horizon_72,timer__server_a_day02_20260519_123043.sh
Timer/full_shot/tfb-Wind_Farm_C_filtered_wide_long_fixed__MT1V_reduced_1V_windpower/horizon_72/timer__server_a_day02_20260519_171704.sh,Timer,full_shot,tfb-Wind_Farm_C_filtered_wide_long_fixed__MT1V_reduced_1V_windpower,horizon_72,timer__server_a_day02_20260519_171704.sh
Timer/full_shot/tfb-Wind_Farm_C_filtered_wide_long_fixed__MT1V_reduced_1V_windpower/horizon_72/timer__server_a_day02_20260520_133059.sh,Timer,full_shot,tfb-Wind_Farm_C_filtered_wide_long_fixed__MT1V_reduced_1V_windpower,horizon_72,timer__server_a_day02_20260520_133059.sh
Timer/full_shot/tfb-Yalova_final_ready/horizon_12/timer.sh,Timer,full_shot,tfb-Yalova_final_ready,horizon_12,timer.sh
Timer/full_shot/tfb-Yalova_final_ready/horizon_144/timer.sh,Timer,full_shot,tfb-Yalova_final_ready,horizon_144,timer.sh
Timer/full_shot/tfb-Yalova_final_ready/horizon_24/timer.sh,Timer,full_shot,tfb-Yalova_final_ready,horizon_24,timer.sh
Timer/full_shot/tfb-Yalova_final_ready/horizon_72/timer.sh,Timer,full_shot,tfb-Yalova_final_ready,horizon_72,timer.sh
Timer/full_shot/tfb-aemo/horizon_12/timer.sh,Timer,full_shot,tfb-aemo,horizon_12,timer.sh
Timer/full_shot/tfb-aemo/horizon_144/timer.sh,Timer,full_shot,tfb-aemo,horizon_144,timer.sh
Timer/full_shot/tfb-aemo/horizon_24/timer.sh,Timer,full_shot,tfb-aemo,horizon_24,timer.sh
Timer/full_shot/tfb-aemo/horizon_72/timer.sh,Timer,full_shot,tfb-aemo,horizon_72,timer.sh
Timer/full_shot/tfb-chalmers_merged_processed_data_fixed_combined__1T1V_reduced_1min_1T_1V_power/horizon_12/timer.sh,Timer,full_shot,tfb-chalmers_merged_processed_data_fixed_combined__1T1V_reduced_1min_1T_1V_power,horizon_12,timer.sh
Timer/full_shot/tfb-chalmers_merged_processed_data_fixed_combined__1T1V_reduced_1min_1T_1V_power/horizon_144/timer.sh,Timer,full_shot,tfb-chalmers_merged_processed_data_fixed_combined__1T1V_reduced_1min_1T_1V_power,horizon_144,timer.sh
Timer/full_shot/tfb-chalmers_merged_processed_data_fixed_combined__1T1V_reduced_1min_1T_1V_power/horizon_24/timer.sh,Timer,full_shot,tfb-chalmers_merged_processed_data_fixed_combined__1T1V_reduced_1min_1T_1V_power,horizon_24,timer.sh
Timer/full_shot/tfb-chalmers_merged_processed_data_fixed_combined__1T1V_reduced_1min_1T_1V_power/horizon_72/timer.sh,Timer,full_shot,tfb-chalmers_merged_processed_data_fixed_combined__1T1V_reduced_1min_1T_1V_power,horizon_72,timer.sh
Timer/full_shot/tfb-gefcom2012/horizon_12/timer__server_a_day02_20260519_123043.sh,Timer,full_shot,tfb-gefcom2012,horizon_12,timer__server_a_day02_20260519_123043.sh
Timer/full_shot/tfb-gefcom2012/horizon_12/timer__server_a_day02_20260519_171704.sh,Timer,full_shot,tfb-gefcom2012,horizon_12,timer__server_a_day02_20260519_171704.sh
Timer/full_shot/tfb-gefcom2012/horizon_12/timer__server_a_day02_20260520_133059.sh,Timer,full_shot,tfb-gefcom2012,horizon_12,timer__server_a_day02_20260520_133059.sh
Timer/full_shot/tfb-gefcom2012/horizon_144/timer__server_a_day02_20260519_123043.sh,Timer,full_shot,tfb-gefcom2012,horizon_144,timer__server_a_day02_20260519_123043.sh
Timer/full_shot/tfb-gefcom2012/horizon_144/timer__server_a_day02_20260519_171704.sh,Timer,full_shot,tfb-gefcom2012,horizon_144,timer__server_a_day02_20260519_171704.sh
Timer/full_shot/tfb-gefcom2012/horizon_144/timer__server_a_day02_20260520_133059.sh,Timer,full_shot,tfb-gefcom2012,horizon_144,timer__server_a_day02_20260520_133059.sh
Timer/full_shot/tfb-gefcom2012/horizon_24/timer__server_a_day02_20260519_123043.sh,Timer,full_shot,tfb-gefcom2012,horizon_24,timer__server_a_day02_20260519_123043.sh
Timer/full_shot/tfb-gefcom2012/horizon_24/timer__server_a_day02_20260519_171704.sh,Timer,full_shot,tfb-gefcom2012,horizon_24,timer__server_a_day02_20260519_171704.sh
Timer/full_shot/tfb-gefcom2012/horizon_24/timer__server_a_day02_20260520_133059.sh,Timer,full_shot,tfb-gefcom2012,horizon_24,timer__server_a_day02_20260520_133059.sh
Timer/full_shot/tfb-gefcom2012/horizon_72/timer__server_a_day02_20260519_123043.sh,Timer,full_shot,tfb-gefcom2012,horizon_72,timer__server_a_day02_20260519_123043.sh
Timer/full_shot/tfb-gefcom2012/horizon_72/timer__server_a_day02_20260519_171704.sh,Timer,full_shot,tfb-gefcom2012,horizon_72,timer__server_a_day02_20260519_171704.sh
Timer/full_shot/tfb-gefcom2012/horizon_72/timer__server_a_day02_20260520_133059.sh,Timer,full_shot,tfb-gefcom2012,horizon_72,timer__server_a_day02_20260520_133059.sh
Timer/full_shot/tfb-gefcom2014/horizon_12/timer__server_a_day01_20260519_111959.sh,Timer,full_shot,tfb-gefcom2014,horizon_12,timer__server_a_day01_20260519_111959.sh
Timer/full_shot/tfb-gefcom2014/horizon_12/timer__server_a_day01_20260519_122851.sh,Timer,full_shot,tfb-gefcom2014,horizon_12,timer__server_a_day01_20260519_122851.sh
Timer/full_shot/tfb-gefcom2014/horizon_12/timer__server_a_day01_20260519_171557.sh,Timer,full_shot,tfb-gefcom2014,horizon_12,timer__server_a_day01_20260519_171557.sh
Timer/full_shot/tfb-gefcom2014/horizon_12/timer__server_a_day01_20260520_132941.sh,Timer,full_shot,tfb-gefcom2014,horizon_12,timer__server_a_day01_20260520_132941.sh
Timer/full_shot/tfb-gefcom2014/horizon_144/timer__server_a_day01_20260519_111959.sh,Timer,full_shot,tfb-gefcom2014,horizon_144,timer__server_a_day01_20260519_111959.sh
Timer/full_shot/tfb-gefcom2014/horizon_144/timer__server_a_day01_20260519_122851.sh,Timer,full_shot,tfb-gefcom2014,horizon_144,timer__server_a_day01_20260519_122851.sh
Timer/full_shot/tfb-gefcom2014/horizon_144/timer__server_a_day01_20260519_171557.sh,Timer,full_shot,tfb-gefcom2014,horizon_144,timer__server_a_day01_20260519_171557.sh
Timer/full_shot/tfb-gefcom2014/horizon_144/timer__server_a_day01_20260520_132941.sh,Timer,full_shot,tfb-gefcom2014,horizon_144,timer__server_a_day01_20260520_132941.sh
Timer/full_shot/tfb-gefcom2014/horizon_24/timer__server_a_day01_20260519_111959.sh,Timer,full_shot,tfb-gefcom2014,horizon_24,timer__server_a_day01_20260519_111959.sh
Timer/full_shot/tfb-gefcom2014/horizon_24/timer__server_a_day01_20260519_122851.sh,Timer,full_shot,tfb-gefcom2014,horizon_24,timer__server_a_day01_20260519_122851.sh
Timer/full_shot/tfb-gefcom2014/horizon_24/timer__server_a_day01_20260519_171557.sh,Timer,full_shot,tfb-gefcom2014,horizon_24,timer__server_a_day01_20260519_171557.sh
Timer/full_shot/tfb-gefcom2014/horizon_24/timer__server_a_day01_20260520_132941.sh,Timer,full_shot,tfb-gefcom2014,horizon_24,timer__server_a_day01_20260520_132941.sh
Timer/full_shot/tfb-gefcom2014/horizon_72/timer__server_a_day01_20260519_111959.sh,Timer,full_shot,tfb-gefcom2014,horizon_72,timer__server_a_day01_20260519_111959.sh
Timer/full_shot/tfb-gefcom2014/horizon_72/timer__server_a_day01_20260519_122851.sh,Timer,full_shot,tfb-gefcom2014,horizon_72,timer__server_a_day01_20260519_122851.sh
Timer/full_shot/tfb-gefcom2014/horizon_72/timer__server_a_day01_20260519_171557.sh,Timer,full_shot,tfb-gefcom2014,horizon_72,timer__server_a_day01_20260519_171557.sh
Timer/full_shot/tfb-gefcom2014/horizon_72/timer__server_a_day01_20260520_132941.sh,Timer,full_shot,tfb-gefcom2014,horizon_72,timer__server_a_day01_20260520_132941.sh
Timer/full_shot/tfb-kaggle1_final_benchmark_v3_ready_no_turbinestatus/horizon_12/timer__server_a_day01_20260519_111959.sh,Timer,full_shot,tfb-kaggle1_final_benchmark_v3_ready_no_turbinestatus,horizon_12,timer__server_a_day01_20260519_111959.sh
Timer/full_shot/tfb-kaggle1_final_benchmark_v3_ready_no_turbinestatus/horizon_12/timer__server_a_day01_20260519_122851.sh,Timer,full_shot,tfb-kaggle1_final_benchmark_v3_ready_no_turbinestatus,horizon_12,timer__server_a_day01_20260519_122851.sh
Timer/full_shot/tfb-kaggle1_final_benchmark_v3_ready_no_turbinestatus/horizon_12/timer__server_a_day01_20260519_171557.sh,Timer,full_shot,tfb-kaggle1_final_benchmark_v3_ready_no_turbinestatus,horizon_12,timer__server_a_day01_20260519_171557.sh
Timer/full_shot/tfb-kaggle1_final_benchmark_v3_ready_no_turbinestatus/horizon_12/timer__server_a_day01_20260520_132941.sh,Timer,full_shot,tfb-kaggle1_final_benchmark_v3_ready_no_turbinestatus,horizon_12,timer__server_a_day01_20260520_132941.sh
Timer/full_shot/tfb-kaggle1_final_benchmark_v3_ready_no_turbinestatus/horizon_144/timer__server_a_day01_20260519_111959.sh,Timer,full_shot,tfb-kaggle1_final_benchmark_v3_ready_no_turbinestatus,horizon_144,timer__server_a_day01_20260519_111959.sh
Timer/full_shot/tfb-kaggle1_final_benchmark_v3_ready_no_turbinestatus/horizon_144/timer__server_a_day01_20260519_122851.sh,Timer,full_shot,tfb-kaggle1_final_benchmark_v3_ready_no_turbinestatus,horizon_144,timer__server_a_day01_20260519_122851.sh
Timer/full_shot/tfb-kaggle1_final_benchmark_v3_ready_no_turbinestatus/horizon_144/timer__server_a_day01_20260519_171557.sh,Timer,full_shot,tfb-kaggle1_final_benchmark_v3_ready_no_turbinestatus,horizon_144,timer__server_a_day01_20260519_171557.sh
Timer/full_shot/tfb-kaggle1_final_benchmark_v3_ready_no_turbinestatus/horizon_144/timer__server_a_day01_20260520_132941.sh,Timer,full_shot,tfb-kaggle1_final_benchmark_v3_ready_no_turbinestatus,horizon_144,timer__server_a_day01_20260520_132941.sh
Timer/full_shot/tfb-kaggle1_final_benchmark_v3_ready_no_turbinestatus/horizon_24/timer__server_a_day01_20260519_111959.sh,Timer,full_shot,tfb-kaggle1_final_benchmark_v3_ready_no_turbinestatus,horizon_24,timer__server_a_day01_20260519_111959.sh
Timer/full_shot/tfb-kaggle1_final_benchmark_v3_ready_no_turbinestatus/horizon_24/timer__server_a_day01_20260519_122851.sh,Timer,full_shot,tfb-kaggle1_final_benchmark_v3_ready_no_turbinestatus,horizon_24,timer__server_a_day01_20260519_122851.sh
Timer/full_shot/tfb-kaggle1_final_benchmark_v3_ready_no_turbinestatus/horizon_24/timer__server_a_day01_20260519_171557.sh,Timer,full_shot,tfb-kaggle1_final_benchmark_v3_ready_no_turbinestatus,horizon_24,timer__server_a_day01_20260519_171557.sh
Timer/full_shot/tfb-kaggle1_final_benchmark_v3_ready_no_turbinestatus/horizon_24/timer__server_a_day01_20260520_132941.sh,Timer,full_shot,tfb-kaggle1_final_benchmark_v3_ready_no_turbinestatus,horizon_24,timer__server_a_day01_20260520_132941.sh
Timer/full_shot/tfb-kaggle1_final_benchmark_v3_ready_no_turbinestatus/horizon_72/timer__server_a_day01_20260519_111959.sh,Timer,full_shot,tfb-kaggle1_final_benchmark_v3_ready_no_turbinestatus,horizon_72,timer__server_a_day01_20260519_111959.sh
Timer/full_shot/tfb-kaggle1_final_benchmark_v3_ready_no_turbinestatus/horizon_72/timer__server_a_day01_20260519_122851.sh,Timer,full_shot,tfb-kaggle1_final_benchmark_v3_ready_no_turbinestatus,horizon_72,timer__server_a_day01_20260519_122851.sh
Timer/full_shot/tfb-kaggle1_final_benchmark_v3_ready_no_turbinestatus/horizon_72/timer__server_a_day01_20260519_171557.sh,Timer,full_shot,tfb-kaggle1_final_benchmark_v3_ready_no_turbinestatus,horizon_72,timer__server_a_day01_20260519_171557.sh
Timer/full_shot/tfb-kaggle1_final_benchmark_v3_ready_no_turbinestatus/horizon_72/timer__server_a_day01_20260520_132941.sh,Timer,full_shot,tfb-kaggle1_final_benchmark_v3_ready_no_turbinestatus,horizon_72,timer__server_a_day01_20260520_132941.sh
Timer/full_shot/tfb-maelstrom_turbine_1_univariate/horizon_12/timer.sh,Timer,full_shot,tfb-maelstrom_turbine_1_univariate,horizon_12,timer.sh
Timer/full_shot/tfb-maelstrom_turbine_1_univariate/horizon_144/timer.sh,Timer,full_shot,tfb-maelstrom_turbine_1_univariate,horizon_144,timer.sh
Timer/full_shot/tfb-maelstrom_turbine_1_univariate/horizon_24/timer.sh,Timer,full_shot,tfb-maelstrom_turbine_1_univariate,horizon_24,timer.sh
Timer/full_shot/tfb-maelstrom_turbine_1_univariate/horizon_72/timer.sh,Timer,full_shot,tfb-maelstrom_turbine_1_univariate,horizon_72,timer.sh
Timer/full_shot/tfb-maelstrom_turbine_2_univariate/horizon_12/timer__server_a_day01_20260519_111959.sh,Timer,full_shot,tfb-maelstrom_turbine_2_univariate,horizon_12,timer__server_a_day01_20260519_111959.sh
Timer/full_shot/tfb-maelstrom_turbine_2_univariate/horizon_12/timer__server_a_day01_20260519_122851.sh,Timer,full_shot,tfb-maelstrom_turbine_2_univariate,horizon_12,timer__server_a_day01_20260519_122851.sh
Timer/full_shot/tfb-maelstrom_turbine_2_univariate/horizon_12/timer__server_a_day01_20260519_171557.sh,Timer,full_shot,tfb-maelstrom_turbine_2_univariate,horizon_12,timer__server_a_day01_20260519_171557.sh
Timer/full_shot/tfb-maelstrom_turbine_2_univariate/horizon_12/timer__server_a_day01_20260520_132941.sh,Timer,full_shot,tfb-maelstrom_turbine_2_univariate,horizon_12,timer__server_a_day01_20260520_132941.sh
Timer/full_shot/tfb-maelstrom_turbine_2_univariate/horizon_144/timer__server_a_day01_20260519_111959.sh,Timer,full_shot,tfb-maelstrom_turbine_2_univariate,horizon_144,timer__server_a_day01_20260519_111959.sh
Timer/full_shot/tfb-maelstrom_turbine_2_univariate/horizon_144/timer__server_a_day01_20260519_122851.sh,Timer,full_shot,tfb-maelstrom_turbine_2_univariate,horizon_144,timer__server_a_day01_20260519_122851.sh
Timer/full_shot/tfb-maelstrom_turbine_2_univariate/horizon_144/timer__server_a_day01_20260519_171557.sh,Timer,full_shot,tfb-maelstrom_turbine_2_univariate,horizon_144,timer__server_a_day01_20260519_171557.sh
Timer/full_shot/tfb-maelstrom_turbine_2_univariate/horizon_144/timer__server_a_day01_20260520_132941.sh,Timer,full_shot,tfb-maelstrom_turbine_2_univariate,horizon_144,timer__server_a_day01_20260520_132941.sh
Timer/full_shot/tfb-maelstrom_turbine_2_univariate/horizon_24/timer__server_a_day01_20260519_111959.sh,Timer,full_shot,tfb-maelstrom_turbine_2_univariate,horizon_24,timer__server_a_day01_20260519_111959.sh
Timer/full_shot/tfb-maelstrom_turbine_2_univariate/horizon_24/timer__server_a_day01_20260519_122851.sh,Timer,full_shot,tfb-maelstrom_turbine_2_univariate,horizon_24,timer__server_a_day01_20260519_122851.sh
Timer/full_shot/tfb-maelstrom_turbine_2_univariate/horizon_24/timer__server_a_day01_20260519_171557.sh,Timer,full_shot,tfb-maelstrom_turbine_2_univariate,horizon_24,timer__server_a_day01_20260519_171557.sh
Timer/full_shot/tfb-maelstrom_turbine_2_univariate/horizon_24/timer__server_a_day01_20260520_132941.sh,Timer,full_shot,tfb-maelstrom_turbine_2_univariate,horizon_24,timer__server_a_day01_20260520_132941.sh
Timer/full_shot/tfb-maelstrom_turbine_2_univariate/horizon_72/timer__server_a_day01_20260519_111959.sh,Timer,full_shot,tfb-maelstrom_turbine_2_univariate,horizon_72,timer__server_a_day01_20260519_111959.sh
Timer/full_shot/tfb-maelstrom_turbine_2_univariate/horizon_72/timer__server_a_day01_20260519_122851.sh,Timer,full_shot,tfb-maelstrom_turbine_2_univariate,horizon_72,timer__server_a_day01_20260519_122851.sh
Timer/full_shot/tfb-maelstrom_turbine_2_univariate/horizon_72/timer__server_a_day01_20260519_171557.sh,Timer,full_shot,tfb-maelstrom_turbine_2_univariate,horizon_72,timer__server_a_day01_20260519_171557.sh
Timer/full_shot/tfb-maelstrom_turbine_2_univariate/horizon_72/timer__server_a_day01_20260520_132941.sh,Timer,full_shot,tfb-maelstrom_turbine_2_univariate,horizon_72,timer__server_a_day01_20260520_132941.sh
Timer/full_shot/tfb-maelstrom_turbine_3_univariate/horizon_12/timer__server_a_day01_20260519_111959.sh,Timer,full_shot,tfb-maelstrom_turbine_3_univariate,horizon_12,timer__server_a_day01_20260519_111959.sh
Timer/full_shot/tfb-maelstrom_turbine_3_univariate/horizon_12/timer__server_a_day01_20260519_122851.sh,Timer,full_shot,tfb-maelstrom_turbine_3_univariate,horizon_12,timer__server_a_day01_20260519_122851.sh
Timer/full_shot/tfb-maelstrom_turbine_3_univariate/horizon_12/timer__server_a_day01_20260519_171557.sh,Timer,full_shot,tfb-maelstrom_turbine_3_univariate,horizon_12,timer__server_a_day01_20260519_171557.sh
Timer/full_shot/tfb-maelstrom_turbine_3_univariate/horizon_12/timer__server_a_day01_20260520_132941.sh,Timer,full_shot,tfb-maelstrom_turbine_3_univariate,horizon_12,timer__server_a_day01_20260520_132941.sh
Timer/full_shot/tfb-maelstrom_turbine_3_univariate/horizon_144/timer__server_a_day01_20260519_111959.sh,Timer,full_shot,tfb-maelstrom_turbine_3_univariate,horizon_144,timer__server_a_day01_20260519_111959.sh
Timer/full_shot/tfb-maelstrom_turbine_3_univariate/horizon_144/timer__server_a_day01_20260519_122851.sh,Timer,full_shot,tfb-maelstrom_turbine_3_univariate,horizon_144,timer__server_a_day01_20260519_122851.sh
Timer/full_shot/tfb-maelstrom_turbine_3_univariate/horizon_144/timer__server_a_day01_20260519_171557.sh,Timer,full_shot,tfb-maelstrom_turbine_3_univariate,horizon_144,timer__server_a_day01_20260519_171557.sh
Timer/full_shot/tfb-maelstrom_turbine_3_univariate/horizon_144/timer__server_a_day01_20260520_132941.sh,Timer,full_shot,tfb-maelstrom_turbine_3_univariate,horizon_144,timer__server_a_day01_20260520_132941.sh
Timer/full_shot/tfb-maelstrom_turbine_3_univariate/horizon_24/timer__server_a_day01_20260519_111959.sh,Timer,full_shot,tfb-maelstrom_turbine_3_univariate,horizon_24,timer__server_a_day01_20260519_111959.sh
Timer/full_shot/tfb-maelstrom_turbine_3_univariate/horizon_24/timer__server_a_day01_20260519_122851.sh,Timer,full_shot,tfb-maelstrom_turbine_3_univariate,horizon_24,timer__server_a_day01_20260519_122851.sh
Timer/full_shot/tfb-maelstrom_turbine_3_univariate/horizon_24/timer__server_a_day01_20260519_171557.sh,Timer,full_shot,tfb-maelstrom_turbine_3_univariate,horizon_24,timer__server_a_day01_20260519_171557.sh
Timer/full_shot/tfb-maelstrom_turbine_3_univariate/horizon_24/timer__server_a_day01_20260520_132941.sh,Timer,full_shot,tfb-maelstrom_turbine_3_univariate,horizon_24,timer__server_a_day01_20260520_132941.sh
Timer/full_shot/tfb-maelstrom_turbine_3_univariate/horizon_72/timer__server_a_day01_20260519_111959.sh,Timer,full_shot,tfb-maelstrom_turbine_3_univariate,horizon_72,timer__server_a_day01_20260519_111959.sh
Timer/full_shot/tfb-maelstrom_turbine_3_univariate/horizon_72/timer__server_a_day01_20260519_122851.sh,Timer,full_shot,tfb-maelstrom_turbine_3_univariate,horizon_72,timer__server_a_day01_20260519_122851.sh
Timer/full_shot/tfb-maelstrom_turbine_3_univariate/horizon_72/timer__server_a_day01_20260519_171557.sh,Timer,full_shot,tfb-maelstrom_turbine_3_univariate,horizon_72,timer__server_a_day01_20260519_171557.sh
Timer/full_shot/tfb-maelstrom_turbine_3_univariate/horizon_72/timer__server_a_day01_20260520_132941.sh,Timer,full_shot,tfb-maelstrom_turbine_3_univariate,horizon_72,timer__server_a_day01_20260520_132941.sh
Timer/full_shot/tfb-maelstrom_turbine_4_univariate/horizon_12/timer__server_a_day01_20260519_111959.sh,Timer,full_shot,tfb-maelstrom_turbine_4_univariate,horizon_12,timer__server_a_day01_20260519_111959.sh
Timer/full_shot/tfb-maelstrom_turbine_4_univariate/horizon_12/timer__server_a_day01_20260519_122851.sh,Timer,full_shot,tfb-maelstrom_turbine_4_univariate,horizon_12,timer__server_a_day01_20260519_122851.sh
Timer/full_shot/tfb-maelstrom_turbine_4_univariate/horizon_12/timer__server_a_day01_20260519_171557.sh,Timer,full_shot,tfb-maelstrom_turbine_4_univariate,horizon_12,timer__server_a_day01_20260519_171557.sh
Timer/full_shot/tfb-maelstrom_turbine_4_univariate/horizon_12/timer__server_a_day01_20260520_132941.sh,Timer,full_shot,tfb-maelstrom_turbine_4_univariate,horizon_12,timer__server_a_day01_20260520_132941.sh
Timer/full_shot/tfb-maelstrom_turbine_4_univariate/horizon_144/timer__server_a_day01_20260519_111959.sh,Timer,full_shot,tfb-maelstrom_turbine_4_univariate,horizon_144,timer__server_a_day01_20260519_111959.sh
Timer/full_shot/tfb-maelstrom_turbine_4_univariate/horizon_144/timer__server_a_day01_20260519_122851.sh,Timer,full_shot,tfb-maelstrom_turbine_4_univariate,horizon_144,timer__server_a_day01_20260519_122851.sh
Timer/full_shot/tfb-maelstrom_turbine_4_univariate/horizon_144/timer__server_a_day01_20260519_171557.sh,Timer,full_shot,tfb-maelstrom_turbine_4_univariate,horizon_144,timer__server_a_day01_20260519_171557.sh
Timer/full_shot/tfb-maelstrom_turbine_4_univariate/horizon_144/timer__server_a_day01_20260520_132941.sh,Timer,full_shot,tfb-maelstrom_turbine_4_univariate,horizon_144,timer__server_a_day01_20260520_132941.sh
Timer/full_shot/tfb-maelstrom_turbine_4_univariate/horizon_24/timer__server_a_day01_20260519_111959.sh,Timer,full_shot,tfb-maelstrom_turbine_4_univariate,horizon_24,timer__server_a_day01_20260519_111959.sh
Timer/full_shot/tfb-maelstrom_turbine_4_univariate/horizon_24/timer__server_a_day01_20260519_122851.sh,Timer,full_shot,tfb-maelstrom_turbine_4_univariate,horizon_24,timer__server_a_day01_20260519_122851.sh
Timer/full_shot/tfb-maelstrom_turbine_4_univariate/horizon_24/timer__server_a_day01_20260519_171557.sh,Timer,full_shot,tfb-maelstrom_turbine_4_univariate,horizon_24,timer__server_a_day01_20260519_171557.sh
Timer/full_shot/tfb-maelstrom_turbine_4_univariate/horizon_24/timer__server_a_day01_20260520_132941.sh,Timer,full_shot,tfb-maelstrom_turbine_4_univariate,horizon_24,timer__server_a_day01_20260520_132941.sh
Timer/full_shot/tfb-maelstrom_turbine_4_univariate/horizon_72/timer__server_a_day01_20260519_111959.sh,Timer,full_shot,tfb-maelstrom_turbine_4_univariate,horizon_72,timer__server_a_day01_20260519_111959.sh
Timer/full_shot/tfb-maelstrom_turbine_4_univariate/horizon_72/timer__server_a_day01_20260519_122851.sh,Timer,full_shot,tfb-maelstrom_turbine_4_univariate,horizon_72,timer__server_a_day01_20260519_122851.sh
Timer/full_shot/tfb-maelstrom_turbine_4_univariate/horizon_72/timer__server_a_day01_20260519_171557.sh,Timer,full_shot,tfb-maelstrom_turbine_4_univariate,horizon_72,timer__server_a_day01_20260519_171557.sh
Timer/full_shot/tfb-maelstrom_turbine_4_univariate/horizon_72/timer__server_a_day01_20260520_132941.sh,Timer,full_shot,tfb-maelstrom_turbine_4_univariate,horizon_72,timer__server_a_day01_20260520_132941.sh
Timer/full_shot/tfb-re_europe_wind_signal_COSMO_long_no_null__MT1V_reduced_38T_1V_power/horizon_12/timer__server_a_day01_20260519_111959.sh,Timer,full_shot,tfb-re_europe_wind_signal_COSMO_long_no_null__MT1V_reduced_38T_1V_power,horizon_12,timer__server_a_day01_20260519_111959.sh
Timer/full_shot/tfb-re_europe_wind_signal_COSMO_long_no_null__MT1V_reduced_38T_1V_power/horizon_12/timer__server_a_day01_20260519_122851.sh,Timer,full_shot,tfb-re_europe_wind_signal_COSMO_long_no_null__MT1V_reduced_38T_1V_power,horizon_12,timer__server_a_day01_20260519_122851.sh
Timer/full_shot/tfb-re_europe_wind_signal_COSMO_long_no_null__MT1V_reduced_38T_1V_power/horizon_12/timer__server_a_day01_20260519_171557.sh,Timer,full_shot,tfb-re_europe_wind_signal_COSMO_long_no_null__MT1V_reduced_38T_1V_power,horizon_12,timer__server_a_day01_20260519_171557.sh
Timer/full_shot/tfb-re_europe_wind_signal_COSMO_long_no_null__MT1V_reduced_38T_1V_power/horizon_12/timer__server_a_day01_20260520_132941.sh,Timer,full_shot,tfb-re_europe_wind_signal_COSMO_long_no_null__MT1V_reduced_38T_1V_power,horizon_12,timer__server_a_day01_20260520_132941.sh
Timer/full_shot/tfb-re_europe_wind_signal_COSMO_long_no_null__MT1V_reduced_38T_1V_power/horizon_144/timer__server_a_day01_20260519_111959.sh,Timer,full_shot,tfb-re_europe_wind_signal_COSMO_long_no_null__MT1V_reduced_38T_1V_power,horizon_144,timer__server_a_day01_20260519_111959.sh
Timer/full_shot/tfb-re_europe_wind_signal_COSMO_long_no_null__MT1V_reduced_38T_1V_power/horizon_144/timer__server_a_day01_20260519_122851.sh,Timer,full_shot,tfb-re_europe_wind_signal_COSMO_long_no_null__MT1V_reduced_38T_1V_power,horizon_144,timer__server_a_day01_20260519_122851.sh
Timer/full_shot/tfb-re_europe_wind_signal_COSMO_long_no_null__MT1V_reduced_38T_1V_power/horizon_144/timer__server_a_day01_20260519_171557.sh,Timer,full_shot,tfb-re_europe_wind_signal_COSMO_long_no_null__MT1V_reduced_38T_1V_power,horizon_144,timer__server_a_day01_20260519_171557.sh
Timer/full_shot/tfb-re_europe_wind_signal_COSMO_long_no_null__MT1V_reduced_38T_1V_power/horizon_144/timer__server_a_day01_20260520_132941.sh,Timer,full_shot,tfb-re_europe_wind_signal_COSMO_long_no_null__MT1V_reduced_38T_1V_power,horizon_144,timer__server_a_day01_20260520_132941.sh
Timer/full_shot/tfb-re_europe_wind_signal_COSMO_long_no_null__MT1V_reduced_38T_1V_power/horizon_24/timer__server_a_day01_20260519_111959.sh,Timer,full_shot,tfb-re_europe_wind_signal_COSMO_long_no_null__MT1V_reduced_38T_1V_power,horizon_24,timer__server_a_day01_20260519_111959.sh
Timer/full_shot/tfb-re_europe_wind_signal_COSMO_long_no_null__MT1V_reduced_38T_1V_power/horizon_24/timer__server_a_day01_20260519_122851.sh,Timer,full_shot,tfb-re_europe_wind_signal_COSMO_long_no_null__MT1V_reduced_38T_1V_power,horizon_24,timer__server_a_day01_20260519_122851.sh
Timer/full_shot/tfb-re_europe_wind_signal_COSMO_long_no_null__MT1V_reduced_38T_1V_power/horizon_24/timer__server_a_day01_20260519_171557.sh,Timer,full_shot,tfb-re_europe_wind_signal_COSMO_long_no_null__MT1V_reduced_38T_1V_power,horizon_24,timer__server_a_day01_20260519_171557.sh
Timer/full_shot/tfb-re_europe_wind_signal_COSMO_long_no_null__MT1V_reduced_38T_1V_power/horizon_24/timer__server_a_day01_20260520_132941.sh,Timer,full_shot,tfb-re_europe_wind_signal_COSMO_long_no_null__MT1V_reduced_38T_1V_power,horizon_24,timer__server_a_day01_20260520_132941.sh
Timer/full_shot/tfb-re_europe_wind_signal_COSMO_long_no_null__MT1V_reduced_38T_1V_power/horizon_72/timer__server_a_day01_20260519_111959.sh,Timer,full_shot,tfb-re_europe_wind_signal_COSMO_long_no_null__MT1V_reduced_38T_1V_power,horizon_72,timer__server_a_day01_20260519_111959.sh
Timer/full_shot/tfb-re_europe_wind_signal_COSMO_long_no_null__MT1V_reduced_38T_1V_power/horizon_72/timer__server_a_day01_20260519_122851.sh,Timer,full_shot,tfb-re_europe_wind_signal_COSMO_long_no_null__MT1V_reduced_38T_1V_power,horizon_72,timer__server_a_day01_20260519_122851.sh
Timer/full_shot/tfb-re_europe_wind_signal_COSMO_long_no_null__MT1V_reduced_38T_1V_power/horizon_72/timer__server_a_day01_20260519_171557.sh,Timer,full_shot,tfb-re_europe_wind_signal_COSMO_long_no_null__MT1V_reduced_38T_1V_power,horizon_72,timer__server_a_day01_20260519_171557.sh
Timer/full_shot/tfb-re_europe_wind_signal_COSMO_long_no_null__MT1V_reduced_38T_1V_power/horizon_72/timer__server_a_day01_20260520_132941.sh,Timer,full_shot,tfb-re_europe_wind_signal_COSMO_long_no_null__MT1V_reduced_38T_1V_power,horizon_72,timer__server_a_day01_20260520_132941.sh
Timer/full_shot/tfb-re_europe_wind_signal_ECMWF_long_no_null__MT1V_reduced_38T_1V_power/horizon_12/timer__server_a_day02_20260520_133059.sh,Timer,full_shot,tfb-re_europe_wind_signal_ECMWF_long_no_null__MT1V_reduced_38T_1V_power,horizon_12,timer__server_a_day02_20260520_133059.sh
Timer/full_shot/tfb-re_europe_wind_signal_ECMWF_long_no_null__MT1V_reduced_38T_1V_power/horizon_144/timer__server_a_day02_20260520_133059.sh,Timer,full_shot,tfb-re_europe_wind_signal_ECMWF_long_no_null__MT1V_reduced_38T_1V_power,horizon_144,timer__server_a_day02_20260520_133059.sh
Timer/full_shot/tfb-re_europe_wind_signal_ECMWF_long_no_null__MT1V_reduced_38T_1V_power/horizon_24/timer__server_a_day02_20260520_133059.sh,Timer,full_shot,tfb-re_europe_wind_signal_ECMWF_long_no_null__MT1V_reduced_38T_1V_power,horizon_24,timer__server_a_day02_20260520_133059.sh
Timer/full_shot/tfb-re_europe_wind_signal_ECMWF_long_no_null__MT1V_reduced_38T_1V_power/horizon_72/timer__server_a_day02_20260520_133059.sh,Timer,full_shot,tfb-re_europe_wind_signal_ECMWF_long_no_null__MT1V_reduced_38T_1V_power,horizon_72,timer__server_a_day02_20260520_133059.sh
Timer/full_shot/tfb-scada_fault_10min_cleaned_numeric_only/horizon_12/timer.sh,Timer,full_shot,tfb-scada_fault_10min_cleaned_numeric_only,horizon_12,timer.sh
Timer/full_shot/tfb-scada_fault_10min_cleaned_numeric_only/horizon_144/timer.sh,Timer,full_shot,tfb-scada_fault_10min_cleaned_numeric_only,horizon_144,timer.sh
Timer/full_shot/tfb-scada_fault_10min_cleaned_numeric_only/horizon_24/timer.sh,Timer,full_shot,tfb-scada_fault_10min_cleaned_numeric_only,horizon_24,timer.sh
Timer/full_shot/tfb-scada_fault_10min_cleaned_numeric_only/horizon_72/timer.sh,Timer,full_shot,tfb-scada_fault_10min_cleaned_numeric_only,horizon_72,timer.sh
Timer/full_shot/tfb-sdwpf_245days_v1_final_final_cleaned/horizon_12/timer.sh,Timer,full_shot,tfb-sdwpf_245days_v1_final_final_cleaned,horizon_12,timer.sh
Timer/full_shot/tfb-sdwpf_245days_v1_final_final_cleaned/horizon_144/timer.sh,Timer,full_shot,tfb-sdwpf_245days_v1_final_final_cleaned,horizon_144,timer.sh
Timer/full_shot/tfb-sdwpf_245days_v1_final_final_cleaned/horizon_24/timer.sh,Timer,full_shot,tfb-sdwpf_245days_v1_final_final_cleaned,horizon_24,timer.sh
Timer/full_shot/tfb-sdwpf_245days_v1_final_final_cleaned/horizon_72/timer.sh,Timer,full_shot,tfb-sdwpf_245days_v1_final_final_cleaned,horizon_72,timer.sh
Timer/zero_shot/tfb-Kelmarsh_filtered_wide__MTMV_reduced_3V_Power_(kW)/zero_shot_all_horizons.sh,Timer,zero_shot,tfb-Kelmarsh_filtered_wide__MTMV_reduced_3V_Power_(kW),,zero_shot_all_horizons.sh
Timer/zero_shot/tfb-Penmanshiel_filtered_wide__MTMV_reduced_3V_Power_(kW)__quality_trim_201607_201608_202009_202010/zero_shot_all_horizons.sh,Timer,zero_shot,tfb-Penmanshiel_filtered_wide__MTMV_reduced_3V_Power_(kW)__quality_trim_201607_201608_202009_202010,,zero_shot_all_horizons.sh
Timer/zero_shot/tfb-UEBB_panel_wide_filled__MTMV_reduced_3V_active_power_total/horizon_12/zero_shot_all_horizons.sh,Timer,zero_shot,tfb-UEBB_panel_wide_filled__MTMV_reduced_3V_active_power_total,horizon_12,zero_shot_all_horizons.sh
Timer/zero_shot/tfb-UEBB_panel_wide_filled__MTMV_reduced_3V_active_power_total/horizon_144/zero_shot_all_horizons.sh,Timer,zero_shot,tfb-UEBB_panel_wide_filled__MTMV_reduced_3V_active_power_total,horizon_144,zero_shot_all_horizons.sh
Timer/zero_shot/tfb-UEBB_panel_wide_filled__MTMV_reduced_3V_active_power_total/horizon_24/zero_shot_all_horizons.sh,Timer,zero_shot,tfb-UEBB_panel_wide_filled__MTMV_reduced_3V_active_power_total,horizon_24,zero_shot_all_horizons.sh
Timer/zero_shot/tfb-UEBB_panel_wide_filled__MTMV_reduced_3V_active_power_total/horizon_72/zero_shot_all_horizons.sh,Timer,zero_shot,tfb-UEBB_panel_wide_filled__MTMV_reduced_3V_active_power_total,horizon_72,zero_shot_all_horizons.sh
Timer/zero_shot/tfb-UEPS_panel_wide_filled__MTMV_reduced_3V_active_power_total/horizon_12/zero_shot_all_horizons.sh,Timer,zero_shot,tfb-UEPS_panel_wide_filled__MTMV_reduced_3V_active_power_total,horizon_12,zero_shot_all_horizons.sh
Timer/zero_shot/tfb-UEPS_panel_wide_filled__MTMV_reduced_3V_active_power_total/horizon_144/zero_shot_all_horizons.sh,Timer,zero_shot,tfb-UEPS_panel_wide_filled__MTMV_reduced_3V_active_power_total,horizon_144,zero_shot_all_horizons.sh
Timer/zero_shot/tfb-UEPS_panel_wide_filled__MTMV_reduced_3V_active_power_total/horizon_24/zero_shot_all_horizons.sh,Timer,zero_shot,tfb-UEPS_panel_wide_filled__MTMV_reduced_3V_active_power_total,horizon_24,zero_shot_all_horizons.sh
Timer/zero_shot/tfb-UEPS_panel_wide_filled__MTMV_reduced_3V_active_power_total/horizon_72/zero_shot_all_horizons.sh,Timer,zero_shot,tfb-UEPS_panel_wide_filled__MTMV_reduced_3V_active_power_total,horizon_72,zero_shot_all_horizons.sh
Timer/zero_shot/tfb-UEPS_panel_wide_filled__MTMV_reduced_3V_active_power_total/zero_shot_all_horizons.sh,Timer,zero_shot,tfb-UEPS_panel_wide_filled__MTMV_reduced_3V_active_power_total,,zero_shot_all_horizons.sh
Timer/zero_shot/tfb-Wind farm site 1 (Nominal capacity-99MW)_final/horizon_12/zero_shot_all_horizons.sh,Timer,zero_shot,tfb-Wind farm site 1 (Nominal capacity-99MW)_final,horizon_12,zero_shot_all_horizons.sh
Timer/zero_shot/tfb-Wind farm site 1 (Nominal capacity-99MW)_final/horizon_144/zero_shot_all_horizons.sh,Timer,zero_shot,tfb-Wind farm site 1 (Nominal capacity-99MW)_final,horizon_144,zero_shot_all_horizons.sh
Timer/zero_shot/tfb-Wind farm site 1 (Nominal capacity-99MW)_final/horizon_24/zero_shot_all_horizons.sh,Timer,zero_shot,tfb-Wind farm site 1 (Nominal capacity-99MW)_final,horizon_24,zero_shot_all_horizons.sh
Timer/zero_shot/tfb-Wind farm site 1 (Nominal capacity-99MW)_final/horizon_72/zero_shot_all_horizons.sh,Timer,zero_shot,tfb-Wind farm site 1 (Nominal capacity-99MW)_final,horizon_72,zero_shot_all_horizons.sh
Timer/zero_shot/tfb-Wind farm site 2 (Nominal capacity-200MW)_final/horizon_12/zero_shot_all_horizons.sh,Timer,zero_shot,tfb-Wind farm site 2 (Nominal capacity-200MW)_final,horizon_12,zero_shot_all_horizons.sh
Timer/zero_shot/tfb-Wind farm site 2 (Nominal capacity-200MW)_final/horizon_144/zero_shot_all_horizons.sh,Timer,zero_shot,tfb-Wind farm site 2 (Nominal capacity-200MW)_final,horizon_144,zero_shot_all_horizons.sh
Timer/zero_shot/tfb-Wind farm site 2 (Nominal capacity-200MW)_final/horizon_24/zero_shot_all_horizons.sh,Timer,zero_shot,tfb-Wind farm site 2 (Nominal capacity-200MW)_final,horizon_24,zero_shot_all_horizons.sh
Timer/zero_shot/tfb-Wind farm site 2 (Nominal capacity-200MW)_final/horizon_72/zero_shot_all_horizons.sh,Timer,zero_shot,tfb-Wind farm site 2 (Nominal capacity-200MW)_final,horizon_72,zero_shot_all_horizons.sh
Timer/zero_shot/tfb-Wind farm site 3 (Nominal capacity-99MW)_final/horizon_12/zero_shot_all_horizons.sh,Timer,zero_shot,tfb-Wind farm site 3 (Nominal capacity-99MW)_final,horizon_12,zero_shot_all_horizons.sh
Timer/zero_shot/tfb-Wind farm site 3 (Nominal capacity-99MW)_final/horizon_144/zero_shot_all_horizons.sh,Timer,zero_shot,tfb-Wind farm site 3 (Nominal capacity-99MW)_final,horizon_144,zero_shot_all_horizons.sh
Timer/zero_shot/tfb-Wind farm site 3 (Nominal capacity-99MW)_final/horizon_24/zero_shot_all_horizons.sh,Timer,zero_shot,tfb-Wind farm site 3 (Nominal capacity-99MW)_final,horizon_24,zero_shot_all_horizons.sh
Timer/zero_shot/tfb-Wind farm site 3 (Nominal capacity-99MW)_final/horizon_72/zero_shot_all_horizons.sh,Timer,zero_shot,tfb-Wind farm site 3 (Nominal capacity-99MW)_final,horizon_72,zero_shot_all_horizons.sh
Timer/zero_shot/tfb-Wind farm site 4 (Nominal capacity-66MW)_final/horizon_12/zero_shot_all_horizons.sh,Timer,zero_shot,tfb-Wind farm site 4 (Nominal capacity-66MW)_final,horizon_12,zero_shot_all_horizons.sh
Timer/zero_shot/tfb-Wind farm site 4 (Nominal capacity-66MW)_final/horizon_144/zero_shot_all_horizons.sh,Timer,zero_shot,tfb-Wind farm site 4 (Nominal capacity-66MW)_final,horizon_144,zero_shot_all_horizons.sh
Timer/zero_shot/tfb-Wind farm site 4 (Nominal capacity-66MW)_final/horizon_24/zero_shot_all_horizons.sh,Timer,zero_shot,tfb-Wind farm site 4 (Nominal capacity-66MW)_final,horizon_24,zero_shot_all_horizons.sh
Timer/zero_shot/tfb-Wind farm site 4 (Nominal capacity-66MW)_final/horizon_72/zero_shot_all_horizons.sh,Timer,zero_shot,tfb-Wind farm site 4 (Nominal capacity-66MW)_final,horizon_72,zero_shot_all_horizons.sh
Timer/zero_shot/tfb-Wind farm site 6 (Nominal capacity-96MW)_final/horizon_12/zero_shot_all_horizons.sh,Timer,zero_shot,tfb-Wind farm site 6 (Nominal capacity-96MW)_final,horizon_12,zero_shot_all_horizons.sh
Timer/zero_shot/tfb-Wind farm site 6 (Nominal capacity-96MW)_final/horizon_144/zero_shot_all_horizons.sh,Timer,zero_shot,tfb-Wind farm site 6 (Nominal capacity-96MW)_final,horizon_144,zero_shot_all_horizons.sh
Timer/zero_shot/tfb-Wind farm site 6 (Nominal capacity-96MW)_final/horizon_24/zero_shot_all_horizons.sh,Timer,zero_shot,tfb-Wind farm site 6 (Nominal capacity-96MW)_final,horizon_24,zero_shot_all_horizons.sh
Timer/zero_shot/tfb-Wind farm site 6 (Nominal capacity-96MW)_final/horizon_72/zero_shot_all_horizons.sh,Timer,zero_shot,tfb-Wind farm site 6 (Nominal capacity-96MW)_final,horizon_72,zero_shot_all_horizons.sh
Timer/zero_shot/tfb-Wind_Farm_A_filtered_wide_long_fixed__1T1V_reduced_1T_1V_windpower/horizon_12/zero_shot_all_horizons.sh,Timer,zero_shot,tfb-Wind_Farm_A_filtered_wide_long_fixed__1T1V_reduced_1T_1V_windpower,horizon_12,zero_shot_all_horizons.sh
Timer/zero_shot/tfb-Wind_Farm_A_filtered_wide_long_fixed__1T1V_reduced_1T_1V_windpower/horizon_144/zero_shot_all_horizons.sh,Timer,zero_shot,tfb-Wind_Farm_A_filtered_wide_long_fixed__1T1V_reduced_1T_1V_windpower,horizon_144,zero_shot_all_horizons.sh
Timer/zero_shot/tfb-Wind_Farm_A_filtered_wide_long_fixed__1T1V_reduced_1T_1V_windpower/horizon_24/zero_shot_all_horizons.sh,Timer,zero_shot,tfb-Wind_Farm_A_filtered_wide_long_fixed__1T1V_reduced_1T_1V_windpower,horizon_24,zero_shot_all_horizons.sh
Timer/zero_shot/tfb-Wind_Farm_A_filtered_wide_long_fixed__1T1V_reduced_1T_1V_windpower/horizon_72/zero_shot_all_horizons.sh,Timer,zero_shot,tfb-Wind_Farm_A_filtered_wide_long_fixed__1T1V_reduced_1T_1V_windpower,horizon_72,zero_shot_all_horizons.sh
Timer/zero_shot/tfb-Wind_Farm_B_filtered_wide_long_fixed__1T1V_reduced_1T_1V_windpower/horizon_12/zero_shot_all_horizons.sh,Timer,zero_shot,tfb-Wind_Farm_B_filtered_wide_long_fixed__1T1V_reduced_1T_1V_windpower,horizon_12,zero_shot_all_horizons.sh
Timer/zero_shot/tfb-Wind_Farm_B_filtered_wide_long_fixed__1T1V_reduced_1T_1V_windpower/horizon_144/zero_shot_all_horizons.sh,Timer,zero_shot,tfb-Wind_Farm_B_filtered_wide_long_fixed__1T1V_reduced_1T_1V_windpower,horizon_144,zero_shot_all_horizons.sh
Timer/zero_shot/tfb-Wind_Farm_B_filtered_wide_long_fixed__1T1V_reduced_1T_1V_windpower/horizon_24/zero_shot_all_horizons.sh,Timer,zero_shot,tfb-Wind_Farm_B_filtered_wide_long_fixed__1T1V_reduced_1T_1V_windpower,horizon_24,zero_shot_all_horizons.sh
Timer/zero_shot/tfb-Wind_Farm_B_filtered_wide_long_fixed__1T1V_reduced_1T_1V_windpower/horizon_72/zero_shot_all_horizons.sh,Timer,zero_shot,tfb-Wind_Farm_B_filtered_wide_long_fixed__1T1V_reduced_1T_1V_windpower,horizon_72,zero_shot_all_horizons.sh
Timer/zero_shot/tfb-Wind_Farm_C_filtered_wide_long_fixed__MT1V_reduced_1V_windpower/horizon_12/zero_shot_all_horizons.sh,Timer,zero_shot,tfb-Wind_Farm_C_filtered_wide_long_fixed__MT1V_reduced_1V_windpower,horizon_12,zero_shot_all_horizons.sh
Timer/zero_shot/tfb-Wind_Farm_C_filtered_wide_long_fixed__MT1V_reduced_1V_windpower/horizon_144/zero_shot_all_horizons.sh,Timer,zero_shot,tfb-Wind_Farm_C_filtered_wide_long_fixed__MT1V_reduced_1V_windpower,horizon_144,zero_shot_all_horizons.sh
Timer/zero_shot/tfb-Wind_Farm_C_filtered_wide_long_fixed__MT1V_reduced_1V_windpower/horizon_24/zero_shot_all_horizons.sh,Timer,zero_shot,tfb-Wind_Farm_C_filtered_wide_long_fixed__MT1V_reduced_1V_windpower,horizon_24,zero_shot_all_horizons.sh
Timer/zero_shot/tfb-Wind_Farm_C_filtered_wide_long_fixed__MT1V_reduced_1V_windpower/horizon_72/zero_shot_all_horizons.sh,Timer,zero_shot,tfb-Wind_Farm_C_filtered_wide_long_fixed__MT1V_reduced_1V_windpower,horizon_72,zero_shot_all_horizons.sh
Timer/zero_shot/tfb-Yalova_final_ready/horizon_12/zero_shot_all_horizons.sh,Timer,zero_shot,tfb-Yalova_final_ready,horizon_12,zero_shot_all_horizons.sh
Timer/zero_shot/tfb-Yalova_final_ready/horizon_144/zero_shot_all_horizons.sh,Timer,zero_shot,tfb-Yalova_final_ready,horizon_144,zero_shot_all_horizons.sh
Timer/zero_shot/tfb-Yalova_final_ready/horizon_24/zero_shot_all_horizons.sh,Timer,zero_shot,tfb-Yalova_final_ready,horizon_24,zero_shot_all_horizons.sh
Timer/zero_shot/tfb-Yalova_final_ready/horizon_72/zero_shot_all_horizons.sh,Timer,zero_shot,tfb-Yalova_final_ready,horizon_72,zero_shot_all_horizons.sh
Timer/zero_shot/tfb-Yalova_final_ready/zero_shot_all_horizons.sh,Timer,zero_shot,tfb-Yalova_final_ready,,zero_shot_all_horizons.sh
Timer/zero_shot/tfb-aemo/zero_shot_all_horizons.sh,Timer,zero_shot,tfb-aemo,,zero_shot_all_horizons.sh
Timer/zero_shot/tfb-chalmers_merged_processed_data_fixed_combined__1T1V_reduced_1min_1T_1V_power/horizon_12/zero_shot_all_horizons.sh,Timer,zero_shot,tfb-chalmers_merged_processed_data_fixed_combined__1T1V_reduced_1min_1T_1V_power,horizon_12,zero_shot_all_horizons.sh
Timer/zero_shot/tfb-chalmers_merged_processed_data_fixed_combined__1T1V_reduced_1min_1T_1V_power/horizon_144/zero_shot_all_horizons.sh,Timer,zero_shot,tfb-chalmers_merged_processed_data_fixed_combined__1T1V_reduced_1min_1T_1V_power,horizon_144,zero_shot_all_horizons.sh
Timer/zero_shot/tfb-chalmers_merged_processed_data_fixed_combined__1T1V_reduced_1min_1T_1V_power/horizon_24/zero_shot_all_horizons.sh,Timer,zero_shot,tfb-chalmers_merged_processed_data_fixed_combined__1T1V_reduced_1min_1T_1V_power,horizon_24,zero_shot_all_horizons.sh
Timer/zero_shot/tfb-chalmers_merged_processed_data_fixed_combined__1T1V_reduced_1min_1T_1V_power/horizon_72/zero_shot_all_horizons.sh,Timer,zero_shot,tfb-chalmers_merged_processed_data_fixed_combined__1T1V_reduced_1min_1T_1V_power,horizon_72,zero_shot_all_horizons.sh
Timer/zero_shot/tfb-gefcom2012/horizon_12/zero_shot_all_horizons.sh,Timer,zero_shot,tfb-gefcom2012,horizon_12,zero_shot_all_horizons.sh
Timer/zero_shot/tfb-gefcom2012/horizon_144/zero_shot_all_horizons.sh,Timer,zero_shot,tfb-gefcom2012,horizon_144,zero_shot_all_horizons.sh
Timer/zero_shot/tfb-gefcom2012/horizon_24/zero_shot_all_horizons.sh,Timer,zero_shot,tfb-gefcom2012,horizon_24,zero_shot_all_horizons.sh
Timer/zero_shot/tfb-gefcom2012/horizon_72/zero_shot_all_horizons.sh,Timer,zero_shot,tfb-gefcom2012,horizon_72,zero_shot_all_horizons.sh
Timer/zero_shot/tfb-gefcom2014/zero_shot_all_horizons.sh,Timer,zero_shot,tfb-gefcom2014,,zero_shot_all_horizons.sh
Timer/zero_shot/tfb-kaggle1_final_benchmark_v3_ready_no_turbinestatus/horizon_12/zero_shot_all_horizons.sh,Timer,zero_shot,tfb-kaggle1_final_benchmark_v3_ready_no_turbinestatus,horizon_12,zero_shot_all_horizons.sh
Timer/zero_shot/tfb-kaggle1_final_benchmark_v3_ready_no_turbinestatus/horizon_144/zero_shot_all_horizons.sh,Timer,zero_shot,tfb-kaggle1_final_benchmark_v3_ready_no_turbinestatus,horizon_144,zero_shot_all_horizons.sh
Timer/zero_shot/tfb-kaggle1_final_benchmark_v3_ready_no_turbinestatus/horizon_24/zero_shot_all_horizons.sh,Timer,zero_shot,tfb-kaggle1_final_benchmark_v3_ready_no_turbinestatus,horizon_24,zero_shot_all_horizons.sh
Timer/zero_shot/tfb-kaggle1_final_benchmark_v3_ready_no_turbinestatus/horizon_72/zero_shot_all_horizons.sh,Timer,zero_shot,tfb-kaggle1_final_benchmark_v3_ready_no_turbinestatus,horizon_72,zero_shot_all_horizons.sh
Timer/zero_shot/tfb-maelstrom_turbine_1_univariate/horizon_12/zero_shot_all_horizons.sh,Timer,zero_shot,tfb-maelstrom_turbine_1_univariate,horizon_12,zero_shot_all_horizons.sh
Timer/zero_shot/tfb-maelstrom_turbine_1_univariate/horizon_144/zero_shot_all_horizons.sh,Timer,zero_shot,tfb-maelstrom_turbine_1_univariate,horizon_144,zero_shot_all_horizons.sh
Timer/zero_shot/tfb-maelstrom_turbine_1_univariate/horizon_24/zero_shot_all_horizons.sh,Timer,zero_shot,tfb-maelstrom_turbine_1_univariate,horizon_24,zero_shot_all_horizons.sh
Timer/zero_shot/tfb-maelstrom_turbine_1_univariate/horizon_72/zero_shot_all_horizons.sh,Timer,zero_shot,tfb-maelstrom_turbine_1_univariate,horizon_72,zero_shot_all_horizons.sh
Timer/zero_shot/tfb-maelstrom_turbine_2_univariate/horizon_12/zero_shot_all_horizons.sh,Timer,zero_shot,tfb-maelstrom_turbine_2_univariate,horizon_12,zero_shot_all_horizons.sh
Timer/zero_shot/tfb-maelstrom_turbine_2_univariate/horizon_144/zero_shot_all_horizons.sh,Timer,zero_shot,tfb-maelstrom_turbine_2_univariate,horizon_144,zero_shot_all_horizons.sh
Timer/zero_shot/tfb-maelstrom_turbine_2_univariate/horizon_24/zero_shot_all_horizons.sh,Timer,zero_shot,tfb-maelstrom_turbine_2_univariate,horizon_24,zero_shot_all_horizons.sh
Timer/zero_shot/tfb-maelstrom_turbine_2_univariate/horizon_72/zero_shot_all_horizons.sh,Timer,zero_shot,tfb-maelstrom_turbine_2_univariate,horizon_72,zero_shot_all_horizons.sh
Timer/zero_shot/tfb-maelstrom_turbine_3_univariate/horizon_12/zero_shot_all_horizons.sh,Timer,zero_shot,tfb-maelstrom_turbine_3_univariate,horizon_12,zero_shot_all_horizons.sh
Timer/zero_shot/tfb-maelstrom_turbine_3_univariate/horizon_144/zero_shot_all_horizons.sh,Timer,zero_shot,tfb-maelstrom_turbine_3_univariate,horizon_144,zero_shot_all_horizons.sh
Timer/zero_shot/tfb-maelstrom_turbine_3_univariate/horizon_24/zero_shot_all_horizons.sh,Timer,zero_shot,tfb-maelstrom_turbine_3_univariate,horizon_24,zero_shot_all_horizons.sh
Timer/zero_shot/tfb-maelstrom_turbine_3_univariate/horizon_72/zero_shot_all_horizons.sh,Timer,zero_shot,tfb-maelstrom_turbine_3_univariate,horizon_72,zero_shot_all_horizons.sh
Timer/zero_shot/tfb-maelstrom_turbine_4_univariate/horizon_12/zero_shot_all_horizons.sh,Timer,zero_shot,tfb-maelstrom_turbine_4_univariate,horizon_12,zero_shot_all_horizons.sh
Timer/zero_shot/tfb-maelstrom_turbine_4_univariate/horizon_144/zero_shot_all_horizons.sh,Timer,zero_shot,tfb-maelstrom_turbine_4_univariate,horizon_144,zero_shot_all_horizons.sh
Timer/zero_shot/tfb-maelstrom_turbine_4_univariate/horizon_24/zero_shot_all_horizons.sh,Timer,zero_shot,tfb-maelstrom_turbine_4_univariate,horizon_24,zero_shot_all_horizons.sh
Timer/zero_shot/tfb-maelstrom_turbine_4_univariate/horizon_72/zero_shot_all_horizons.sh,Timer,zero_shot,tfb-maelstrom_turbine_4_univariate,horizon_72,zero_shot_all_horizons.sh
Timer/zero_shot/tfb-re_europe_wind_signal_COSMO_long_no_null__MT1V_reduced_38T_1V_power/zero_shot_all_horizons.sh,Timer,zero_shot,tfb-re_europe_wind_signal_COSMO_long_no_null__MT1V_reduced_38T_1V_power,,zero_shot_all_horizons.sh
Timer/zero_shot/tfb-re_europe_wind_signal_ECMWF_long_no_null__MT1V_reduced_38T_1V_power/zero_shot_all_horizons.sh,Timer,zero_shot,tfb-re_europe_wind_signal_ECMWF_long_no_null__MT1V_reduced_38T_1V_power,,zero_shot_all_horizons.sh
Timer/zero_shot/tfb-scada_fault_10min_cleaned_numeric_only/zero_shot__q3_0599_scada_fault_Timer_zero_shot.sh,Timer,zero_shot,tfb-scada_fault_10min_cleaned_numeric_only,,zero_shot__q3_0599_scada_fault_Timer_zero_shot.sh
Timer/zero_shot/tfb-sdwpf_245days_v1_final_final_cleaned/zero_shot_all_horizons.sh,Timer,zero_shot,tfb-sdwpf_245days_v1_final_final_cleaned,,zero_shot_all_horizons.sh
TinyTimeMixer/few_shot_10pct/tfb-Kelmarsh_filtered_wide__MTMV_reduced_3V_Power_(kW)/horizon_12/tinytimemixer.sh,TinyTimeMixer,few_shot_10pct,tfb-Kelmarsh_filtered_wide__MTMV_reduced_3V_Power_(kW),horizon_12,tinytimemixer.sh
TinyTimeMixer/few_shot_10pct/tfb-Kelmarsh_filtered_wide__MTMV_reduced_3V_Power_(kW)/horizon_144/tinytimemixer.sh,TinyTimeMixer,few_shot_10pct,tfb-Kelmarsh_filtered_wide__MTMV_reduced_3V_Power_(kW),horizon_144,tinytimemixer.sh
TinyTimeMixer/few_shot_10pct/tfb-Kelmarsh_filtered_wide__MTMV_reduced_3V_Power_(kW)/horizon_24/tinytimemixer.sh,TinyTimeMixer,few_shot_10pct,tfb-Kelmarsh_filtered_wide__MTMV_reduced_3V_Power_(kW),horizon_24,tinytimemixer.sh
TinyTimeMixer/few_shot_10pct/tfb-Kelmarsh_filtered_wide__MTMV_reduced_3V_Power_(kW)/horizon_72/tinytimemixer.sh,TinyTimeMixer,few_shot_10pct,tfb-Kelmarsh_filtered_wide__MTMV_reduced_3V_Power_(kW),horizon_72,tinytimemixer.sh
TinyTimeMixer/few_shot_10pct/tfb-Penmanshiel_filtered_wide__MTMV_reduced_3V_Power_(kW)__quality_trim_201607_201608_202009_202010/horizon_12/tinytimemixer.sh,TinyTimeMixer,few_shot_10pct,tfb-Penmanshiel_filtered_wide__MTMV_reduced_3V_Power_(kW)__quality_trim_201607_201608_202009_202010,horizon_12,tinytimemixer.sh
TinyTimeMixer/few_shot_10pct/tfb-Penmanshiel_filtered_wide__MTMV_reduced_3V_Power_(kW)__quality_trim_201607_201608_202009_202010/horizon_144/tinytimemixer.sh,TinyTimeMixer,few_shot_10pct,tfb-Penmanshiel_filtered_wide__MTMV_reduced_3V_Power_(kW)__quality_trim_201607_201608_202009_202010,horizon_144,tinytimemixer.sh
TinyTimeMixer/few_shot_10pct/tfb-Penmanshiel_filtered_wide__MTMV_reduced_3V_Power_(kW)__quality_trim_201607_201608_202009_202010/horizon_24/tinytimemixer.sh,TinyTimeMixer,few_shot_10pct,tfb-Penmanshiel_filtered_wide__MTMV_reduced_3V_Power_(kW)__quality_trim_201607_201608_202009_202010,horizon_24,tinytimemixer.sh
TinyTimeMixer/few_shot_10pct/tfb-Penmanshiel_filtered_wide__MTMV_reduced_3V_Power_(kW)__quality_trim_201607_201608_202009_202010/horizon_72/tinytimemixer.sh,TinyTimeMixer,few_shot_10pct,tfb-Penmanshiel_filtered_wide__MTMV_reduced_3V_Power_(kW)__quality_trim_201607_201608_202009_202010,horizon_72,tinytimemixer.sh
TinyTimeMixer/few_shot_10pct/tfb-UEBB_panel_wide_filled__MTMV_reduced_3V_active_power_total/horizon_12/tinytimemixer.sh,TinyTimeMixer,few_shot_10pct,tfb-UEBB_panel_wide_filled__MTMV_reduced_3V_active_power_total,horizon_12,tinytimemixer.sh
TinyTimeMixer/few_shot_10pct/tfb-UEBB_panel_wide_filled__MTMV_reduced_3V_active_power_total/horizon_144/tinytimemixer.sh,TinyTimeMixer,few_shot_10pct,tfb-UEBB_panel_wide_filled__MTMV_reduced_3V_active_power_total,horizon_144,tinytimemixer.sh
TinyTimeMixer/few_shot_10pct/tfb-UEBB_panel_wide_filled__MTMV_reduced_3V_active_power_total/horizon_24/tinytimemixer.sh,TinyTimeMixer,few_shot_10pct,tfb-UEBB_panel_wide_filled__MTMV_reduced_3V_active_power_total,horizon_24,tinytimemixer.sh
TinyTimeMixer/few_shot_10pct/tfb-UEBB_panel_wide_filled__MTMV_reduced_3V_active_power_total/horizon_72/tinytimemixer.sh,TinyTimeMixer,few_shot_10pct,tfb-UEBB_panel_wide_filled__MTMV_reduced_3V_active_power_total,horizon_72,tinytimemixer.sh
TinyTimeMixer/few_shot_10pct/tfb-UEPS_panel_wide_filled__MTMV_reduced_3V_active_power_total/horizon_12/tinytimemixer.sh,TinyTimeMixer,few_shot_10pct,tfb-UEPS_panel_wide_filled__MTMV_reduced_3V_active_power_total,horizon_12,tinytimemixer.sh
TinyTimeMixer/few_shot_10pct/tfb-UEPS_panel_wide_filled__MTMV_reduced_3V_active_power_total/horizon_144/tinytimemixer.sh,TinyTimeMixer,few_shot_10pct,tfb-UEPS_panel_wide_filled__MTMV_reduced_3V_active_power_total,horizon_144,tinytimemixer.sh
TinyTimeMixer/few_shot_10pct/tfb-UEPS_panel_wide_filled__MTMV_reduced_3V_active_power_total/horizon_24/tinytimemixer.sh,TinyTimeMixer,few_shot_10pct,tfb-UEPS_panel_wide_filled__MTMV_reduced_3V_active_power_total,horizon_24,tinytimemixer.sh
TinyTimeMixer/few_shot_10pct/tfb-UEPS_panel_wide_filled__MTMV_reduced_3V_active_power_total/horizon_72/tinytimemixer.sh,TinyTimeMixer,few_shot_10pct,tfb-UEPS_panel_wide_filled__MTMV_reduced_3V_active_power_total,horizon_72,tinytimemixer.sh
TinyTimeMixer/few_shot_10pct/tfb-Wind farm site 1 (Nominal capacity-99MW)_final/horizon_12/tinytimemixer.sh,TinyTimeMixer,few_shot_10pct,tfb-Wind farm site 1 (Nominal capacity-99MW)_final,horizon_12,tinytimemixer.sh
TinyTimeMixer/few_shot_10pct/tfb-Wind farm site 1 (Nominal capacity-99MW)_final/horizon_144/tinytimemixer.sh,TinyTimeMixer,few_shot_10pct,tfb-Wind farm site 1 (Nominal capacity-99MW)_final,horizon_144,tinytimemixer.sh
TinyTimeMixer/few_shot_10pct/tfb-Wind farm site 1 (Nominal capacity-99MW)_final/horizon_24/tinytimemixer.sh,TinyTimeMixer,few_shot_10pct,tfb-Wind farm site 1 (Nominal capacity-99MW)_final,horizon_24,tinytimemixer.sh
TinyTimeMixer/few_shot_10pct/tfb-Wind farm site 1 (Nominal capacity-99MW)_final/horizon_72/tinytimemixer.sh,TinyTimeMixer,few_shot_10pct,tfb-Wind farm site 1 (Nominal capacity-99MW)_final,horizon_72,tinytimemixer.sh
TinyTimeMixer/few_shot_10pct/tfb-Wind farm site 2 (Nominal capacity-200MW)_final/horizon_12/tinytimemixer.sh,TinyTimeMixer,few_shot_10pct,tfb-Wind farm site 2 (Nominal capacity-200MW)_final,horizon_12,tinytimemixer.sh
TinyTimeMixer/few_shot_10pct/tfb-Wind farm site 2 (Nominal capacity-200MW)_final/horizon_144/tinytimemixer.sh,TinyTimeMixer,few_shot_10pct,tfb-Wind farm site 2 (Nominal capacity-200MW)_final,horizon_144,tinytimemixer.sh
TinyTimeMixer/few_shot_10pct/tfb-Wind farm site 2 (Nominal capacity-200MW)_final/horizon_24/tinytimemixer.sh,TinyTimeMixer,few_shot_10pct,tfb-Wind farm site 2 (Nominal capacity-200MW)_final,horizon_24,tinytimemixer.sh
TinyTimeMixer/few_shot_10pct/tfb-Wind farm site 2 (Nominal capacity-200MW)_final/horizon_72/tinytimemixer.sh,TinyTimeMixer,few_shot_10pct,tfb-Wind farm site 2 (Nominal capacity-200MW)_final,horizon_72,tinytimemixer.sh
TinyTimeMixer/few_shot_10pct/tfb-Wind farm site 3 (Nominal capacity-99MW)_final/horizon_12/tinytimemixer.sh,TinyTimeMixer,few_shot_10pct,tfb-Wind farm site 3 (Nominal capacity-99MW)_final,horizon_12,tinytimemixer.sh
TinyTimeMixer/few_shot_10pct/tfb-Wind farm site 3 (Nominal capacity-99MW)_final/horizon_144/tinytimemixer.sh,TinyTimeMixer,few_shot_10pct,tfb-Wind farm site 3 (Nominal capacity-99MW)_final,horizon_144,tinytimemixer.sh
TinyTimeMixer/few_shot_10pct/tfb-Wind farm site 3 (Nominal capacity-99MW)_final/horizon_24/tinytimemixer.sh,TinyTimeMixer,few_shot_10pct,tfb-Wind farm site 3 (Nominal capacity-99MW)_final,horizon_24,tinytimemixer.sh
TinyTimeMixer/few_shot_10pct/tfb-Wind farm site 3 (Nominal capacity-99MW)_final/horizon_72/tinytimemixer.sh,TinyTimeMixer,few_shot_10pct,tfb-Wind farm site 3 (Nominal capacity-99MW)_final,horizon_72,tinytimemixer.sh
TinyTimeMixer/few_shot_10pct/tfb-Wind farm site 4 (Nominal capacity-66MW)_final/horizon_12/tinytimemixer.sh,TinyTimeMixer,few_shot_10pct,tfb-Wind farm site 4 (Nominal capacity-66MW)_final,horizon_12,tinytimemixer.sh
TinyTimeMixer/few_shot_10pct/tfb-Wind farm site 4 (Nominal capacity-66MW)_final/horizon_144/tinytimemixer.sh,TinyTimeMixer,few_shot_10pct,tfb-Wind farm site 4 (Nominal capacity-66MW)_final,horizon_144,tinytimemixer.sh
TinyTimeMixer/few_shot_10pct/tfb-Wind farm site 4 (Nominal capacity-66MW)_final/horizon_24/tinytimemixer.sh,TinyTimeMixer,few_shot_10pct,tfb-Wind farm site 4 (Nominal capacity-66MW)_final,horizon_24,tinytimemixer.sh
TinyTimeMixer/few_shot_10pct/tfb-Wind farm site 4 (Nominal capacity-66MW)_final/horizon_72/tinytimemixer.sh,TinyTimeMixer,few_shot_10pct,tfb-Wind farm site 4 (Nominal capacity-66MW)_final,horizon_72,tinytimemixer.sh
TinyTimeMixer/few_shot_10pct/tfb-Wind farm site 6 (Nominal capacity-96MW)_final/horizon_12/tinytimemixer.sh,TinyTimeMixer,few_shot_10pct,tfb-Wind farm site 6 (Nominal capacity-96MW)_final,horizon_12,tinytimemixer.sh
TinyTimeMixer/few_shot_10pct/tfb-Wind farm site 6 (Nominal capacity-96MW)_final/horizon_144/tinytimemixer.sh,TinyTimeMixer,few_shot_10pct,tfb-Wind farm site 6 (Nominal capacity-96MW)_final,horizon_144,tinytimemixer.sh
TinyTimeMixer/few_shot_10pct/tfb-Wind farm site 6 (Nominal capacity-96MW)_final/horizon_24/tinytimemixer.sh,TinyTimeMixer,few_shot_10pct,tfb-Wind farm site 6 (Nominal capacity-96MW)_final,horizon_24,tinytimemixer.sh
TinyTimeMixer/few_shot_10pct/tfb-Wind farm site 6 (Nominal capacity-96MW)_final/horizon_72/tinytimemixer.sh,TinyTimeMixer,few_shot_10pct,tfb-Wind farm site 6 (Nominal capacity-96MW)_final,horizon_72,tinytimemixer.sh
TinyTimeMixer/few_shot_10pct/tfb-Wind_Farm_A_filtered_wide_long_fixed__1T1V_reduced_1T_1V_windpower/horizon_12/tinytimemixer.sh,TinyTimeMixer,few_shot_10pct,tfb-Wind_Farm_A_filtered_wide_long_fixed__1T1V_reduced_1T_1V_windpower,horizon_12,tinytimemixer.sh
TinyTimeMixer/few_shot_10pct/tfb-Wind_Farm_A_filtered_wide_long_fixed__1T1V_reduced_1T_1V_windpower/horizon_144/tinytimemixer.sh,TinyTimeMixer,few_shot_10pct,tfb-Wind_Farm_A_filtered_wide_long_fixed__1T1V_reduced_1T_1V_windpower,horizon_144,tinytimemixer.sh
TinyTimeMixer/few_shot_10pct/tfb-Wind_Farm_A_filtered_wide_long_fixed__1T1V_reduced_1T_1V_windpower/horizon_24/tinytimemixer.sh,TinyTimeMixer,few_shot_10pct,tfb-Wind_Farm_A_filtered_wide_long_fixed__1T1V_reduced_1T_1V_windpower,horizon_24,tinytimemixer.sh
TinyTimeMixer/few_shot_10pct/tfb-Wind_Farm_A_filtered_wide_long_fixed__1T1V_reduced_1T_1V_windpower/horizon_72/tinytimemixer.sh,TinyTimeMixer,few_shot_10pct,tfb-Wind_Farm_A_filtered_wide_long_fixed__1T1V_reduced_1T_1V_windpower,horizon_72,tinytimemixer.sh
TinyTimeMixer/few_shot_10pct/tfb-Wind_Farm_B_filtered_wide_long_fixed__1T1V_reduced_1T_1V_windpower/horizon_12/tinytimemixer.sh,TinyTimeMixer,few_shot_10pct,tfb-Wind_Farm_B_filtered_wide_long_fixed__1T1V_reduced_1T_1V_windpower,horizon_12,tinytimemixer.sh
TinyTimeMixer/few_shot_10pct/tfb-Wind_Farm_B_filtered_wide_long_fixed__1T1V_reduced_1T_1V_windpower/horizon_144/tinytimemixer.sh,TinyTimeMixer,few_shot_10pct,tfb-Wind_Farm_B_filtered_wide_long_fixed__1T1V_reduced_1T_1V_windpower,horizon_144,tinytimemixer.sh
TinyTimeMixer/few_shot_10pct/tfb-Wind_Farm_B_filtered_wide_long_fixed__1T1V_reduced_1T_1V_windpower/horizon_24/tinytimemixer.sh,TinyTimeMixer,few_shot_10pct,tfb-Wind_Farm_B_filtered_wide_long_fixed__1T1V_reduced_1T_1V_windpower,horizon_24,tinytimemixer.sh
TinyTimeMixer/few_shot_10pct/tfb-Wind_Farm_B_filtered_wide_long_fixed__1T1V_reduced_1T_1V_windpower/horizon_72/tinytimemixer.sh,TinyTimeMixer,few_shot_10pct,tfb-Wind_Farm_B_filtered_wide_long_fixed__1T1V_reduced_1T_1V_windpower,horizon_72,tinytimemixer.sh
TinyTimeMixer/few_shot_10pct/tfb-Wind_Farm_C_filtered_wide_long_fixed__MT1V_reduced_1V_windpower/horizon_12/tinytimemixer.sh,TinyTimeMixer,few_shot_10pct,tfb-Wind_Farm_C_filtered_wide_long_fixed__MT1V_reduced_1V_windpower,horizon_12,tinytimemixer.sh
TinyTimeMixer/few_shot_10pct/tfb-Wind_Farm_C_filtered_wide_long_fixed__MT1V_reduced_1V_windpower/horizon_144/tinytimemixer.sh,TinyTimeMixer,few_shot_10pct,tfb-Wind_Farm_C_filtered_wide_long_fixed__MT1V_reduced_1V_windpower,horizon_144,tinytimemixer.sh
TinyTimeMixer/few_shot_10pct/tfb-Wind_Farm_C_filtered_wide_long_fixed__MT1V_reduced_1V_windpower/horizon_24/tinytimemixer.sh,TinyTimeMixer,few_shot_10pct,tfb-Wind_Farm_C_filtered_wide_long_fixed__MT1V_reduced_1V_windpower,horizon_24,tinytimemixer.sh
TinyTimeMixer/few_shot_10pct/tfb-Wind_Farm_C_filtered_wide_long_fixed__MT1V_reduced_1V_windpower/horizon_72/tinytimemixer.sh,TinyTimeMixer,few_shot_10pct,tfb-Wind_Farm_C_filtered_wide_long_fixed__MT1V_reduced_1V_windpower,horizon_72,tinytimemixer.sh
TinyTimeMixer/few_shot_10pct/tfb-Yalova_final_ready/horizon_12/tinytimemixer.sh,TinyTimeMixer,few_shot_10pct,tfb-Yalova_final_ready,horizon_12,tinytimemixer.sh
TinyTimeMixer/few_shot_10pct/tfb-Yalova_final_ready/horizon_144/tinytimemixer.sh,TinyTimeMixer,few_shot_10pct,tfb-Yalova_final_ready,horizon_144,tinytimemixer.sh
TinyTimeMixer/few_shot_10pct/tfb-Yalova_final_ready/horizon_24/tinytimemixer.sh,TinyTimeMixer,few_shot_10pct,tfb-Yalova_final_ready,horizon_24,tinytimemixer.sh
TinyTimeMixer/few_shot_10pct/tfb-Yalova_final_ready/horizon_72/tinytimemixer.sh,TinyTimeMixer,few_shot_10pct,tfb-Yalova_final_ready,horizon_72,tinytimemixer.sh
TinyTimeMixer/few_shot_10pct/tfb-aemo/horizon_12/tinytimemixer.sh,TinyTimeMixer,few_shot_10pct,tfb-aemo,horizon_12,tinytimemixer.sh
TinyTimeMixer/few_shot_10pct/tfb-aemo/horizon_144/tinytimemixer.sh,TinyTimeMixer,few_shot_10pct,tfb-aemo,horizon_144,tinytimemixer.sh
TinyTimeMixer/few_shot_10pct/tfb-aemo/horizon_24/tinytimemixer.sh,TinyTimeMixer,few_shot_10pct,tfb-aemo,horizon_24,tinytimemixer.sh
TinyTimeMixer/few_shot_10pct/tfb-aemo/horizon_72/tinytimemixer.sh,TinyTimeMixer,few_shot_10pct,tfb-aemo,horizon_72,tinytimemixer.sh
TinyTimeMixer/few_shot_10pct/tfb-chalmers_merged_processed_data_fixed_combined__1T1V_reduced_1min_1T_1V_power/horizon_12/tinytimemixer.sh,TinyTimeMixer,few_shot_10pct,tfb-chalmers_merged_processed_data_fixed_combined__1T1V_reduced_1min_1T_1V_power,horizon_12,tinytimemixer.sh
TinyTimeMixer/few_shot_10pct/tfb-chalmers_merged_processed_data_fixed_combined__1T1V_reduced_1min_1T_1V_power/horizon_144/tinytimemixer.sh,TinyTimeMixer,few_shot_10pct,tfb-chalmers_merged_processed_data_fixed_combined__1T1V_reduced_1min_1T_1V_power,horizon_144,tinytimemixer.sh
TinyTimeMixer/few_shot_10pct/tfb-chalmers_merged_processed_data_fixed_combined__1T1V_reduced_1min_1T_1V_power/horizon_24/tinytimemixer.sh,TinyTimeMixer,few_shot_10pct,tfb-chalmers_merged_processed_data_fixed_combined__1T1V_reduced_1min_1T_1V_power,horizon_24,tinytimemixer.sh
TinyTimeMixer/few_shot_10pct/tfb-chalmers_merged_processed_data_fixed_combined__1T1V_reduced_1min_1T_1V_power/horizon_72/tinytimemixer.sh,TinyTimeMixer,few_shot_10pct,tfb-chalmers_merged_processed_data_fixed_combined__1T1V_reduced_1min_1T_1V_power,horizon_72,tinytimemixer.sh
TinyTimeMixer/few_shot_10pct/tfb-gefcom2012/horizon_12/tinytimemixer.sh,TinyTimeMixer,few_shot_10pct,tfb-gefcom2012,horizon_12,tinytimemixer.sh
TinyTimeMixer/few_shot_10pct/tfb-gefcom2012/horizon_144/tinytimemixer.sh,TinyTimeMixer,few_shot_10pct,tfb-gefcom2012,horizon_144,tinytimemixer.sh
TinyTimeMixer/few_shot_10pct/tfb-gefcom2012/horizon_24/tinytimemixer.sh,TinyTimeMixer,few_shot_10pct,tfb-gefcom2012,horizon_24,tinytimemixer.sh
TinyTimeMixer/few_shot_10pct/tfb-gefcom2012/horizon_72/tinytimemixer.sh,TinyTimeMixer,few_shot_10pct,tfb-gefcom2012,horizon_72,tinytimemixer.sh
TinyTimeMixer/few_shot_10pct/tfb-gefcom2014/horizon_12/tinytimemixer.sh,TinyTimeMixer,few_shot_10pct,tfb-gefcom2014,horizon_12,tinytimemixer.sh
TinyTimeMixer/few_shot_10pct/tfb-gefcom2014/horizon_144/tinytimemixer.sh,TinyTimeMixer,few_shot_10pct,tfb-gefcom2014,horizon_144,tinytimemixer.sh
TinyTimeMixer/few_shot_10pct/tfb-gefcom2014/horizon_24/tinytimemixer.sh,TinyTimeMixer,few_shot_10pct,tfb-gefcom2014,horizon_24,tinytimemixer.sh
TinyTimeMixer/few_shot_10pct/tfb-gefcom2014/horizon_72/tinytimemixer.sh,TinyTimeMixer,few_shot_10pct,tfb-gefcom2014,horizon_72,tinytimemixer.sh
TinyTimeMixer/few_shot_10pct/tfb-kaggle1_final_benchmark_v3_ready_no_turbinestatus/horizon_12/tinytimemixer.sh,TinyTimeMixer,few_shot_10pct,tfb-kaggle1_final_benchmark_v3_ready_no_turbinestatus,horizon_12,tinytimemixer.sh
TinyTimeMixer/few_shot_10pct/tfb-kaggle1_final_benchmark_v3_ready_no_turbinestatus/horizon_144/tinytimemixer.sh,TinyTimeMixer,few_shot_10pct,tfb-kaggle1_final_benchmark_v3_ready_no_turbinestatus,horizon_144,tinytimemixer.sh
TinyTimeMixer/few_shot_10pct/tfb-kaggle1_final_benchmark_v3_ready_no_turbinestatus/horizon_24/tinytimemixer.sh,TinyTimeMixer,few_shot_10pct,tfb-kaggle1_final_benchmark_v3_ready_no_turbinestatus,horizon_24,tinytimemixer.sh
TinyTimeMixer/few_shot_10pct/tfb-kaggle1_final_benchmark_v3_ready_no_turbinestatus/horizon_72/tinytimemixer.sh,TinyTimeMixer,few_shot_10pct,tfb-kaggle1_final_benchmark_v3_ready_no_turbinestatus,horizon_72,tinytimemixer.sh
TinyTimeMixer/few_shot_10pct/tfb-maelstrom_turbine_1_univariate/horizon_12/tinytimemixer.sh,TinyTimeMixer,few_shot_10pct,tfb-maelstrom_turbine_1_univariate,horizon_12,tinytimemixer.sh
TinyTimeMixer/few_shot_10pct/tfb-maelstrom_turbine_1_univariate/horizon_144/tinytimemixer.sh,TinyTimeMixer,few_shot_10pct,tfb-maelstrom_turbine_1_univariate,horizon_144,tinytimemixer.sh
TinyTimeMixer/few_shot_10pct/tfb-maelstrom_turbine_1_univariate/horizon_24/tinytimemixer.sh,TinyTimeMixer,few_shot_10pct,tfb-maelstrom_turbine_1_univariate,horizon_24,tinytimemixer.sh
TinyTimeMixer/few_shot_10pct/tfb-maelstrom_turbine_1_univariate/horizon_72/tinytimemixer.sh,TinyTimeMixer,few_shot_10pct,tfb-maelstrom_turbine_1_univariate,horizon_72,tinytimemixer.sh
TinyTimeMixer/few_shot_10pct/tfb-maelstrom_turbine_2_univariate/horizon_12/tinytimemixer.sh,TinyTimeMixer,few_shot_10pct,tfb-maelstrom_turbine_2_univariate,horizon_12,tinytimemixer.sh
TinyTimeMixer/few_shot_10pct/tfb-maelstrom_turbine_2_univariate/horizon_144/tinytimemixer.sh,TinyTimeMixer,few_shot_10pct,tfb-maelstrom_turbine_2_univariate,horizon_144,tinytimemixer.sh
TinyTimeMixer/few_shot_10pct/tfb-maelstrom_turbine_2_univariate/horizon_24/tinytimemixer.sh,TinyTimeMixer,few_shot_10pct,tfb-maelstrom_turbine_2_univariate,horizon_24,tinytimemixer.sh
TinyTimeMixer/few_shot_10pct/tfb-maelstrom_turbine_2_univariate/horizon_72/tinytimemixer.sh,TinyTimeMixer,few_shot_10pct,tfb-maelstrom_turbine_2_univariate,horizon_72,tinytimemixer.sh
TinyTimeMixer/few_shot_10pct/tfb-maelstrom_turbine_3_univariate/horizon_12/tinytimemixer.sh,TinyTimeMixer,few_shot_10pct,tfb-maelstrom_turbine_3_univariate,horizon_12,tinytimemixer.sh
TinyTimeMixer/few_shot_10pct/tfb-maelstrom_turbine_3_univariate/horizon_144/tinytimemixer.sh,TinyTimeMixer,few_shot_10pct,tfb-maelstrom_turbine_3_univariate,horizon_144,tinytimemixer.sh
TinyTimeMixer/few_shot_10pct/tfb-maelstrom_turbine_3_univariate/horizon_24/tinytimemixer.sh,TinyTimeMixer,few_shot_10pct,tfb-maelstrom_turbine_3_univariate,horizon_24,tinytimemixer.sh
TinyTimeMixer/few_shot_10pct/tfb-maelstrom_turbine_3_univariate/horizon_72/tinytimemixer.sh,TinyTimeMixer,few_shot_10pct,tfb-maelstrom_turbine_3_univariate,horizon_72,tinytimemixer.sh
TinyTimeMixer/few_shot_10pct/tfb-maelstrom_turbine_4_univariate/horizon_12/tinytimemixer.sh,TinyTimeMixer,few_shot_10pct,tfb-maelstrom_turbine_4_univariate,horizon_12,tinytimemixer.sh
TinyTimeMixer/few_shot_10pct/tfb-maelstrom_turbine_4_univariate/horizon_144/tinytimemixer.sh,TinyTimeMixer,few_shot_10pct,tfb-maelstrom_turbine_4_univariate,horizon_144,tinytimemixer.sh
TinyTimeMixer/few_shot_10pct/tfb-maelstrom_turbine_4_univariate/horizon_24/tinytimemixer.sh,TinyTimeMixer,few_shot_10pct,tfb-maelstrom_turbine_4_univariate,horizon_24,tinytimemixer.sh
TinyTimeMixer/few_shot_10pct/tfb-maelstrom_turbine_4_univariate/horizon_72/tinytimemixer.sh,TinyTimeMixer,few_shot_10pct,tfb-maelstrom_turbine_4_univariate,horizon_72,tinytimemixer.sh
TinyTimeMixer/few_shot_10pct/tfb-re_europe_wind_signal_COSMO_long_no_null__MT1V_reduced_38T_1V_power/horizon_12/tinytimemixer__server_a_day01_20260519_111959.sh,TinyTimeMixer,few_shot_10pct,tfb-re_europe_wind_signal_COSMO_long_no_null__MT1V_reduced_38T_1V_power,horizon_12,tinytimemixer__server_a_day01_20260519_111959.sh
TinyTimeMixer/few_shot_10pct/tfb-re_europe_wind_signal_COSMO_long_no_null__MT1V_reduced_38T_1V_power/horizon_12/tinytimemixer__server_a_day01_20260519_122851.sh,TinyTimeMixer,few_shot_10pct,tfb-re_europe_wind_signal_COSMO_long_no_null__MT1V_reduced_38T_1V_power,horizon_12,tinytimemixer__server_a_day01_20260519_122851.sh
TinyTimeMixer/few_shot_10pct/tfb-re_europe_wind_signal_COSMO_long_no_null__MT1V_reduced_38T_1V_power/horizon_12/tinytimemixer__server_a_day01_20260519_171557.sh,TinyTimeMixer,few_shot_10pct,tfb-re_europe_wind_signal_COSMO_long_no_null__MT1V_reduced_38T_1V_power,horizon_12,tinytimemixer__server_a_day01_20260519_171557.sh
TinyTimeMixer/few_shot_10pct/tfb-re_europe_wind_signal_COSMO_long_no_null__MT1V_reduced_38T_1V_power/horizon_12/tinytimemixer__server_a_day01_20260520_132941.sh,TinyTimeMixer,few_shot_10pct,tfb-re_europe_wind_signal_COSMO_long_no_null__MT1V_reduced_38T_1V_power,horizon_12,tinytimemixer__server_a_day01_20260520_132941.sh
TinyTimeMixer/few_shot_10pct/tfb-re_europe_wind_signal_COSMO_long_no_null__MT1V_reduced_38T_1V_power/horizon_144/tinytimemixer__server_a_day01_20260519_111959.sh,TinyTimeMixer,few_shot_10pct,tfb-re_europe_wind_signal_COSMO_long_no_null__MT1V_reduced_38T_1V_power,horizon_144,tinytimemixer__server_a_day01_20260519_111959.sh
TinyTimeMixer/few_shot_10pct/tfb-re_europe_wind_signal_COSMO_long_no_null__MT1V_reduced_38T_1V_power/horizon_144/tinytimemixer__server_a_day01_20260519_122851.sh,TinyTimeMixer,few_shot_10pct,tfb-re_europe_wind_signal_COSMO_long_no_null__MT1V_reduced_38T_1V_power,horizon_144,tinytimemixer__server_a_day01_20260519_122851.sh
TinyTimeMixer/few_shot_10pct/tfb-re_europe_wind_signal_COSMO_long_no_null__MT1V_reduced_38T_1V_power/horizon_144/tinytimemixer__server_a_day01_20260519_171557.sh,TinyTimeMixer,few_shot_10pct,tfb-re_europe_wind_signal_COSMO_long_no_null__MT1V_reduced_38T_1V_power,horizon_144,tinytimemixer__server_a_day01_20260519_171557.sh
TinyTimeMixer/few_shot_10pct/tfb-re_europe_wind_signal_COSMO_long_no_null__MT1V_reduced_38T_1V_power/horizon_144/tinytimemixer__server_a_day01_20260520_132941.sh,TinyTimeMixer,few_shot_10pct,tfb-re_europe_wind_signal_COSMO_long_no_null__MT1V_reduced_38T_1V_power,horizon_144,tinytimemixer__server_a_day01_20260520_132941.sh
TinyTimeMixer/few_shot_10pct/tfb-re_europe_wind_signal_COSMO_long_no_null__MT1V_reduced_38T_1V_power/horizon_24/tinytimemixer__server_a_day01_20260519_111959.sh,TinyTimeMixer,few_shot_10pct,tfb-re_europe_wind_signal_COSMO_long_no_null__MT1V_reduced_38T_1V_power,horizon_24,tinytimemixer__server_a_day01_20260519_111959.sh
TinyTimeMixer/few_shot_10pct/tfb-re_europe_wind_signal_COSMO_long_no_null__MT1V_reduced_38T_1V_power/horizon_24/tinytimemixer__server_a_day01_20260519_122851.sh,TinyTimeMixer,few_shot_10pct,tfb-re_europe_wind_signal_COSMO_long_no_null__MT1V_reduced_38T_1V_power,horizon_24,tinytimemixer__server_a_day01_20260519_122851.sh
TinyTimeMixer/few_shot_10pct/tfb-re_europe_wind_signal_COSMO_long_no_null__MT1V_reduced_38T_1V_power/horizon_24/tinytimemixer__server_a_day01_20260519_171557.sh,TinyTimeMixer,few_shot_10pct,tfb-re_europe_wind_signal_COSMO_long_no_null__MT1V_reduced_38T_1V_power,horizon_24,tinytimemixer__server_a_day01_20260519_171557.sh
TinyTimeMixer/few_shot_10pct/tfb-re_europe_wind_signal_COSMO_long_no_null__MT1V_reduced_38T_1V_power/horizon_24/tinytimemixer__server_a_day01_20260520_132941.sh,TinyTimeMixer,few_shot_10pct,tfb-re_europe_wind_signal_COSMO_long_no_null__MT1V_reduced_38T_1V_power,horizon_24,tinytimemixer__server_a_day01_20260520_132941.sh
TinyTimeMixer/few_shot_10pct/tfb-re_europe_wind_signal_COSMO_long_no_null__MT1V_reduced_38T_1V_power/horizon_72/tinytimemixer__server_a_day01_20260519_111959.sh,TinyTimeMixer,few_shot_10pct,tfb-re_europe_wind_signal_COSMO_long_no_null__MT1V_reduced_38T_1V_power,horizon_72,tinytimemixer__server_a_day01_20260519_111959.sh
TinyTimeMixer/few_shot_10pct/tfb-re_europe_wind_signal_COSMO_long_no_null__MT1V_reduced_38T_1V_power/horizon_72/tinytimemixer__server_a_day01_20260519_122851.sh,TinyTimeMixer,few_shot_10pct,tfb-re_europe_wind_signal_COSMO_long_no_null__MT1V_reduced_38T_1V_power,horizon_72,tinytimemixer__server_a_day01_20260519_122851.sh
TinyTimeMixer/few_shot_10pct/tfb-re_europe_wind_signal_COSMO_long_no_null__MT1V_reduced_38T_1V_power/horizon_72/tinytimemixer__server_a_day01_20260519_171557.sh,TinyTimeMixer,few_shot_10pct,tfb-re_europe_wind_signal_COSMO_long_no_null__MT1V_reduced_38T_1V_power,horizon_72,tinytimemixer__server_a_day01_20260519_171557.sh
TinyTimeMixer/few_shot_10pct/tfb-re_europe_wind_signal_COSMO_long_no_null__MT1V_reduced_38T_1V_power/horizon_72/tinytimemixer__server_a_day01_20260520_132941.sh,TinyTimeMixer,few_shot_10pct,tfb-re_europe_wind_signal_COSMO_long_no_null__MT1V_reduced_38T_1V_power,horizon_72,tinytimemixer__server_a_day01_20260520_132941.sh
TinyTimeMixer/few_shot_10pct/tfb-re_europe_wind_signal_ECMWF_long_no_null__MT1V_reduced_38T_1V_power/horizon_12/tinytimemixer__server_a_day02_20260519_112819.sh,TinyTimeMixer,few_shot_10pct,tfb-re_europe_wind_signal_ECMWF_long_no_null__MT1V_reduced_38T_1V_power,horizon_12,tinytimemixer__server_a_day02_20260519_112819.sh
TinyTimeMixer/few_shot_10pct/tfb-re_europe_wind_signal_ECMWF_long_no_null__MT1V_reduced_38T_1V_power/horizon_12/tinytimemixer__server_a_day02_20260519_123043.sh,TinyTimeMixer,few_shot_10pct,tfb-re_europe_wind_signal_ECMWF_long_no_null__MT1V_reduced_38T_1V_power,horizon_12,tinytimemixer__server_a_day02_20260519_123043.sh
TinyTimeMixer/few_shot_10pct/tfb-re_europe_wind_signal_ECMWF_long_no_null__MT1V_reduced_38T_1V_power/horizon_12/tinytimemixer__server_a_day02_20260519_171704.sh,TinyTimeMixer,few_shot_10pct,tfb-re_europe_wind_signal_ECMWF_long_no_null__MT1V_reduced_38T_1V_power,horizon_12,tinytimemixer__server_a_day02_20260519_171704.sh
TinyTimeMixer/few_shot_10pct/tfb-re_europe_wind_signal_ECMWF_long_no_null__MT1V_reduced_38T_1V_power/horizon_12/tinytimemixer__server_a_day02_20260520_133059.sh,TinyTimeMixer,few_shot_10pct,tfb-re_europe_wind_signal_ECMWF_long_no_null__MT1V_reduced_38T_1V_power,horizon_12,tinytimemixer__server_a_day02_20260520_133059.sh
TinyTimeMixer/few_shot_10pct/tfb-re_europe_wind_signal_ECMWF_long_no_null__MT1V_reduced_38T_1V_power/horizon_144/tinytimemixer__server_a_day02_20260519_112819.sh,TinyTimeMixer,few_shot_10pct,tfb-re_europe_wind_signal_ECMWF_long_no_null__MT1V_reduced_38T_1V_power,horizon_144,tinytimemixer__server_a_day02_20260519_112819.sh
TinyTimeMixer/few_shot_10pct/tfb-re_europe_wind_signal_ECMWF_long_no_null__MT1V_reduced_38T_1V_power/horizon_144/tinytimemixer__server_a_day02_20260519_123043.sh,TinyTimeMixer,few_shot_10pct,tfb-re_europe_wind_signal_ECMWF_long_no_null__MT1V_reduced_38T_1V_power,horizon_144,tinytimemixer__server_a_day02_20260519_123043.sh
TinyTimeMixer/few_shot_10pct/tfb-re_europe_wind_signal_ECMWF_long_no_null__MT1V_reduced_38T_1V_power/horizon_144/tinytimemixer__server_a_day02_20260519_171704.sh,TinyTimeMixer,few_shot_10pct,tfb-re_europe_wind_signal_ECMWF_long_no_null__MT1V_reduced_38T_1V_power,horizon_144,tinytimemixer__server_a_day02_20260519_171704.sh
TinyTimeMixer/few_shot_10pct/tfb-re_europe_wind_signal_ECMWF_long_no_null__MT1V_reduced_38T_1V_power/horizon_144/tinytimemixer__server_a_day02_20260520_133059.sh,TinyTimeMixer,few_shot_10pct,tfb-re_europe_wind_signal_ECMWF_long_no_null__MT1V_reduced_38T_1V_power,horizon_144,tinytimemixer__server_a_day02_20260520_133059.sh
TinyTimeMixer/few_shot_10pct/tfb-re_europe_wind_signal_ECMWF_long_no_null__MT1V_reduced_38T_1V_power/horizon_24/tinytimemixer__server_a_day02_20260519_112819.sh,TinyTimeMixer,few_shot_10pct,tfb-re_europe_wind_signal_ECMWF_long_no_null__MT1V_reduced_38T_1V_power,horizon_24,tinytimemixer__server_a_day02_20260519_112819.sh
TinyTimeMixer/few_shot_10pct/tfb-re_europe_wind_signal_ECMWF_long_no_null__MT1V_reduced_38T_1V_power/horizon_24/tinytimemixer__server_a_day02_20260519_123043.sh,TinyTimeMixer,few_shot_10pct,tfb-re_europe_wind_signal_ECMWF_long_no_null__MT1V_reduced_38T_1V_power,horizon_24,tinytimemixer__server_a_day02_20260519_123043.sh
TinyTimeMixer/few_shot_10pct/tfb-re_europe_wind_signal_ECMWF_long_no_null__MT1V_reduced_38T_1V_power/horizon_24/tinytimemixer__server_a_day02_20260519_171704.sh,TinyTimeMixer,few_shot_10pct,tfb-re_europe_wind_signal_ECMWF_long_no_null__MT1V_reduced_38T_1V_power,horizon_24,tinytimemixer__server_a_day02_20260519_171704.sh
TinyTimeMixer/few_shot_10pct/tfb-re_europe_wind_signal_ECMWF_long_no_null__MT1V_reduced_38T_1V_power/horizon_24/tinytimemixer__server_a_day02_20260520_133059.sh,TinyTimeMixer,few_shot_10pct,tfb-re_europe_wind_signal_ECMWF_long_no_null__MT1V_reduced_38T_1V_power,horizon_24,tinytimemixer__server_a_day02_20260520_133059.sh
TinyTimeMixer/few_shot_10pct/tfb-re_europe_wind_signal_ECMWF_long_no_null__MT1V_reduced_38T_1V_power/horizon_72/tinytimemixer__server_a_day02_20260519_112819.sh,TinyTimeMixer,few_shot_10pct,tfb-re_europe_wind_signal_ECMWF_long_no_null__MT1V_reduced_38T_1V_power,horizon_72,tinytimemixer__server_a_day02_20260519_112819.sh
TinyTimeMixer/few_shot_10pct/tfb-re_europe_wind_signal_ECMWF_long_no_null__MT1V_reduced_38T_1V_power/horizon_72/tinytimemixer__server_a_day02_20260519_123043.sh,TinyTimeMixer,few_shot_10pct,tfb-re_europe_wind_signal_ECMWF_long_no_null__MT1V_reduced_38T_1V_power,horizon_72,tinytimemixer__server_a_day02_20260519_123043.sh
TinyTimeMixer/few_shot_10pct/tfb-re_europe_wind_signal_ECMWF_long_no_null__MT1V_reduced_38T_1V_power/horizon_72/tinytimemixer__server_a_day02_20260519_171704.sh,TinyTimeMixer,few_shot_10pct,tfb-re_europe_wind_signal_ECMWF_long_no_null__MT1V_reduced_38T_1V_power,horizon_72,tinytimemixer__server_a_day02_20260519_171704.sh
TinyTimeMixer/few_shot_10pct/tfb-re_europe_wind_signal_ECMWF_long_no_null__MT1V_reduced_38T_1V_power/horizon_72/tinytimemixer__server_a_day02_20260520_133059.sh,TinyTimeMixer,few_shot_10pct,tfb-re_europe_wind_signal_ECMWF_long_no_null__MT1V_reduced_38T_1V_power,horizon_72,tinytimemixer__server_a_day02_20260520_133059.sh
TinyTimeMixer/few_shot_10pct/tfb-scada_fault_10min_cleaned_numeric_only/horizon_12/tinytimemixer.sh,TinyTimeMixer,few_shot_10pct,tfb-scada_fault_10min_cleaned_numeric_only,horizon_12,tinytimemixer.sh
TinyTimeMixer/few_shot_10pct/tfb-scada_fault_10min_cleaned_numeric_only/horizon_144/tinytimemixer.sh,TinyTimeMixer,few_shot_10pct,tfb-scada_fault_10min_cleaned_numeric_only,horizon_144,tinytimemixer.sh
TinyTimeMixer/few_shot_10pct/tfb-scada_fault_10min_cleaned_numeric_only/horizon_24/tinytimemixer.sh,TinyTimeMixer,few_shot_10pct,tfb-scada_fault_10min_cleaned_numeric_only,horizon_24,tinytimemixer.sh
TinyTimeMixer/few_shot_10pct/tfb-scada_fault_10min_cleaned_numeric_only/horizon_72/tinytimemixer.sh,TinyTimeMixer,few_shot_10pct,tfb-scada_fault_10min_cleaned_numeric_only,horizon_72,tinytimemixer.sh
TinyTimeMixer/few_shot_10pct/tfb-sdwpf_245days_v1_final_final_cleaned/horizon_12/tinytimemixer.sh,TinyTimeMixer,few_shot_10pct,tfb-sdwpf_245days_v1_final_final_cleaned,horizon_12,tinytimemixer.sh
TinyTimeMixer/few_shot_10pct/tfb-sdwpf_245days_v1_final_final_cleaned/horizon_144/tinytimemixer.sh,TinyTimeMixer,few_shot_10pct,tfb-sdwpf_245days_v1_final_final_cleaned,horizon_144,tinytimemixer.sh
TinyTimeMixer/few_shot_10pct/tfb-sdwpf_245days_v1_final_final_cleaned/horizon_24/tinytimemixer.sh,TinyTimeMixer,few_shot_10pct,tfb-sdwpf_245days_v1_final_final_cleaned,horizon_24,tinytimemixer.sh
TinyTimeMixer/few_shot_10pct/tfb-sdwpf_245days_v1_final_final_cleaned/horizon_72/tinytimemixer.sh,TinyTimeMixer,few_shot_10pct,tfb-sdwpf_245days_v1_final_final_cleaned,horizon_72,tinytimemixer.sh
TinyTimeMixer/full_shot/tfb-Kelmarsh_filtered_wide__MTMV_reduced_3V_Power_(kW)/horizon_12/tinytimemixer.sh,TinyTimeMixer,full_shot,tfb-Kelmarsh_filtered_wide__MTMV_reduced_3V_Power_(kW),horizon_12,tinytimemixer.sh
TinyTimeMixer/full_shot/tfb-Kelmarsh_filtered_wide__MTMV_reduced_3V_Power_(kW)/horizon_144/tinytimemixer.sh,TinyTimeMixer,full_shot,tfb-Kelmarsh_filtered_wide__MTMV_reduced_3V_Power_(kW),horizon_144,tinytimemixer.sh
TinyTimeMixer/full_shot/tfb-Kelmarsh_filtered_wide__MTMV_reduced_3V_Power_(kW)/horizon_24/tinytimemixer.sh,TinyTimeMixer,full_shot,tfb-Kelmarsh_filtered_wide__MTMV_reduced_3V_Power_(kW),horizon_24,tinytimemixer.sh
TinyTimeMixer/full_shot/tfb-Kelmarsh_filtered_wide__MTMV_reduced_3V_Power_(kW)/horizon_72/tinytimemixer.sh,TinyTimeMixer,full_shot,tfb-Kelmarsh_filtered_wide__MTMV_reduced_3V_Power_(kW),horizon_72,tinytimemixer.sh
TinyTimeMixer/full_shot/tfb-Penmanshiel_filtered_wide__MTMV_reduced_3V_Power_(kW)__quality_trim_201607_201608_202009_202010/horizon_12/tinytimemixer.sh,TinyTimeMixer,full_shot,tfb-Penmanshiel_filtered_wide__MTMV_reduced_3V_Power_(kW)__quality_trim_201607_201608_202009_202010,horizon_12,tinytimemixer.sh
TinyTimeMixer/full_shot/tfb-Penmanshiel_filtered_wide__MTMV_reduced_3V_Power_(kW)__quality_trim_201607_201608_202009_202010/horizon_144/tinytimemixer.sh,TinyTimeMixer,full_shot,tfb-Penmanshiel_filtered_wide__MTMV_reduced_3V_Power_(kW)__quality_trim_201607_201608_202009_202010,horizon_144,tinytimemixer.sh
TinyTimeMixer/full_shot/tfb-Penmanshiel_filtered_wide__MTMV_reduced_3V_Power_(kW)__quality_trim_201607_201608_202009_202010/horizon_24/tinytimemixer.sh,TinyTimeMixer,full_shot,tfb-Penmanshiel_filtered_wide__MTMV_reduced_3V_Power_(kW)__quality_trim_201607_201608_202009_202010,horizon_24,tinytimemixer.sh
TinyTimeMixer/full_shot/tfb-Penmanshiel_filtered_wide__MTMV_reduced_3V_Power_(kW)__quality_trim_201607_201608_202009_202010/horizon_72/tinytimemixer.sh,TinyTimeMixer,full_shot,tfb-Penmanshiel_filtered_wide__MTMV_reduced_3V_Power_(kW)__quality_trim_201607_201608_202009_202010,horizon_72,tinytimemixer.sh
TinyTimeMixer/full_shot/tfb-UEBB_panel_wide_filled__MTMV_reduced_3V_active_power_total/horizon_12/tinytimemixer.sh,TinyTimeMixer,full_shot,tfb-UEBB_panel_wide_filled__MTMV_reduced_3V_active_power_total,horizon_12,tinytimemixer.sh
TinyTimeMixer/full_shot/tfb-UEBB_panel_wide_filled__MTMV_reduced_3V_active_power_total/horizon_144/tinytimemixer.sh,TinyTimeMixer,full_shot,tfb-UEBB_panel_wide_filled__MTMV_reduced_3V_active_power_total,horizon_144,tinytimemixer.sh
TinyTimeMixer/full_shot/tfb-UEBB_panel_wide_filled__MTMV_reduced_3V_active_power_total/horizon_24/tinytimemixer.sh,TinyTimeMixer,full_shot,tfb-UEBB_panel_wide_filled__MTMV_reduced_3V_active_power_total,horizon_24,tinytimemixer.sh
TinyTimeMixer/full_shot/tfb-UEBB_panel_wide_filled__MTMV_reduced_3V_active_power_total/horizon_72/tinytimemixer.sh,TinyTimeMixer,full_shot,tfb-UEBB_panel_wide_filled__MTMV_reduced_3V_active_power_total,horizon_72,tinytimemixer.sh
TinyTimeMixer/full_shot/tfb-UEPS_panel_wide_filled__MTMV_reduced_3V_active_power_total/horizon_12/tinytimemixer.sh,TinyTimeMixer,full_shot,tfb-UEPS_panel_wide_filled__MTMV_reduced_3V_active_power_total,horizon_12,tinytimemixer.sh
TinyTimeMixer/full_shot/tfb-UEPS_panel_wide_filled__MTMV_reduced_3V_active_power_total/horizon_144/tinytimemixer.sh,TinyTimeMixer,full_shot,tfb-UEPS_panel_wide_filled__MTMV_reduced_3V_active_power_total,horizon_144,tinytimemixer.sh
TinyTimeMixer/full_shot/tfb-UEPS_panel_wide_filled__MTMV_reduced_3V_active_power_total/horizon_24/tinytimemixer.sh,TinyTimeMixer,full_shot,tfb-UEPS_panel_wide_filled__MTMV_reduced_3V_active_power_total,horizon_24,tinytimemixer.sh
TinyTimeMixer/full_shot/tfb-UEPS_panel_wide_filled__MTMV_reduced_3V_active_power_total/horizon_72/tinytimemixer.sh,TinyTimeMixer,full_shot,tfb-UEPS_panel_wide_filled__MTMV_reduced_3V_active_power_total,horizon_72,tinytimemixer.sh
TinyTimeMixer/full_shot/tfb-Wind farm site 1 (Nominal capacity-99MW)_final/horizon_12/tinytimemixer.sh,TinyTimeMixer,full_shot,tfb-Wind farm site 1 (Nominal capacity-99MW)_final,horizon_12,tinytimemixer.sh
TinyTimeMixer/full_shot/tfb-Wind farm site 1 (Nominal capacity-99MW)_final/horizon_144/tinytimemixer.sh,TinyTimeMixer,full_shot,tfb-Wind farm site 1 (Nominal capacity-99MW)_final,horizon_144,tinytimemixer.sh
TinyTimeMixer/full_shot/tfb-Wind farm site 1 (Nominal capacity-99MW)_final/horizon_24/tinytimemixer.sh,TinyTimeMixer,full_shot,tfb-Wind farm site 1 (Nominal capacity-99MW)_final,horizon_24,tinytimemixer.sh
TinyTimeMixer/full_shot/tfb-Wind farm site 1 (Nominal capacity-99MW)_final/horizon_72/tinytimemixer.sh,TinyTimeMixer,full_shot,tfb-Wind farm site 1 (Nominal capacity-99MW)_final,horizon_72,tinytimemixer.sh
TinyTimeMixer/full_shot/tfb-Wind farm site 2 (Nominal capacity-200MW)_final/horizon_12/tinytimemixer.sh,TinyTimeMixer,full_shot,tfb-Wind farm site 2 (Nominal capacity-200MW)_final,horizon_12,tinytimemixer.sh
TinyTimeMixer/full_shot/tfb-Wind farm site 2 (Nominal capacity-200MW)_final/horizon_144/tinytimemixer.sh,TinyTimeMixer,full_shot,tfb-Wind farm site 2 (Nominal capacity-200MW)_final,horizon_144,tinytimemixer.sh
TinyTimeMixer/full_shot/tfb-Wind farm site 2 (Nominal capacity-200MW)_final/horizon_24/tinytimemixer.sh,TinyTimeMixer,full_shot,tfb-Wind farm site 2 (Nominal capacity-200MW)_final,horizon_24,tinytimemixer.sh
TinyTimeMixer/full_shot/tfb-Wind farm site 2 (Nominal capacity-200MW)_final/horizon_72/tinytimemixer.sh,TinyTimeMixer,full_shot,tfb-Wind farm site 2 (Nominal capacity-200MW)_final,horizon_72,tinytimemixer.sh
TinyTimeMixer/full_shot/tfb-Wind farm site 3 (Nominal capacity-99MW)_final/horizon_12/tinytimemixer.sh,TinyTimeMixer,full_shot,tfb-Wind farm site 3 (Nominal capacity-99MW)_final,horizon_12,tinytimemixer.sh
TinyTimeMixer/full_shot/tfb-Wind farm site 3 (Nominal capacity-99MW)_final/horizon_144/tinytimemixer.sh,TinyTimeMixer,full_shot,tfb-Wind farm site 3 (Nominal capacity-99MW)_final,horizon_144,tinytimemixer.sh
TinyTimeMixer/full_shot/tfb-Wind farm site 3 (Nominal capacity-99MW)_final/horizon_24/tinytimemixer.sh,TinyTimeMixer,full_shot,tfb-Wind farm site 3 (Nominal capacity-99MW)_final,horizon_24,tinytimemixer.sh
TinyTimeMixer/full_shot/tfb-Wind farm site 3 (Nominal capacity-99MW)_final/horizon_72/tinytimemixer.sh,TinyTimeMixer,full_shot,tfb-Wind farm site 3 (Nominal capacity-99MW)_final,horizon_72,tinytimemixer.sh
TinyTimeMixer/full_shot/tfb-Wind farm site 4 (Nominal capacity-66MW)_final/horizon_12/tinytimemixer.sh,TinyTimeMixer,full_shot,tfb-Wind farm site 4 (Nominal capacity-66MW)_final,horizon_12,tinytimemixer.sh
TinyTimeMixer/full_shot/tfb-Wind farm site 4 (Nominal capacity-66MW)_final/horizon_144/tinytimemixer.sh,TinyTimeMixer,full_shot,tfb-Wind farm site 4 (Nominal capacity-66MW)_final,horizon_144,tinytimemixer.sh
TinyTimeMixer/full_shot/tfb-Wind farm site 4 (Nominal capacity-66MW)_final/horizon_24/tinytimemixer.sh,TinyTimeMixer,full_shot,tfb-Wind farm site 4 (Nominal capacity-66MW)_final,horizon_24,tinytimemixer.sh
TinyTimeMixer/full_shot/tfb-Wind farm site 4 (Nominal capacity-66MW)_final/horizon_72/tinytimemixer.sh,TinyTimeMixer,full_shot,tfb-Wind farm site 4 (Nominal capacity-66MW)_final,horizon_72,tinytimemixer.sh
TinyTimeMixer/full_shot/tfb-Wind farm site 6 (Nominal capacity-96MW)_final/horizon_12/tinytimemixer.sh,TinyTimeMixer,full_shot,tfb-Wind farm site 6 (Nominal capacity-96MW)_final,horizon_12,tinytimemixer.sh
TinyTimeMixer/full_shot/tfb-Wind farm site 6 (Nominal capacity-96MW)_final/horizon_144/tinytimemixer.sh,TinyTimeMixer,full_shot,tfb-Wind farm site 6 (Nominal capacity-96MW)_final,horizon_144,tinytimemixer.sh
TinyTimeMixer/full_shot/tfb-Wind farm site 6 (Nominal capacity-96MW)_final/horizon_24/tinytimemixer.sh,TinyTimeMixer,full_shot,tfb-Wind farm site 6 (Nominal capacity-96MW)_final,horizon_24,tinytimemixer.sh
TinyTimeMixer/full_shot/tfb-Wind farm site 6 (Nominal capacity-96MW)_final/horizon_72/tinytimemixer.sh,TinyTimeMixer,full_shot,tfb-Wind farm site 6 (Nominal capacity-96MW)_final,horizon_72,tinytimemixer.sh
TinyTimeMixer/full_shot/tfb-Wind_Farm_A_filtered_wide_long_fixed__1T1V_reduced_1T_1V_windpower/horizon_12/tinytimemixer.sh,TinyTimeMixer,full_shot,tfb-Wind_Farm_A_filtered_wide_long_fixed__1T1V_reduced_1T_1V_windpower,horizon_12,tinytimemixer.sh
TinyTimeMixer/full_shot/tfb-Wind_Farm_A_filtered_wide_long_fixed__1T1V_reduced_1T_1V_windpower/horizon_144/tinytimemixer.sh,TinyTimeMixer,full_shot,tfb-Wind_Farm_A_filtered_wide_long_fixed__1T1V_reduced_1T_1V_windpower,horizon_144,tinytimemixer.sh
TinyTimeMixer/full_shot/tfb-Wind_Farm_A_filtered_wide_long_fixed__1T1V_reduced_1T_1V_windpower/horizon_24/tinytimemixer.sh,TinyTimeMixer,full_shot,tfb-Wind_Farm_A_filtered_wide_long_fixed__1T1V_reduced_1T_1V_windpower,horizon_24,tinytimemixer.sh
TinyTimeMixer/full_shot/tfb-Wind_Farm_A_filtered_wide_long_fixed__1T1V_reduced_1T_1V_windpower/horizon_72/tinytimemixer.sh,TinyTimeMixer,full_shot,tfb-Wind_Farm_A_filtered_wide_long_fixed__1T1V_reduced_1T_1V_windpower,horizon_72,tinytimemixer.sh
TinyTimeMixer/full_shot/tfb-Wind_Farm_B_filtered_wide_long_fixed__1T1V_reduced_1T_1V_windpower/horizon_12/tinytimemixer.sh,TinyTimeMixer,full_shot,tfb-Wind_Farm_B_filtered_wide_long_fixed__1T1V_reduced_1T_1V_windpower,horizon_12,tinytimemixer.sh
TinyTimeMixer/full_shot/tfb-Wind_Farm_B_filtered_wide_long_fixed__1T1V_reduced_1T_1V_windpower/horizon_144/tinytimemixer.sh,TinyTimeMixer,full_shot,tfb-Wind_Farm_B_filtered_wide_long_fixed__1T1V_reduced_1T_1V_windpower,horizon_144,tinytimemixer.sh
TinyTimeMixer/full_shot/tfb-Wind_Farm_B_filtered_wide_long_fixed__1T1V_reduced_1T_1V_windpower/horizon_24/tinytimemixer.sh,TinyTimeMixer,full_shot,tfb-Wind_Farm_B_filtered_wide_long_fixed__1T1V_reduced_1T_1V_windpower,horizon_24,tinytimemixer.sh
TinyTimeMixer/full_shot/tfb-Wind_Farm_B_filtered_wide_long_fixed__1T1V_reduced_1T_1V_windpower/horizon_72/tinytimemixer.sh,TinyTimeMixer,full_shot,tfb-Wind_Farm_B_filtered_wide_long_fixed__1T1V_reduced_1T_1V_windpower,horizon_72,tinytimemixer.sh
TinyTimeMixer/full_shot/tfb-Wind_Farm_C_filtered_wide_long_fixed__MT1V_reduced_1V_windpower/horizon_12/tinytimemixer.sh,TinyTimeMixer,full_shot,tfb-Wind_Farm_C_filtered_wide_long_fixed__MT1V_reduced_1V_windpower,horizon_12,tinytimemixer.sh
TinyTimeMixer/full_shot/tfb-Wind_Farm_C_filtered_wide_long_fixed__MT1V_reduced_1V_windpower/horizon_144/tinytimemixer.sh,TinyTimeMixer,full_shot,tfb-Wind_Farm_C_filtered_wide_long_fixed__MT1V_reduced_1V_windpower,horizon_144,tinytimemixer.sh
TinyTimeMixer/full_shot/tfb-Wind_Farm_C_filtered_wide_long_fixed__MT1V_reduced_1V_windpower/horizon_24/tinytimemixer.sh,TinyTimeMixer,full_shot,tfb-Wind_Farm_C_filtered_wide_long_fixed__MT1V_reduced_1V_windpower,horizon_24,tinytimemixer.sh
TinyTimeMixer/full_shot/tfb-Wind_Farm_C_filtered_wide_long_fixed__MT1V_reduced_1V_windpower/horizon_72/tinytimemixer.sh,TinyTimeMixer,full_shot,tfb-Wind_Farm_C_filtered_wide_long_fixed__MT1V_reduced_1V_windpower,horizon_72,tinytimemixer.sh
TinyTimeMixer/full_shot/tfb-Yalova_final_ready/horizon_12/tinytimemixer.sh,TinyTimeMixer,full_shot,tfb-Yalova_final_ready,horizon_12,tinytimemixer.sh
TinyTimeMixer/full_shot/tfb-Yalova_final_ready/horizon_144/tinytimemixer.sh,TinyTimeMixer,full_shot,tfb-Yalova_final_ready,horizon_144,tinytimemixer.sh
TinyTimeMixer/full_shot/tfb-Yalova_final_ready/horizon_24/tinytimemixer.sh,TinyTimeMixer,full_shot,tfb-Yalova_final_ready,horizon_24,tinytimemixer.sh
TinyTimeMixer/full_shot/tfb-Yalova_final_ready/horizon_72/tinytimemixer.sh,TinyTimeMixer,full_shot,tfb-Yalova_final_ready,horizon_72,tinytimemixer.sh
TinyTimeMixer/full_shot/tfb-aemo/horizon_12/tinytimemixer.sh,TinyTimeMixer,full_shot,tfb-aemo,horizon_12,tinytimemixer.sh
TinyTimeMixer/full_shot/tfb-aemo/horizon_144/tinytimemixer.sh,TinyTimeMixer,full_shot,tfb-aemo,horizon_144,tinytimemixer.sh
TinyTimeMixer/full_shot/tfb-aemo/horizon_24/tinytimemixer.sh,TinyTimeMixer,full_shot,tfb-aemo,horizon_24,tinytimemixer.sh
TinyTimeMixer/full_shot/tfb-aemo/horizon_72/tinytimemixer.sh,TinyTimeMixer,full_shot,tfb-aemo,horizon_72,tinytimemixer.sh
TinyTimeMixer/full_shot/tfb-chalmers_merged_processed_data_fixed_combined__1T1V_reduced_1min_1T_1V_power/horizon_12/tinytimemixer.sh,TinyTimeMixer,full_shot,tfb-chalmers_merged_processed_data_fixed_combined__1T1V_reduced_1min_1T_1V_power,horizon_12,tinytimemixer.sh
TinyTimeMixer/full_shot/tfb-chalmers_merged_processed_data_fixed_combined__1T1V_reduced_1min_1T_1V_power/horizon_144/tinytimemixer.sh,TinyTimeMixer,full_shot,tfb-chalmers_merged_processed_data_fixed_combined__1T1V_reduced_1min_1T_1V_power,horizon_144,tinytimemixer.sh
TinyTimeMixer/full_shot/tfb-chalmers_merged_processed_data_fixed_combined__1T1V_reduced_1min_1T_1V_power/horizon_24/tinytimemixer.sh,TinyTimeMixer,full_shot,tfb-chalmers_merged_processed_data_fixed_combined__1T1V_reduced_1min_1T_1V_power,horizon_24,tinytimemixer.sh
TinyTimeMixer/full_shot/tfb-chalmers_merged_processed_data_fixed_combined__1T1V_reduced_1min_1T_1V_power/horizon_72/tinytimemixer.sh,TinyTimeMixer,full_shot,tfb-chalmers_merged_processed_data_fixed_combined__1T1V_reduced_1min_1T_1V_power,horizon_72,tinytimemixer.sh
TinyTimeMixer/full_shot/tfb-gefcom2012/horizon_12/tinytimemixer.sh,TinyTimeMixer,full_shot,tfb-gefcom2012,horizon_12,tinytimemixer.sh
TinyTimeMixer/full_shot/tfb-gefcom2012/horizon_144/tinytimemixer.sh,TinyTimeMixer,full_shot,tfb-gefcom2012,horizon_144,tinytimemixer.sh
TinyTimeMixer/full_shot/tfb-gefcom2012/horizon_24/tinytimemixer.sh,TinyTimeMixer,full_shot,tfb-gefcom2012,horizon_24,tinytimemixer.sh
TinyTimeMixer/full_shot/tfb-gefcom2012/horizon_72/tinytimemixer.sh,TinyTimeMixer,full_shot,tfb-gefcom2012,horizon_72,tinytimemixer.sh
TinyTimeMixer/full_shot/tfb-gefcom2014/horizon_12/tinytimemixer.sh,TinyTimeMixer,full_shot,tfb-gefcom2014,horizon_12,tinytimemixer.sh
TinyTimeMixer/full_shot/tfb-gefcom2014/horizon_144/tinytimemixer.sh,TinyTimeMixer,full_shot,tfb-gefcom2014,horizon_144,tinytimemixer.sh
TinyTimeMixer/full_shot/tfb-gefcom2014/horizon_24/tinytimemixer.sh,TinyTimeMixer,full_shot,tfb-gefcom2014,horizon_24,tinytimemixer.sh
TinyTimeMixer/full_shot/tfb-gefcom2014/horizon_72/tinytimemixer.sh,TinyTimeMixer,full_shot,tfb-gefcom2014,horizon_72,tinytimemixer.sh
TinyTimeMixer/full_shot/tfb-kaggle1_final_benchmark_v3_ready_no_turbinestatus/horizon_12/tinytimemixer.sh,TinyTimeMixer,full_shot,tfb-kaggle1_final_benchmark_v3_ready_no_turbinestatus,horizon_12,tinytimemixer.sh
TinyTimeMixer/full_shot/tfb-kaggle1_final_benchmark_v3_ready_no_turbinestatus/horizon_144/tinytimemixer.sh,TinyTimeMixer,full_shot,tfb-kaggle1_final_benchmark_v3_ready_no_turbinestatus,horizon_144,tinytimemixer.sh
TinyTimeMixer/full_shot/tfb-kaggle1_final_benchmark_v3_ready_no_turbinestatus/horizon_24/tinytimemixer.sh,TinyTimeMixer,full_shot,tfb-kaggle1_final_benchmark_v3_ready_no_turbinestatus,horizon_24,tinytimemixer.sh
TinyTimeMixer/full_shot/tfb-kaggle1_final_benchmark_v3_ready_no_turbinestatus/horizon_72/tinytimemixer.sh,TinyTimeMixer,full_shot,tfb-kaggle1_final_benchmark_v3_ready_no_turbinestatus,horizon_72,tinytimemixer.sh
TinyTimeMixer/full_shot/tfb-maelstrom_turbine_1_univariate/horizon_12/tinytimemixer.sh,TinyTimeMixer,full_shot,tfb-maelstrom_turbine_1_univariate,horizon_12,tinytimemixer.sh
TinyTimeMixer/full_shot/tfb-maelstrom_turbine_1_univariate/horizon_144/tinytimemixer.sh,TinyTimeMixer,full_shot,tfb-maelstrom_turbine_1_univariate,horizon_144,tinytimemixer.sh
TinyTimeMixer/full_shot/tfb-maelstrom_turbine_1_univariate/horizon_24/tinytimemixer.sh,TinyTimeMixer,full_shot,tfb-maelstrom_turbine_1_univariate,horizon_24,tinytimemixer.sh
TinyTimeMixer/full_shot/tfb-maelstrom_turbine_1_univariate/horizon_72/tinytimemixer.sh,TinyTimeMixer,full_shot,tfb-maelstrom_turbine_1_univariate,horizon_72,tinytimemixer.sh
TinyTimeMixer/full_shot/tfb-maelstrom_turbine_2_univariate/horizon_12/tinytimemixer.sh,TinyTimeMixer,full_shot,tfb-maelstrom_turbine_2_univariate,horizon_12,tinytimemixer.sh
TinyTimeMixer/full_shot/tfb-maelstrom_turbine_2_univariate/horizon_144/tinytimemixer.sh,TinyTimeMixer,full_shot,tfb-maelstrom_turbine_2_univariate,horizon_144,tinytimemixer.sh
TinyTimeMixer/full_shot/tfb-maelstrom_turbine_2_univariate/horizon_24/tinytimemixer.sh,TinyTimeMixer,full_shot,tfb-maelstrom_turbine_2_univariate,horizon_24,tinytimemixer.sh
TinyTimeMixer/full_shot/tfb-maelstrom_turbine_2_univariate/horizon_72/tinytimemixer.sh,TinyTimeMixer,full_shot,tfb-maelstrom_turbine_2_univariate,horizon_72,tinytimemixer.sh
TinyTimeMixer/full_shot/tfb-maelstrom_turbine_3_univariate/horizon_12/tinytimemixer.sh,TinyTimeMixer,full_shot,tfb-maelstrom_turbine_3_univariate,horizon_12,tinytimemixer.sh
TinyTimeMixer/full_shot/tfb-maelstrom_turbine_3_univariate/horizon_144/tinytimemixer.sh,TinyTimeMixer,full_shot,tfb-maelstrom_turbine_3_univariate,horizon_144,tinytimemixer.sh
TinyTimeMixer/full_shot/tfb-maelstrom_turbine_3_univariate/horizon_24/tinytimemixer.sh,TinyTimeMixer,full_shot,tfb-maelstrom_turbine_3_univariate,horizon_24,tinytimemixer.sh
TinyTimeMixer/full_shot/tfb-maelstrom_turbine_3_univariate/horizon_72/tinytimemixer.sh,TinyTimeMixer,full_shot,tfb-maelstrom_turbine_3_univariate,horizon_72,tinytimemixer.sh
TinyTimeMixer/full_shot/tfb-maelstrom_turbine_4_univariate/horizon_12/tinytimemixer.sh,TinyTimeMixer,full_shot,tfb-maelstrom_turbine_4_univariate,horizon_12,tinytimemixer.sh
TinyTimeMixer/full_shot/tfb-maelstrom_turbine_4_univariate/horizon_144/tinytimemixer.sh,TinyTimeMixer,full_shot,tfb-maelstrom_turbine_4_univariate,horizon_144,tinytimemixer.sh
TinyTimeMixer/full_shot/tfb-maelstrom_turbine_4_univariate/horizon_24/tinytimemixer.sh,TinyTimeMixer,full_shot,tfb-maelstrom_turbine_4_univariate,horizon_24,tinytimemixer.sh
TinyTimeMixer/full_shot/tfb-maelstrom_turbine_4_univariate/horizon_72/tinytimemixer.sh,TinyTimeMixer,full_shot,tfb-maelstrom_turbine_4_univariate,horizon_72,tinytimemixer.sh
TinyTimeMixer/full_shot/tfb-re_europe_wind_signal_COSMO_long_no_null__MT1V_reduced_38T_1V_power/horizon_12/tinytimemixer__server_a_day01_20260519_111959.sh,TinyTimeMixer,full_shot,tfb-re_europe_wind_signal_COSMO_long_no_null__MT1V_reduced_38T_1V_power,horizon_12,tinytimemixer__server_a_day01_20260519_111959.sh
TinyTimeMixer/full_shot/tfb-re_europe_wind_signal_COSMO_long_no_null__MT1V_reduced_38T_1V_power/horizon_12/tinytimemixer__server_a_day01_20260519_122851.sh,TinyTimeMixer,full_shot,tfb-re_europe_wind_signal_COSMO_long_no_null__MT1V_reduced_38T_1V_power,horizon_12,tinytimemixer__server_a_day01_20260519_122851.sh
TinyTimeMixer/full_shot/tfb-re_europe_wind_signal_COSMO_long_no_null__MT1V_reduced_38T_1V_power/horizon_12/tinytimemixer__server_a_day01_20260519_171557.sh,TinyTimeMixer,full_shot,tfb-re_europe_wind_signal_COSMO_long_no_null__MT1V_reduced_38T_1V_power,horizon_12,tinytimemixer__server_a_day01_20260519_171557.sh
TinyTimeMixer/full_shot/tfb-re_europe_wind_signal_COSMO_long_no_null__MT1V_reduced_38T_1V_power/horizon_12/tinytimemixer__server_a_day01_20260520_132941.sh,TinyTimeMixer,full_shot,tfb-re_europe_wind_signal_COSMO_long_no_null__MT1V_reduced_38T_1V_power,horizon_12,tinytimemixer__server_a_day01_20260520_132941.sh
TinyTimeMixer/full_shot/tfb-re_europe_wind_signal_COSMO_long_no_null__MT1V_reduced_38T_1V_power/horizon_144/tinytimemixer__server_a_day01_20260519_111959.sh,TinyTimeMixer,full_shot,tfb-re_europe_wind_signal_COSMO_long_no_null__MT1V_reduced_38T_1V_power,horizon_144,tinytimemixer__server_a_day01_20260519_111959.sh
TinyTimeMixer/full_shot/tfb-re_europe_wind_signal_COSMO_long_no_null__MT1V_reduced_38T_1V_power/horizon_144/tinytimemixer__server_a_day01_20260519_122851.sh,TinyTimeMixer,full_shot,tfb-re_europe_wind_signal_COSMO_long_no_null__MT1V_reduced_38T_1V_power,horizon_144,tinytimemixer__server_a_day01_20260519_122851.sh
TinyTimeMixer/full_shot/tfb-re_europe_wind_signal_COSMO_long_no_null__MT1V_reduced_38T_1V_power/horizon_144/tinytimemixer__server_a_day01_20260519_171557.sh,TinyTimeMixer,full_shot,tfb-re_europe_wind_signal_COSMO_long_no_null__MT1V_reduced_38T_1V_power,horizon_144,tinytimemixer__server_a_day01_20260519_171557.sh
TinyTimeMixer/full_shot/tfb-re_europe_wind_signal_COSMO_long_no_null__MT1V_reduced_38T_1V_power/horizon_144/tinytimemixer__server_a_day01_20260520_132941.sh,TinyTimeMixer,full_shot,tfb-re_europe_wind_signal_COSMO_long_no_null__MT1V_reduced_38T_1V_power,horizon_144,tinytimemixer__server_a_day01_20260520_132941.sh
TinyTimeMixer/full_shot/tfb-re_europe_wind_signal_COSMO_long_no_null__MT1V_reduced_38T_1V_power/horizon_24/tinytimemixer__server_a_day01_20260519_111959.sh,TinyTimeMixer,full_shot,tfb-re_europe_wind_signal_COSMO_long_no_null__MT1V_reduced_38T_1V_power,horizon_24,tinytimemixer__server_a_day01_20260519_111959.sh
TinyTimeMixer/full_shot/tfb-re_europe_wind_signal_COSMO_long_no_null__MT1V_reduced_38T_1V_power/horizon_24/tinytimemixer__server_a_day01_20260519_122851.sh,TinyTimeMixer,full_shot,tfb-re_europe_wind_signal_COSMO_long_no_null__MT1V_reduced_38T_1V_power,horizon_24,tinytimemixer__server_a_day01_20260519_122851.sh
TinyTimeMixer/full_shot/tfb-re_europe_wind_signal_COSMO_long_no_null__MT1V_reduced_38T_1V_power/horizon_24/tinytimemixer__server_a_day01_20260519_171557.sh,TinyTimeMixer,full_shot,tfb-re_europe_wind_signal_COSMO_long_no_null__MT1V_reduced_38T_1V_power,horizon_24,tinytimemixer__server_a_day01_20260519_171557.sh
TinyTimeMixer/full_shot/tfb-re_europe_wind_signal_COSMO_long_no_null__MT1V_reduced_38T_1V_power/horizon_24/tinytimemixer__server_a_day01_20260520_132941.sh,TinyTimeMixer,full_shot,tfb-re_europe_wind_signal_COSMO_long_no_null__MT1V_reduced_38T_1V_power,horizon_24,tinytimemixer__server_a_day01_20260520_132941.sh
TinyTimeMixer/full_shot/tfb-re_europe_wind_signal_COSMO_long_no_null__MT1V_reduced_38T_1V_power/horizon_72/tinytimemixer__server_a_day01_20260519_111959.sh,TinyTimeMixer,full_shot,tfb-re_europe_wind_signal_COSMO_long_no_null__MT1V_reduced_38T_1V_power,horizon_72,tinytimemixer__server_a_day01_20260519_111959.sh
TinyTimeMixer/full_shot/tfb-re_europe_wind_signal_COSMO_long_no_null__MT1V_reduced_38T_1V_power/horizon_72/tinytimemixer__server_a_day01_20260519_122851.sh,TinyTimeMixer,full_shot,tfb-re_europe_wind_signal_COSMO_long_no_null__MT1V_reduced_38T_1V_power,horizon_72,tinytimemixer__server_a_day01_20260519_122851.sh
TinyTimeMixer/full_shot/tfb-re_europe_wind_signal_COSMO_long_no_null__MT1V_reduced_38T_1V_power/horizon_72/tinytimemixer__server_a_day01_20260519_171557.sh,TinyTimeMixer,full_shot,tfb-re_europe_wind_signal_COSMO_long_no_null__MT1V_reduced_38T_1V_power,horizon_72,tinytimemixer__server_a_day01_20260519_171557.sh
TinyTimeMixer/full_shot/tfb-re_europe_wind_signal_COSMO_long_no_null__MT1V_reduced_38T_1V_power/horizon_72/tinytimemixer__server_a_day01_20260520_132941.sh,TinyTimeMixer,full_shot,tfb-re_europe_wind_signal_COSMO_long_no_null__MT1V_reduced_38T_1V_power,horizon_72,tinytimemixer__server_a_day01_20260520_132941.sh
TinyTimeMixer/full_shot/tfb-re_europe_wind_signal_ECMWF_long_no_null__MT1V_reduced_38T_1V_power/horizon_12/tinytimemixer__server_a_day02_20260520_133059.sh,TinyTimeMixer,full_shot,tfb-re_europe_wind_signal_ECMWF_long_no_null__MT1V_reduced_38T_1V_power,horizon_12,tinytimemixer__server_a_day02_20260520_133059.sh
TinyTimeMixer/full_shot/tfb-re_europe_wind_signal_ECMWF_long_no_null__MT1V_reduced_38T_1V_power/horizon_144/tinytimemixer__server_a_day02_20260520_133059.sh,TinyTimeMixer,full_shot,tfb-re_europe_wind_signal_ECMWF_long_no_null__MT1V_reduced_38T_1V_power,horizon_144,tinytimemixer__server_a_day02_20260520_133059.sh
TinyTimeMixer/full_shot/tfb-re_europe_wind_signal_ECMWF_long_no_null__MT1V_reduced_38T_1V_power/horizon_24/tinytimemixer__server_a_day02_20260520_133059.sh,TinyTimeMixer,full_shot,tfb-re_europe_wind_signal_ECMWF_long_no_null__MT1V_reduced_38T_1V_power,horizon_24,tinytimemixer__server_a_day02_20260520_133059.sh
TinyTimeMixer/full_shot/tfb-re_europe_wind_signal_ECMWF_long_no_null__MT1V_reduced_38T_1V_power/horizon_72/tinytimemixer__server_a_day02_20260520_133059.sh,TinyTimeMixer,full_shot,tfb-re_europe_wind_signal_ECMWF_long_no_null__MT1V_reduced_38T_1V_power,horizon_72,tinytimemixer__server_a_day02_20260520_133059.sh
TinyTimeMixer/full_shot/tfb-scada_fault_10min_cleaned_numeric_only/horizon_12/tinytimemixer.sh,TinyTimeMixer,full_shot,tfb-scada_fault_10min_cleaned_numeric_only,horizon_12,tinytimemixer.sh
TinyTimeMixer/full_shot/tfb-scada_fault_10min_cleaned_numeric_only/horizon_144/tinytimemixer.sh,TinyTimeMixer,full_shot,tfb-scada_fault_10min_cleaned_numeric_only,horizon_144,tinytimemixer.sh
TinyTimeMixer/full_shot/tfb-scada_fault_10min_cleaned_numeric_only/horizon_24/tinytimemixer.sh,TinyTimeMixer,full_shot,tfb-scada_fault_10min_cleaned_numeric_only,horizon_24,tinytimemixer.sh
TinyTimeMixer/full_shot/tfb-scada_fault_10min_cleaned_numeric_only/horizon_72/tinytimemixer.sh,TinyTimeMixer,full_shot,tfb-scada_fault_10min_cleaned_numeric_only,horizon_72,tinytimemixer.sh
TinyTimeMixer/full_shot/tfb-sdwpf_245days_v1_final_final_cleaned/horizon_12/tinytimemixer.sh,TinyTimeMixer,full_shot,tfb-sdwpf_245days_v1_final_final_cleaned,horizon_12,tinytimemixer.sh
TinyTimeMixer/full_shot/tfb-sdwpf_245days_v1_final_final_cleaned/horizon_144/tinytimemixer.sh,TinyTimeMixer,full_shot,tfb-sdwpf_245days_v1_final_final_cleaned,horizon_144,tinytimemixer.sh
TinyTimeMixer/full_shot/tfb-sdwpf_245days_v1_final_final_cleaned/horizon_24/tinytimemixer.sh,TinyTimeMixer,full_shot,tfb-sdwpf_245days_v1_final_final_cleaned,horizon_24,tinytimemixer.sh
TinyTimeMixer/full_shot/tfb-sdwpf_245days_v1_final_final_cleaned/horizon_72/tinytimemixer.sh,TinyTimeMixer,full_shot,tfb-sdwpf_245days_v1_final_final_cleaned,horizon_72,tinytimemixer.sh
TinyTimeMixer/zero_shot/tfb-Kelmarsh_filtered_wide__MTMV_reduced_3V_Power_(kW)/zero_shot_all_horizons.sh,TinyTimeMixer,zero_shot,tfb-Kelmarsh_filtered_wide__MTMV_reduced_3V_Power_(kW),,zero_shot_all_horizons.sh
TinyTimeMixer/zero_shot/tfb-Penmanshiel_filtered_wide__MTMV_reduced_3V_Power_(kW)__quality_trim_201607_201608_202009_202010/horizon_12/zero_shot_all_horizons.sh,TinyTimeMixer,zero_shot,tfb-Penmanshiel_filtered_wide__MTMV_reduced_3V_Power_(kW)__quality_trim_201607_201608_202009_202010,horizon_12,zero_shot_all_horizons.sh
TinyTimeMixer/zero_shot/tfb-Penmanshiel_filtered_wide__MTMV_reduced_3V_Power_(kW)__quality_trim_201607_201608_202009_202010/horizon_144/zero_shot_all_horizons.sh,TinyTimeMixer,zero_shot,tfb-Penmanshiel_filtered_wide__MTMV_reduced_3V_Power_(kW)__quality_trim_201607_201608_202009_202010,horizon_144,zero_shot_all_horizons.sh
TinyTimeMixer/zero_shot/tfb-Penmanshiel_filtered_wide__MTMV_reduced_3V_Power_(kW)__quality_trim_201607_201608_202009_202010/horizon_24/zero_shot_all_horizons.sh,TinyTimeMixer,zero_shot,tfb-Penmanshiel_filtered_wide__MTMV_reduced_3V_Power_(kW)__quality_trim_201607_201608_202009_202010,horizon_24,zero_shot_all_horizons.sh
TinyTimeMixer/zero_shot/tfb-Penmanshiel_filtered_wide__MTMV_reduced_3V_Power_(kW)__quality_trim_201607_201608_202009_202010/horizon_72/zero_shot_all_horizons.sh,TinyTimeMixer,zero_shot,tfb-Penmanshiel_filtered_wide__MTMV_reduced_3V_Power_(kW)__quality_trim_201607_201608_202009_202010,horizon_72,zero_shot_all_horizons.sh
TinyTimeMixer/zero_shot/tfb-Penmanshiel_filtered_wide__MTMV_reduced_3V_Power_(kW)__quality_trim_201607_201608_202009_202010/zero_shot_all_horizons.sh,TinyTimeMixer,zero_shot,tfb-Penmanshiel_filtered_wide__MTMV_reduced_3V_Power_(kW)__quality_trim_201607_201608_202009_202010,,zero_shot_all_horizons.sh
TinyTimeMixer/zero_shot/tfb-UEBB_panel_wide_filled__MTMV_reduced_3V_active_power_total/horizon_12/zero_shot_all_horizons.sh,TinyTimeMixer,zero_shot,tfb-UEBB_panel_wide_filled__MTMV_reduced_3V_active_power_total,horizon_12,zero_shot_all_horizons.sh
TinyTimeMixer/zero_shot/tfb-UEBB_panel_wide_filled__MTMV_reduced_3V_active_power_total/horizon_144/zero_shot_all_horizons.sh,TinyTimeMixer,zero_shot,tfb-UEBB_panel_wide_filled__MTMV_reduced_3V_active_power_total,horizon_144,zero_shot_all_horizons.sh
TinyTimeMixer/zero_shot/tfb-UEBB_panel_wide_filled__MTMV_reduced_3V_active_power_total/horizon_24/zero_shot_all_horizons.sh,TinyTimeMixer,zero_shot,tfb-UEBB_panel_wide_filled__MTMV_reduced_3V_active_power_total,horizon_24,zero_shot_all_horizons.sh
TinyTimeMixer/zero_shot/tfb-UEBB_panel_wide_filled__MTMV_reduced_3V_active_power_total/horizon_72/zero_shot_all_horizons.sh,TinyTimeMixer,zero_shot,tfb-UEBB_panel_wide_filled__MTMV_reduced_3V_active_power_total,horizon_72,zero_shot_all_horizons.sh
TinyTimeMixer/zero_shot/tfb-UEPS_panel_wide_filled__MTMV_reduced_3V_active_power_total/horizon_12/zero_shot_all_horizons.sh,TinyTimeMixer,zero_shot,tfb-UEPS_panel_wide_filled__MTMV_reduced_3V_active_power_total,horizon_12,zero_shot_all_horizons.sh
TinyTimeMixer/zero_shot/tfb-UEPS_panel_wide_filled__MTMV_reduced_3V_active_power_total/horizon_144/zero_shot_all_horizons.sh,TinyTimeMixer,zero_shot,tfb-UEPS_panel_wide_filled__MTMV_reduced_3V_active_power_total,horizon_144,zero_shot_all_horizons.sh
TinyTimeMixer/zero_shot/tfb-UEPS_panel_wide_filled__MTMV_reduced_3V_active_power_total/horizon_24/zero_shot_all_horizons.sh,TinyTimeMixer,zero_shot,tfb-UEPS_panel_wide_filled__MTMV_reduced_3V_active_power_total,horizon_24,zero_shot_all_horizons.sh
TinyTimeMixer/zero_shot/tfb-UEPS_panel_wide_filled__MTMV_reduced_3V_active_power_total/horizon_72/zero_shot_all_horizons.sh,TinyTimeMixer,zero_shot,tfb-UEPS_panel_wide_filled__MTMV_reduced_3V_active_power_total,horizon_72,zero_shot_all_horizons.sh
TinyTimeMixer/zero_shot/tfb-Wind farm site 1 (Nominal capacity-99MW)_final/horizon_12/zero_shot_all_horizons.sh,TinyTimeMixer,zero_shot,tfb-Wind farm site 1 (Nominal capacity-99MW)_final,horizon_12,zero_shot_all_horizons.sh
TinyTimeMixer/zero_shot/tfb-Wind farm site 1 (Nominal capacity-99MW)_final/horizon_144/zero_shot_all_horizons.sh,TinyTimeMixer,zero_shot,tfb-Wind farm site 1 (Nominal capacity-99MW)_final,horizon_144,zero_shot_all_horizons.sh
TinyTimeMixer/zero_shot/tfb-Wind farm site 1 (Nominal capacity-99MW)_final/horizon_24/zero_shot_all_horizons.sh,TinyTimeMixer,zero_shot,tfb-Wind farm site 1 (Nominal capacity-99MW)_final,horizon_24,zero_shot_all_horizons.sh
TinyTimeMixer/zero_shot/tfb-Wind farm site 1 (Nominal capacity-99MW)_final/horizon_72/zero_shot_all_horizons.sh,TinyTimeMixer,zero_shot,tfb-Wind farm site 1 (Nominal capacity-99MW)_final,horizon_72,zero_shot_all_horizons.sh
TinyTimeMixer/zero_shot/tfb-Wind farm site 2 (Nominal capacity-200MW)_final/horizon_12/zero_shot_all_horizons.sh,TinyTimeMixer,zero_shot,tfb-Wind farm site 2 (Nominal capacity-200MW)_final,horizon_12,zero_shot_all_horizons.sh
TinyTimeMixer/zero_shot/tfb-Wind farm site 2 (Nominal capacity-200MW)_final/horizon_144/zero_shot_all_horizons.sh,TinyTimeMixer,zero_shot,tfb-Wind farm site 2 (Nominal capacity-200MW)_final,horizon_144,zero_shot_all_horizons.sh
TinyTimeMixer/zero_shot/tfb-Wind farm site 2 (Nominal capacity-200MW)_final/horizon_24/zero_shot_all_horizons.sh,TinyTimeMixer,zero_shot,tfb-Wind farm site 2 (Nominal capacity-200MW)_final,horizon_24,zero_shot_all_horizons.sh
TinyTimeMixer/zero_shot/tfb-Wind farm site 2 (Nominal capacity-200MW)_final/horizon_72/zero_shot_all_horizons.sh,TinyTimeMixer,zero_shot,tfb-Wind farm site 2 (Nominal capacity-200MW)_final,horizon_72,zero_shot_all_horizons.sh
TinyTimeMixer/zero_shot/tfb-Wind farm site 3 (Nominal capacity-99MW)_final/horizon_12/zero_shot_all_horizons.sh,TinyTimeMixer,zero_shot,tfb-Wind farm site 3 (Nominal capacity-99MW)_final,horizon_12,zero_shot_all_horizons.sh
TinyTimeMixer/zero_shot/tfb-Wind farm site 3 (Nominal capacity-99MW)_final/horizon_144/zero_shot_all_horizons.sh,TinyTimeMixer,zero_shot,tfb-Wind farm site 3 (Nominal capacity-99MW)_final,horizon_144,zero_shot_all_horizons.sh
TinyTimeMixer/zero_shot/tfb-Wind farm site 3 (Nominal capacity-99MW)_final/horizon_24/zero_shot_all_horizons.sh,TinyTimeMixer,zero_shot,tfb-Wind farm site 3 (Nominal capacity-99MW)_final,horizon_24,zero_shot_all_horizons.sh
TinyTimeMixer/zero_shot/tfb-Wind farm site 3 (Nominal capacity-99MW)_final/horizon_72/zero_shot_all_horizons.sh,TinyTimeMixer,zero_shot,tfb-Wind farm site 3 (Nominal capacity-99MW)_final,horizon_72,zero_shot_all_horizons.sh
TinyTimeMixer/zero_shot/tfb-Wind farm site 4 (Nominal capacity-66MW)_final/horizon_12/zero_shot_all_horizons.sh,TinyTimeMixer,zero_shot,tfb-Wind farm site 4 (Nominal capacity-66MW)_final,horizon_12,zero_shot_all_horizons.sh
TinyTimeMixer/zero_shot/tfb-Wind farm site 4 (Nominal capacity-66MW)_final/horizon_144/zero_shot_all_horizons.sh,TinyTimeMixer,zero_shot,tfb-Wind farm site 4 (Nominal capacity-66MW)_final,horizon_144,zero_shot_all_horizons.sh
TinyTimeMixer/zero_shot/tfb-Wind farm site 4 (Nominal capacity-66MW)_final/horizon_24/zero_shot_all_horizons.sh,TinyTimeMixer,zero_shot,tfb-Wind farm site 4 (Nominal capacity-66MW)_final,horizon_24,zero_shot_all_horizons.sh
TinyTimeMixer/zero_shot/tfb-Wind farm site 4 (Nominal capacity-66MW)_final/horizon_72/zero_shot_all_horizons.sh,TinyTimeMixer,zero_shot,tfb-Wind farm site 4 (Nominal capacity-66MW)_final,horizon_72,zero_shot_all_horizons.sh
TinyTimeMixer/zero_shot/tfb-Wind farm site 6 (Nominal capacity-96MW)_final/horizon_12/zero_shot_all_horizons.sh,TinyTimeMixer,zero_shot,tfb-Wind farm site 6 (Nominal capacity-96MW)_final,horizon_12,zero_shot_all_horizons.sh
TinyTimeMixer/zero_shot/tfb-Wind farm site 6 (Nominal capacity-96MW)_final/horizon_144/zero_shot_all_horizons.sh,TinyTimeMixer,zero_shot,tfb-Wind farm site 6 (Nominal capacity-96MW)_final,horizon_144,zero_shot_all_horizons.sh
TinyTimeMixer/zero_shot/tfb-Wind farm site 6 (Nominal capacity-96MW)_final/horizon_24/zero_shot_all_horizons.sh,TinyTimeMixer,zero_shot,tfb-Wind farm site 6 (Nominal capacity-96MW)_final,horizon_24,zero_shot_all_horizons.sh
TinyTimeMixer/zero_shot/tfb-Wind farm site 6 (Nominal capacity-96MW)_final/horizon_72/zero_shot_all_horizons.sh,TinyTimeMixer,zero_shot,tfb-Wind farm site 6 (Nominal capacity-96MW)_final,horizon_72,zero_shot_all_horizons.sh
TinyTimeMixer/zero_shot/tfb-Wind_Farm_A_filtered_wide_long_fixed__1T1V_reduced_1T_1V_windpower/horizon_12/zero_shot_all_horizons.sh,TinyTimeMixer,zero_shot,tfb-Wind_Farm_A_filtered_wide_long_fixed__1T1V_reduced_1T_1V_windpower,horizon_12,zero_shot_all_horizons.sh
TinyTimeMixer/zero_shot/tfb-Wind_Farm_A_filtered_wide_long_fixed__1T1V_reduced_1T_1V_windpower/horizon_144/zero_shot_all_horizons.sh,TinyTimeMixer,zero_shot,tfb-Wind_Farm_A_filtered_wide_long_fixed__1T1V_reduced_1T_1V_windpower,horizon_144,zero_shot_all_horizons.sh
TinyTimeMixer/zero_shot/tfb-Wind_Farm_A_filtered_wide_long_fixed__1T1V_reduced_1T_1V_windpower/horizon_24/zero_shot_all_horizons.sh,TinyTimeMixer,zero_shot,tfb-Wind_Farm_A_filtered_wide_long_fixed__1T1V_reduced_1T_1V_windpower,horizon_24,zero_shot_all_horizons.sh
TinyTimeMixer/zero_shot/tfb-Wind_Farm_A_filtered_wide_long_fixed__1T1V_reduced_1T_1V_windpower/horizon_72/zero_shot_all_horizons.sh,TinyTimeMixer,zero_shot,tfb-Wind_Farm_A_filtered_wide_long_fixed__1T1V_reduced_1T_1V_windpower,horizon_72,zero_shot_all_horizons.sh
TinyTimeMixer/zero_shot/tfb-Wind_Farm_B_filtered_wide_long_fixed__1T1V_reduced_1T_1V_windpower/horizon_12/zero_shot_all_horizons.sh,TinyTimeMixer,zero_shot,tfb-Wind_Farm_B_filtered_wide_long_fixed__1T1V_reduced_1T_1V_windpower,horizon_12,zero_shot_all_horizons.sh
TinyTimeMixer/zero_shot/tfb-Wind_Farm_B_filtered_wide_long_fixed__1T1V_reduced_1T_1V_windpower/horizon_144/zero_shot_all_horizons.sh,TinyTimeMixer,zero_shot,tfb-Wind_Farm_B_filtered_wide_long_fixed__1T1V_reduced_1T_1V_windpower,horizon_144,zero_shot_all_horizons.sh
TinyTimeMixer/zero_shot/tfb-Wind_Farm_B_filtered_wide_long_fixed__1T1V_reduced_1T_1V_windpower/horizon_24/zero_shot_all_horizons.sh,TinyTimeMixer,zero_shot,tfb-Wind_Farm_B_filtered_wide_long_fixed__1T1V_reduced_1T_1V_windpower,horizon_24,zero_shot_all_horizons.sh
TinyTimeMixer/zero_shot/tfb-Wind_Farm_B_filtered_wide_long_fixed__1T1V_reduced_1T_1V_windpower/horizon_72/zero_shot_all_horizons.sh,TinyTimeMixer,zero_shot,tfb-Wind_Farm_B_filtered_wide_long_fixed__1T1V_reduced_1T_1V_windpower,horizon_72,zero_shot_all_horizons.sh
TinyTimeMixer/zero_shot/tfb-Wind_Farm_C_filtered_wide_long_fixed__MT1V_reduced_1V_windpower/horizon_12/zero_shot_all_horizons.sh,TinyTimeMixer,zero_shot,tfb-Wind_Farm_C_filtered_wide_long_fixed__MT1V_reduced_1V_windpower,horizon_12,zero_shot_all_horizons.sh
TinyTimeMixer/zero_shot/tfb-Wind_Farm_C_filtered_wide_long_fixed__MT1V_reduced_1V_windpower/horizon_144/zero_shot_all_horizons.sh,TinyTimeMixer,zero_shot,tfb-Wind_Farm_C_filtered_wide_long_fixed__MT1V_reduced_1V_windpower,horizon_144,zero_shot_all_horizons.sh
TinyTimeMixer/zero_shot/tfb-Wind_Farm_C_filtered_wide_long_fixed__MT1V_reduced_1V_windpower/horizon_24/zero_shot_all_horizons.sh,TinyTimeMixer,zero_shot,tfb-Wind_Farm_C_filtered_wide_long_fixed__MT1V_reduced_1V_windpower,horizon_24,zero_shot_all_horizons.sh
TinyTimeMixer/zero_shot/tfb-Wind_Farm_C_filtered_wide_long_fixed__MT1V_reduced_1V_windpower/horizon_72/zero_shot_all_horizons.sh,TinyTimeMixer,zero_shot,tfb-Wind_Farm_C_filtered_wide_long_fixed__MT1V_reduced_1V_windpower,horizon_72,zero_shot_all_horizons.sh
TinyTimeMixer/zero_shot/tfb-Yalova_final_ready/zero_shot__q3_0817_yalova_TTM_zero_shot.sh,TinyTimeMixer,zero_shot,tfb-Yalova_final_ready,,zero_shot__q3_0817_yalova_TTM_zero_shot.sh
TinyTimeMixer/zero_shot/tfb-aemo/zero_shot_all_horizons.sh,TinyTimeMixer,zero_shot,tfb-aemo,,zero_shot_all_horizons.sh
TinyTimeMixer/zero_shot/tfb-chalmers_merged_processed_data_fixed_combined__1T1V_reduced_1min_1T_1V_power/horizon_12/zero_shot_all_horizons.sh,TinyTimeMixer,zero_shot,tfb-chalmers_merged_processed_data_fixed_combined__1T1V_reduced_1min_1T_1V_power,horizon_12,zero_shot_all_horizons.sh
TinyTimeMixer/zero_shot/tfb-chalmers_merged_processed_data_fixed_combined__1T1V_reduced_1min_1T_1V_power/horizon_144/zero_shot_all_horizons.sh,TinyTimeMixer,zero_shot,tfb-chalmers_merged_processed_data_fixed_combined__1T1V_reduced_1min_1T_1V_power,horizon_144,zero_shot_all_horizons.sh
TinyTimeMixer/zero_shot/tfb-chalmers_merged_processed_data_fixed_combined__1T1V_reduced_1min_1T_1V_power/horizon_24/zero_shot_all_horizons.sh,TinyTimeMixer,zero_shot,tfb-chalmers_merged_processed_data_fixed_combined__1T1V_reduced_1min_1T_1V_power,horizon_24,zero_shot_all_horizons.sh
TinyTimeMixer/zero_shot/tfb-chalmers_merged_processed_data_fixed_combined__1T1V_reduced_1min_1T_1V_power/horizon_72/zero_shot_all_horizons.sh,TinyTimeMixer,zero_shot,tfb-chalmers_merged_processed_data_fixed_combined__1T1V_reduced_1min_1T_1V_power,horizon_72,zero_shot_all_horizons.sh
TinyTimeMixer/zero_shot/tfb-gefcom2012/horizon_12/zero_shot_all_horizons.sh,TinyTimeMixer,zero_shot,tfb-gefcom2012,horizon_12,zero_shot_all_horizons.sh
TinyTimeMixer/zero_shot/tfb-gefcom2012/horizon_144/zero_shot_all_horizons.sh,TinyTimeMixer,zero_shot,tfb-gefcom2012,horizon_144,zero_shot_all_horizons.sh
TinyTimeMixer/zero_shot/tfb-gefcom2012/horizon_24/zero_shot_all_horizons.sh,TinyTimeMixer,zero_shot,tfb-gefcom2012,horizon_24,zero_shot_all_horizons.sh
TinyTimeMixer/zero_shot/tfb-gefcom2012/horizon_72/zero_shot_all_horizons.sh,TinyTimeMixer,zero_shot,tfb-gefcom2012,horizon_72,zero_shot_all_horizons.sh
TinyTimeMixer/zero_shot/tfb-gefcom2014/horizon_12/zero_shot_all_horizons.sh,TinyTimeMixer,zero_shot,tfb-gefcom2014,horizon_12,zero_shot_all_horizons.sh
TinyTimeMixer/zero_shot/tfb-gefcom2014/horizon_144/zero_shot_all_horizons.sh,TinyTimeMixer,zero_shot,tfb-gefcom2014,horizon_144,zero_shot_all_horizons.sh
TinyTimeMixer/zero_shot/tfb-gefcom2014/horizon_24/zero_shot_all_horizons.sh,TinyTimeMixer,zero_shot,tfb-gefcom2014,horizon_24,zero_shot_all_horizons.sh
TinyTimeMixer/zero_shot/tfb-gefcom2014/horizon_72/zero_shot_all_horizons.sh,TinyTimeMixer,zero_shot,tfb-gefcom2014,horizon_72,zero_shot_all_horizons.sh
TinyTimeMixer/zero_shot/tfb-kaggle1_final_benchmark_v3_ready_no_turbinestatus/horizon_12/zero_shot_all_horizons.sh,TinyTimeMixer,zero_shot,tfb-kaggle1_final_benchmark_v3_ready_no_turbinestatus,horizon_12,zero_shot_all_horizons.sh
TinyTimeMixer/zero_shot/tfb-kaggle1_final_benchmark_v3_ready_no_turbinestatus/horizon_144/zero_shot_all_horizons.sh,TinyTimeMixer,zero_shot,tfb-kaggle1_final_benchmark_v3_ready_no_turbinestatus,horizon_144,zero_shot_all_horizons.sh
TinyTimeMixer/zero_shot/tfb-kaggle1_final_benchmark_v3_ready_no_turbinestatus/horizon_24/zero_shot_all_horizons.sh,TinyTimeMixer,zero_shot,tfb-kaggle1_final_benchmark_v3_ready_no_turbinestatus,horizon_24,zero_shot_all_horizons.sh
TinyTimeMixer/zero_shot/tfb-kaggle1_final_benchmark_v3_ready_no_turbinestatus/horizon_72/zero_shot_all_horizons.sh,TinyTimeMixer,zero_shot,tfb-kaggle1_final_benchmark_v3_ready_no_turbinestatus,horizon_72,zero_shot_all_horizons.sh
TinyTimeMixer/zero_shot/tfb-maelstrom_turbine_1_univariate/horizon_12/zero_shot_all_horizons.sh,TinyTimeMixer,zero_shot,tfb-maelstrom_turbine_1_univariate,horizon_12,zero_shot_all_horizons.sh
TinyTimeMixer/zero_shot/tfb-maelstrom_turbine_1_univariate/horizon_144/zero_shot_all_horizons.sh,TinyTimeMixer,zero_shot,tfb-maelstrom_turbine_1_univariate,horizon_144,zero_shot_all_horizons.sh
TinyTimeMixer/zero_shot/tfb-maelstrom_turbine_1_univariate/horizon_24/zero_shot_all_horizons.sh,TinyTimeMixer,zero_shot,tfb-maelstrom_turbine_1_univariate,horizon_24,zero_shot_all_horizons.sh
TinyTimeMixer/zero_shot/tfb-maelstrom_turbine_1_univariate/horizon_72/zero_shot_all_horizons.sh,TinyTimeMixer,zero_shot,tfb-maelstrom_turbine_1_univariate,horizon_72,zero_shot_all_horizons.sh
TinyTimeMixer/zero_shot/tfb-maelstrom_turbine_2_univariate/horizon_12/zero_shot_all_horizons.sh,TinyTimeMixer,zero_shot,tfb-maelstrom_turbine_2_univariate,horizon_12,zero_shot_all_horizons.sh
TinyTimeMixer/zero_shot/tfb-maelstrom_turbine_2_univariate/horizon_144/zero_shot_all_horizons.sh,TinyTimeMixer,zero_shot,tfb-maelstrom_turbine_2_univariate,horizon_144,zero_shot_all_horizons.sh
TinyTimeMixer/zero_shot/tfb-maelstrom_turbine_2_univariate/horizon_24/zero_shot_all_horizons.sh,TinyTimeMixer,zero_shot,tfb-maelstrom_turbine_2_univariate,horizon_24,zero_shot_all_horizons.sh
TinyTimeMixer/zero_shot/tfb-maelstrom_turbine_2_univariate/horizon_72/zero_shot_all_horizons.sh,TinyTimeMixer,zero_shot,tfb-maelstrom_turbine_2_univariate,horizon_72,zero_shot_all_horizons.sh
TinyTimeMixer/zero_shot/tfb-maelstrom_turbine_3_univariate/horizon_12/zero_shot_all_horizons.sh,TinyTimeMixer,zero_shot,tfb-maelstrom_turbine_3_univariate,horizon_12,zero_shot_all_horizons.sh
TinyTimeMixer/zero_shot/tfb-maelstrom_turbine_3_univariate/horizon_144/zero_shot_all_horizons.sh,TinyTimeMixer,zero_shot,tfb-maelstrom_turbine_3_univariate,horizon_144,zero_shot_all_horizons.sh
TinyTimeMixer/zero_shot/tfb-maelstrom_turbine_3_univariate/horizon_24/zero_shot_all_horizons.sh,TinyTimeMixer,zero_shot,tfb-maelstrom_turbine_3_univariate,horizon_24,zero_shot_all_horizons.sh
TinyTimeMixer/zero_shot/tfb-maelstrom_turbine_3_univariate/horizon_72/zero_shot_all_horizons.sh,TinyTimeMixer,zero_shot,tfb-maelstrom_turbine_3_univariate,horizon_72,zero_shot_all_horizons.sh
TinyTimeMixer/zero_shot/tfb-maelstrom_turbine_4_univariate/horizon_12/zero_shot_all_horizons.sh,TinyTimeMixer,zero_shot,tfb-maelstrom_turbine_4_univariate,horizon_12,zero_shot_all_horizons.sh
TinyTimeMixer/zero_shot/tfb-maelstrom_turbine_4_univariate/horizon_144/zero_shot_all_horizons.sh,TinyTimeMixer,zero_shot,tfb-maelstrom_turbine_4_univariate,horizon_144,zero_shot_all_horizons.sh
TinyTimeMixer/zero_shot/tfb-maelstrom_turbine_4_univariate/horizon_24/zero_shot_all_horizons.sh,TinyTimeMixer,zero_shot,tfb-maelstrom_turbine_4_univariate,horizon_24,zero_shot_all_horizons.sh
TinyTimeMixer/zero_shot/tfb-maelstrom_turbine_4_univariate/horizon_72/zero_shot_all_horizons.sh,TinyTimeMixer,zero_shot,tfb-maelstrom_turbine_4_univariate,horizon_72,zero_shot_all_horizons.sh
TinyTimeMixer/zero_shot/tfb-re_europe_wind_signal_COSMO_long_no_null__MT1V_reduced_38T_1V_power/zero_shot_all_horizons.sh,TinyTimeMixer,zero_shot,tfb-re_europe_wind_signal_COSMO_long_no_null__MT1V_reduced_38T_1V_power,,zero_shot_all_horizons.sh
TinyTimeMixer/zero_shot/tfb-re_europe_wind_signal_ECMWF_long_no_null__MT1V_reduced_38T_1V_power/zero_shot_all_horizons.sh,TinyTimeMixer,zero_shot,tfb-re_europe_wind_signal_ECMWF_long_no_null__MT1V_reduced_38T_1V_power,,zero_shot_all_horizons.sh
TinyTimeMixer/zero_shot/tfb-scada_fault_10min_cleaned_numeric_only/zero_shot_all_horizons.sh,TinyTimeMixer,zero_shot,tfb-scada_fault_10min_cleaned_numeric_only,,zero_shot_all_horizons.sh
TinyTimeMixer/zero_shot/tfb-sdwpf_245days_v1_final_final_cleaned/zero_shot_all_horizons.sh,TinyTimeMixer,zero_shot,tfb-sdwpf_245days_v1_final_final_cleaned,,zero_shot_all_horizons.sh
Toto/few_shot_10pct/tfb-Kelmarsh_filtered_wide__MTMV_reduced_3V_Power_(kW)/horizon_12/toto.sh,Toto,few_shot_10pct,tfb-Kelmarsh_filtered_wide__MTMV_reduced_3V_Power_(kW),horizon_12,toto.sh
Toto/few_shot_10pct/tfb-Kelmarsh_filtered_wide__MTMV_reduced_3V_Power_(kW)/horizon_144/toto.sh,Toto,few_shot_10pct,tfb-Kelmarsh_filtered_wide__MTMV_reduced_3V_Power_(kW),horizon_144,toto.sh
Toto/few_shot_10pct/tfb-Kelmarsh_filtered_wide__MTMV_reduced_3V_Power_(kW)/horizon_24/toto.sh,Toto,few_shot_10pct,tfb-Kelmarsh_filtered_wide__MTMV_reduced_3V_Power_(kW),horizon_24,toto.sh
Toto/few_shot_10pct/tfb-Kelmarsh_filtered_wide__MTMV_reduced_3V_Power_(kW)/horizon_72/toto.sh,Toto,few_shot_10pct,tfb-Kelmarsh_filtered_wide__MTMV_reduced_3V_Power_(kW),horizon_72,toto.sh
Toto/few_shot_10pct/tfb-Penmanshiel_filtered_wide__MTMV_reduced_3V_Power_(kW)__quality_trim_201607_201608_202009_202010/horizon_12/toto.sh,Toto,few_shot_10pct,tfb-Penmanshiel_filtered_wide__MTMV_reduced_3V_Power_(kW)__quality_trim_201607_201608_202009_202010,horizon_12,toto.sh
Toto/few_shot_10pct/tfb-Penmanshiel_filtered_wide__MTMV_reduced_3V_Power_(kW)__quality_trim_201607_201608_202009_202010/horizon_144/toto.sh,Toto,few_shot_10pct,tfb-Penmanshiel_filtered_wide__MTMV_reduced_3V_Power_(kW)__quality_trim_201607_201608_202009_202010,horizon_144,toto.sh
Toto/few_shot_10pct/tfb-Penmanshiel_filtered_wide__MTMV_reduced_3V_Power_(kW)__quality_trim_201607_201608_202009_202010/horizon_24/toto.sh,Toto,few_shot_10pct,tfb-Penmanshiel_filtered_wide__MTMV_reduced_3V_Power_(kW)__quality_trim_201607_201608_202009_202010,horizon_24,toto.sh
Toto/few_shot_10pct/tfb-Penmanshiel_filtered_wide__MTMV_reduced_3V_Power_(kW)__quality_trim_201607_201608_202009_202010/horizon_72/toto.sh,Toto,few_shot_10pct,tfb-Penmanshiel_filtered_wide__MTMV_reduced_3V_Power_(kW)__quality_trim_201607_201608_202009_202010,horizon_72,toto.sh
Toto/few_shot_10pct/tfb-UEBB_panel_wide_filled__MTMV_reduced_3V_active_power_total/horizon_12/toto.sh,Toto,few_shot_10pct,tfb-UEBB_panel_wide_filled__MTMV_reduced_3V_active_power_total,horizon_12,toto.sh
Toto/few_shot_10pct/tfb-UEBB_panel_wide_filled__MTMV_reduced_3V_active_power_total/horizon_144/toto.sh,Toto,few_shot_10pct,tfb-UEBB_panel_wide_filled__MTMV_reduced_3V_active_power_total,horizon_144,toto.sh
Toto/few_shot_10pct/tfb-UEBB_panel_wide_filled__MTMV_reduced_3V_active_power_total/horizon_24/toto.sh,Toto,few_shot_10pct,tfb-UEBB_panel_wide_filled__MTMV_reduced_3V_active_power_total,horizon_24,toto.sh
Toto/few_shot_10pct/tfb-UEBB_panel_wide_filled__MTMV_reduced_3V_active_power_total/horizon_72/toto.sh,Toto,few_shot_10pct,tfb-UEBB_panel_wide_filled__MTMV_reduced_3V_active_power_total,horizon_72,toto.sh
Toto/few_shot_10pct/tfb-UEPS_panel_wide_filled__MTMV_reduced_3V_active_power_total/horizon_12/toto.sh,Toto,few_shot_10pct,tfb-UEPS_panel_wide_filled__MTMV_reduced_3V_active_power_total,horizon_12,toto.sh
Toto/few_shot_10pct/tfb-UEPS_panel_wide_filled__MTMV_reduced_3V_active_power_total/horizon_144/toto.sh,Toto,few_shot_10pct,tfb-UEPS_panel_wide_filled__MTMV_reduced_3V_active_power_total,horizon_144,toto.sh
Toto/few_shot_10pct/tfb-UEPS_panel_wide_filled__MTMV_reduced_3V_active_power_total/horizon_24/toto.sh,Toto,few_shot_10pct,tfb-UEPS_panel_wide_filled__MTMV_reduced_3V_active_power_total,horizon_24,toto.sh
Toto/few_shot_10pct/tfb-UEPS_panel_wide_filled__MTMV_reduced_3V_active_power_total/horizon_72/toto.sh,Toto,few_shot_10pct,tfb-UEPS_panel_wide_filled__MTMV_reduced_3V_active_power_total,horizon_72,toto.sh
Toto/few_shot_10pct/tfb-Wind farm site 1 (Nominal capacity-99MW)_final/horizon_12/toto.sh,Toto,few_shot_10pct,tfb-Wind farm site 1 (Nominal capacity-99MW)_final,horizon_12,toto.sh
Toto/few_shot_10pct/tfb-Wind farm site 1 (Nominal capacity-99MW)_final/horizon_144/toto.sh,Toto,few_shot_10pct,tfb-Wind farm site 1 (Nominal capacity-99MW)_final,horizon_144,toto.sh
Toto/few_shot_10pct/tfb-Wind farm site 1 (Nominal capacity-99MW)_final/horizon_24/toto.sh,Toto,few_shot_10pct,tfb-Wind farm site 1 (Nominal capacity-99MW)_final,horizon_24,toto.sh
Toto/few_shot_10pct/tfb-Wind farm site 1 (Nominal capacity-99MW)_final/horizon_72/toto.sh,Toto,few_shot_10pct,tfb-Wind farm site 1 (Nominal capacity-99MW)_final,horizon_72,toto.sh
Toto/few_shot_10pct/tfb-Wind farm site 2 (Nominal capacity-200MW)_final/horizon_12/toto.sh,Toto,few_shot_10pct,tfb-Wind farm site 2 (Nominal capacity-200MW)_final,horizon_12,toto.sh
Toto/few_shot_10pct/tfb-Wind farm site 2 (Nominal capacity-200MW)_final/horizon_144/toto.sh,Toto,few_shot_10pct,tfb-Wind farm site 2 (Nominal capacity-200MW)_final,horizon_144,toto.sh
Toto/few_shot_10pct/tfb-Wind farm site 2 (Nominal capacity-200MW)_final/horizon_24/toto.sh,Toto,few_shot_10pct,tfb-Wind farm site 2 (Nominal capacity-200MW)_final,horizon_24,toto.sh
Toto/few_shot_10pct/tfb-Wind farm site 2 (Nominal capacity-200MW)_final/horizon_72/toto.sh,Toto,few_shot_10pct,tfb-Wind farm site 2 (Nominal capacity-200MW)_final,horizon_72,toto.sh
Toto/few_shot_10pct/tfb-Wind farm site 3 (Nominal capacity-99MW)_final/horizon_12/toto.sh,Toto,few_shot_10pct,tfb-Wind farm site 3 (Nominal capacity-99MW)_final,horizon_12,toto.sh
Toto/few_shot_10pct/tfb-Wind farm site 3 (Nominal capacity-99MW)_final/horizon_144/toto.sh,Toto,few_shot_10pct,tfb-Wind farm site 3 (Nominal capacity-99MW)_final,horizon_144,toto.sh
Toto/few_shot_10pct/tfb-Wind farm site 3 (Nominal capacity-99MW)_final/horizon_24/toto.sh,Toto,few_shot_10pct,tfb-Wind farm site 3 (Nominal capacity-99MW)_final,horizon_24,toto.sh
Toto/few_shot_10pct/tfb-Wind farm site 3 (Nominal capacity-99MW)_final/horizon_72/toto.sh,Toto,few_shot_10pct,tfb-Wind farm site 3 (Nominal capacity-99MW)_final,horizon_72,toto.sh
Toto/few_shot_10pct/tfb-Wind farm site 4 (Nominal capacity-66MW)_final/horizon_12/toto.sh,Toto,few_shot_10pct,tfb-Wind farm site 4 (Nominal capacity-66MW)_final,horizon_12,toto.sh
Toto/few_shot_10pct/tfb-Wind farm site 4 (Nominal capacity-66MW)_final/horizon_144/toto.sh,Toto,few_shot_10pct,tfb-Wind farm site 4 (Nominal capacity-66MW)_final,horizon_144,toto.sh
Toto/few_shot_10pct/tfb-Wind farm site 4 (Nominal capacity-66MW)_final/horizon_24/toto.sh,Toto,few_shot_10pct,tfb-Wind farm site 4 (Nominal capacity-66MW)_final,horizon_24,toto.sh
Toto/few_shot_10pct/tfb-Wind farm site 4 (Nominal capacity-66MW)_final/horizon_72/toto.sh,Toto,few_shot_10pct,tfb-Wind farm site 4 (Nominal capacity-66MW)_final,horizon_72,toto.sh
Toto/few_shot_10pct/tfb-Wind farm site 6 (Nominal capacity-96MW)_final/horizon_12/toto.sh,Toto,few_shot_10pct,tfb-Wind farm site 6 (Nominal capacity-96MW)_final,horizon_12,toto.sh
Toto/few_shot_10pct/tfb-Wind farm site 6 (Nominal capacity-96MW)_final/horizon_144/toto.sh,Toto,few_shot_10pct,tfb-Wind farm site 6 (Nominal capacity-96MW)_final,horizon_144,toto.sh
Toto/few_shot_10pct/tfb-Wind farm site 6 (Nominal capacity-96MW)_final/horizon_24/toto.sh,Toto,few_shot_10pct,tfb-Wind farm site 6 (Nominal capacity-96MW)_final,horizon_24,toto.sh
Toto/few_shot_10pct/tfb-Wind farm site 6 (Nominal capacity-96MW)_final/horizon_72/toto.sh,Toto,few_shot_10pct,tfb-Wind farm site 6 (Nominal capacity-96MW)_final,horizon_72,toto.sh
Toto/few_shot_10pct/tfb-Wind_Farm_A_filtered_wide_long_fixed__1T1V_reduced_1T_1V_windpower/horizon_12/toto.sh,Toto,few_shot_10pct,tfb-Wind_Farm_A_filtered_wide_long_fixed__1T1V_reduced_1T_1V_windpower,horizon_12,toto.sh
Toto/few_shot_10pct/tfb-Wind_Farm_A_filtered_wide_long_fixed__1T1V_reduced_1T_1V_windpower/horizon_144/toto.sh,Toto,few_shot_10pct,tfb-Wind_Farm_A_filtered_wide_long_fixed__1T1V_reduced_1T_1V_windpower,horizon_144,toto.sh
Toto/few_shot_10pct/tfb-Wind_Farm_A_filtered_wide_long_fixed__1T1V_reduced_1T_1V_windpower/horizon_24/toto.sh,Toto,few_shot_10pct,tfb-Wind_Farm_A_filtered_wide_long_fixed__1T1V_reduced_1T_1V_windpower,horizon_24,toto.sh
Toto/few_shot_10pct/tfb-Wind_Farm_A_filtered_wide_long_fixed__1T1V_reduced_1T_1V_windpower/horizon_72/toto.sh,Toto,few_shot_10pct,tfb-Wind_Farm_A_filtered_wide_long_fixed__1T1V_reduced_1T_1V_windpower,horizon_72,toto.sh
Toto/few_shot_10pct/tfb-Wind_Farm_B_filtered_wide_long_fixed__1T1V_reduced_1T_1V_windpower/horizon_12/toto.sh,Toto,few_shot_10pct,tfb-Wind_Farm_B_filtered_wide_long_fixed__1T1V_reduced_1T_1V_windpower,horizon_12,toto.sh
Toto/few_shot_10pct/tfb-Wind_Farm_B_filtered_wide_long_fixed__1T1V_reduced_1T_1V_windpower/horizon_144/toto.sh,Toto,few_shot_10pct,tfb-Wind_Farm_B_filtered_wide_long_fixed__1T1V_reduced_1T_1V_windpower,horizon_144,toto.sh
Toto/few_shot_10pct/tfb-Wind_Farm_B_filtered_wide_long_fixed__1T1V_reduced_1T_1V_windpower/horizon_24/toto.sh,Toto,few_shot_10pct,tfb-Wind_Farm_B_filtered_wide_long_fixed__1T1V_reduced_1T_1V_windpower,horizon_24,toto.sh
Toto/few_shot_10pct/tfb-Wind_Farm_B_filtered_wide_long_fixed__1T1V_reduced_1T_1V_windpower/horizon_72/toto.sh,Toto,few_shot_10pct,tfb-Wind_Farm_B_filtered_wide_long_fixed__1T1V_reduced_1T_1V_windpower,horizon_72,toto.sh
Toto/few_shot_10pct/tfb-Wind_Farm_C_filtered_wide_long_fixed__MT1V_reduced_1V_windpower/horizon_12/toto.sh,Toto,few_shot_10pct,tfb-Wind_Farm_C_filtered_wide_long_fixed__MT1V_reduced_1V_windpower,horizon_12,toto.sh
Toto/few_shot_10pct/tfb-Wind_Farm_C_filtered_wide_long_fixed__MT1V_reduced_1V_windpower/horizon_144/toto.sh,Toto,few_shot_10pct,tfb-Wind_Farm_C_filtered_wide_long_fixed__MT1V_reduced_1V_windpower,horizon_144,toto.sh
Toto/few_shot_10pct/tfb-Wind_Farm_C_filtered_wide_long_fixed__MT1V_reduced_1V_windpower/horizon_24/toto.sh,Toto,few_shot_10pct,tfb-Wind_Farm_C_filtered_wide_long_fixed__MT1V_reduced_1V_windpower,horizon_24,toto.sh
Toto/few_shot_10pct/tfb-Wind_Farm_C_filtered_wide_long_fixed__MT1V_reduced_1V_windpower/horizon_72/toto.sh,Toto,few_shot_10pct,tfb-Wind_Farm_C_filtered_wide_long_fixed__MT1V_reduced_1V_windpower,horizon_72,toto.sh
Toto/few_shot_10pct/tfb-Yalova_final_ready/horizon_12/toto.sh,Toto,few_shot_10pct,tfb-Yalova_final_ready,horizon_12,toto.sh
Toto/few_shot_10pct/tfb-Yalova_final_ready/horizon_144/toto.sh,Toto,few_shot_10pct,tfb-Yalova_final_ready,horizon_144,toto.sh
Toto/few_shot_10pct/tfb-Yalova_final_ready/horizon_24/toto.sh,Toto,few_shot_10pct,tfb-Yalova_final_ready,horizon_24,toto.sh
Toto/few_shot_10pct/tfb-Yalova_final_ready/horizon_72/toto.sh,Toto,few_shot_10pct,tfb-Yalova_final_ready,horizon_72,toto.sh
Toto/few_shot_10pct/tfb-aemo/horizon_12/toto.sh,Toto,few_shot_10pct,tfb-aemo,horizon_12,toto.sh
Toto/few_shot_10pct/tfb-aemo/horizon_144/toto.sh,Toto,few_shot_10pct,tfb-aemo,horizon_144,toto.sh
Toto/few_shot_10pct/tfb-aemo/horizon_24/toto.sh,Toto,few_shot_10pct,tfb-aemo,horizon_24,toto.sh
Toto/few_shot_10pct/tfb-aemo/horizon_72/toto.sh,Toto,few_shot_10pct,tfb-aemo,horizon_72,toto.sh
Toto/few_shot_10pct/tfb-chalmers_merged_processed_data_fixed_combined__1T1V_reduced_1min_1T_1V_power/horizon_12/toto.sh,Toto,few_shot_10pct,tfb-chalmers_merged_processed_data_fixed_combined__1T1V_reduced_1min_1T_1V_power,horizon_12,toto.sh
Toto/few_shot_10pct/tfb-chalmers_merged_processed_data_fixed_combined__1T1V_reduced_1min_1T_1V_power/horizon_144/toto.sh,Toto,few_shot_10pct,tfb-chalmers_merged_processed_data_fixed_combined__1T1V_reduced_1min_1T_1V_power,horizon_144,toto.sh
Toto/few_shot_10pct/tfb-chalmers_merged_processed_data_fixed_combined__1T1V_reduced_1min_1T_1V_power/horizon_24/toto.sh,Toto,few_shot_10pct,tfb-chalmers_merged_processed_data_fixed_combined__1T1V_reduced_1min_1T_1V_power,horizon_24,toto.sh
Toto/few_shot_10pct/tfb-chalmers_merged_processed_data_fixed_combined__1T1V_reduced_1min_1T_1V_power/horizon_72/toto.sh,Toto,few_shot_10pct,tfb-chalmers_merged_processed_data_fixed_combined__1T1V_reduced_1min_1T_1V_power,horizon_72,toto.sh
Toto/few_shot_10pct/tfb-gefcom2012/horizon_12/toto.sh,Toto,few_shot_10pct,tfb-gefcom2012,horizon_12,toto.sh
Toto/few_shot_10pct/tfb-gefcom2012/horizon_144/toto.sh,Toto,few_shot_10pct,tfb-gefcom2012,horizon_144,toto.sh
Toto/few_shot_10pct/tfb-gefcom2012/horizon_24/toto.sh,Toto,few_shot_10pct,tfb-gefcom2012,horizon_24,toto.sh
Toto/few_shot_10pct/tfb-gefcom2012/horizon_72/toto.sh,Toto,few_shot_10pct,tfb-gefcom2012,horizon_72,toto.sh
Toto/few_shot_10pct/tfb-gefcom2014/horizon_12/toto.sh,Toto,few_shot_10pct,tfb-gefcom2014,horizon_12,toto.sh
Toto/few_shot_10pct/tfb-gefcom2014/horizon_144/toto.sh,Toto,few_shot_10pct,tfb-gefcom2014,horizon_144,toto.sh
Toto/few_shot_10pct/tfb-gefcom2014/horizon_24/toto.sh,Toto,few_shot_10pct,tfb-gefcom2014,horizon_24,toto.sh
Toto/few_shot_10pct/tfb-gefcom2014/horizon_72/toto.sh,Toto,few_shot_10pct,tfb-gefcom2014,horizon_72,toto.sh
Toto/few_shot_10pct/tfb-kaggle1_final_benchmark_v3_ready_no_turbinestatus/horizon_12/toto.sh,Toto,few_shot_10pct,tfb-kaggle1_final_benchmark_v3_ready_no_turbinestatus,horizon_12,toto.sh
Toto/few_shot_10pct/tfb-kaggle1_final_benchmark_v3_ready_no_turbinestatus/horizon_144/toto.sh,Toto,few_shot_10pct,tfb-kaggle1_final_benchmark_v3_ready_no_turbinestatus,horizon_144,toto.sh
Toto/few_shot_10pct/tfb-kaggle1_final_benchmark_v3_ready_no_turbinestatus/horizon_24/toto.sh,Toto,few_shot_10pct,tfb-kaggle1_final_benchmark_v3_ready_no_turbinestatus,horizon_24,toto.sh
Toto/few_shot_10pct/tfb-kaggle1_final_benchmark_v3_ready_no_turbinestatus/horizon_72/toto.sh,Toto,few_shot_10pct,tfb-kaggle1_final_benchmark_v3_ready_no_turbinestatus,horizon_72,toto.sh
Toto/few_shot_10pct/tfb-maelstrom_turbine_1_univariate/horizon_12/toto.sh,Toto,few_shot_10pct,tfb-maelstrom_turbine_1_univariate,horizon_12,toto.sh
Toto/few_shot_10pct/tfb-maelstrom_turbine_1_univariate/horizon_144/toto.sh,Toto,few_shot_10pct,tfb-maelstrom_turbine_1_univariate,horizon_144,toto.sh
Toto/few_shot_10pct/tfb-maelstrom_turbine_1_univariate/horizon_24/toto.sh,Toto,few_shot_10pct,tfb-maelstrom_turbine_1_univariate,horizon_24,toto.sh
Toto/few_shot_10pct/tfb-maelstrom_turbine_1_univariate/horizon_72/toto.sh,Toto,few_shot_10pct,tfb-maelstrom_turbine_1_univariate,horizon_72,toto.sh
Toto/few_shot_10pct/tfb-maelstrom_turbine_2_univariate/horizon_12/toto.sh,Toto,few_shot_10pct,tfb-maelstrom_turbine_2_univariate,horizon_12,toto.sh
Toto/few_shot_10pct/tfb-maelstrom_turbine_2_univariate/horizon_144/toto.sh,Toto,few_shot_10pct,tfb-maelstrom_turbine_2_univariate,horizon_144,toto.sh
Toto/few_shot_10pct/tfb-maelstrom_turbine_2_univariate/horizon_24/toto.sh,Toto,few_shot_10pct,tfb-maelstrom_turbine_2_univariate,horizon_24,toto.sh
Toto/few_shot_10pct/tfb-maelstrom_turbine_2_univariate/horizon_72/toto.sh,Toto,few_shot_10pct,tfb-maelstrom_turbine_2_univariate,horizon_72,toto.sh
Toto/few_shot_10pct/tfb-maelstrom_turbine_3_univariate/horizon_12/toto.sh,Toto,few_shot_10pct,tfb-maelstrom_turbine_3_univariate,horizon_12,toto.sh
Toto/few_shot_10pct/tfb-maelstrom_turbine_3_univariate/horizon_12/toto__server_a_day00_20260519_122429.sh,Toto,few_shot_10pct,tfb-maelstrom_turbine_3_univariate,horizon_12,toto__server_a_day00_20260519_122429.sh
Toto/few_shot_10pct/tfb-maelstrom_turbine_3_univariate/horizon_12/toto__server_a_day00_20260519_170534.sh,Toto,few_shot_10pct,tfb-maelstrom_turbine_3_univariate,horizon_12,toto__server_a_day00_20260519_170534.sh
Toto/few_shot_10pct/tfb-maelstrom_turbine_3_univariate/horizon_144/toto.sh,Toto,few_shot_10pct,tfb-maelstrom_turbine_3_univariate,horizon_144,toto.sh
Toto/few_shot_10pct/tfb-maelstrom_turbine_3_univariate/horizon_144/toto__server_a_day00_20260519_122429.sh,Toto,few_shot_10pct,tfb-maelstrom_turbine_3_univariate,horizon_144,toto__server_a_day00_20260519_122429.sh
Toto/few_shot_10pct/tfb-maelstrom_turbine_3_univariate/horizon_144/toto__server_a_day00_20260519_170534.sh,Toto,few_shot_10pct,tfb-maelstrom_turbine_3_univariate,horizon_144,toto__server_a_day00_20260519_170534.sh
Toto/few_shot_10pct/tfb-maelstrom_turbine_3_univariate/horizon_24/few_shot_10pct_all_horizons.sh,Toto,few_shot_10pct,tfb-maelstrom_turbine_3_univariate,horizon_24,few_shot_10pct_all_horizons.sh
Toto/few_shot_10pct/tfb-maelstrom_turbine_3_univariate/horizon_24/toto__server_a_day00_20260519_122429.sh,Toto,few_shot_10pct,tfb-maelstrom_turbine_3_univariate,horizon_24,toto__server_a_day00_20260519_122429.sh
Toto/few_shot_10pct/tfb-maelstrom_turbine_3_univariate/horizon_24/toto__server_a_day00_20260519_170534.sh,Toto,few_shot_10pct,tfb-maelstrom_turbine_3_univariate,horizon_24,toto__server_a_day00_20260519_170534.sh
Toto/few_shot_10pct/tfb-maelstrom_turbine_3_univariate/horizon_72/few_shot_10pct_all_horizons.sh,Toto,few_shot_10pct,tfb-maelstrom_turbine_3_univariate,horizon_72,few_shot_10pct_all_horizons.sh
Toto/few_shot_10pct/tfb-maelstrom_turbine_3_univariate/horizon_72/toto__server_a_day00_20260519_122429.sh,Toto,few_shot_10pct,tfb-maelstrom_turbine_3_univariate,horizon_72,toto__server_a_day00_20260519_122429.sh
Toto/few_shot_10pct/tfb-maelstrom_turbine_3_univariate/horizon_72/toto__server_a_day00_20260519_170534.sh,Toto,few_shot_10pct,tfb-maelstrom_turbine_3_univariate,horizon_72,toto__server_a_day00_20260519_170534.sh
Toto/few_shot_10pct/tfb-maelstrom_turbine_4_univariate/horizon_12/toto__server_a_day02_20260519_112819.sh,Toto,few_shot_10pct,tfb-maelstrom_turbine_4_univariate,horizon_12,toto__server_a_day02_20260519_112819.sh
Toto/few_shot_10pct/tfb-maelstrom_turbine_4_univariate/horizon_12/toto__server_a_day02_20260519_123043.sh,Toto,few_shot_10pct,tfb-maelstrom_turbine_4_univariate,horizon_12,toto__server_a_day02_20260519_123043.sh
Toto/few_shot_10pct/tfb-maelstrom_turbine_4_univariate/horizon_12/toto__server_a_day02_20260519_171704.sh,Toto,few_shot_10pct,tfb-maelstrom_turbine_4_univariate,horizon_12,toto__server_a_day02_20260519_171704.sh
Toto/few_shot_10pct/tfb-maelstrom_turbine_4_univariate/horizon_12/toto__server_a_day02_20260520_133059.sh,Toto,few_shot_10pct,tfb-maelstrom_turbine_4_univariate,horizon_12,toto__server_a_day02_20260520_133059.sh
Toto/few_shot_10pct/tfb-maelstrom_turbine_4_univariate/horizon_144/toto__server_a_day02_20260519_112819.sh,Toto,few_shot_10pct,tfb-maelstrom_turbine_4_univariate,horizon_144,toto__server_a_day02_20260519_112819.sh
Toto/few_shot_10pct/tfb-maelstrom_turbine_4_univariate/horizon_144/toto__server_a_day02_20260519_123043.sh,Toto,few_shot_10pct,tfb-maelstrom_turbine_4_univariate,horizon_144,toto__server_a_day02_20260519_123043.sh
Toto/few_shot_10pct/tfb-maelstrom_turbine_4_univariate/horizon_144/toto__server_a_day02_20260519_171704.sh,Toto,few_shot_10pct,tfb-maelstrom_turbine_4_univariate,horizon_144,toto__server_a_day02_20260519_171704.sh
Toto/few_shot_10pct/tfb-maelstrom_turbine_4_univariate/horizon_144/toto__server_a_day02_20260520_133059.sh,Toto,few_shot_10pct,tfb-maelstrom_turbine_4_univariate,horizon_144,toto__server_a_day02_20260520_133059.sh
Toto/few_shot_10pct/tfb-maelstrom_turbine_4_univariate/horizon_24/toto__server_a_day02_20260519_112819.sh,Toto,few_shot_10pct,tfb-maelstrom_turbine_4_univariate,horizon_24,toto__server_a_day02_20260519_112819.sh
Toto/few_shot_10pct/tfb-maelstrom_turbine_4_univariate/horizon_24/toto__server_a_day02_20260519_123043.sh,Toto,few_shot_10pct,tfb-maelstrom_turbine_4_univariate,horizon_24,toto__server_a_day02_20260519_123043.sh
Toto/few_shot_10pct/tfb-maelstrom_turbine_4_univariate/horizon_24/toto__server_a_day02_20260519_171704.sh,Toto,few_shot_10pct,tfb-maelstrom_turbine_4_univariate,horizon_24,toto__server_a_day02_20260519_171704.sh
Toto/few_shot_10pct/tfb-maelstrom_turbine_4_univariate/horizon_24/toto__server_a_day02_20260520_133059.sh,Toto,few_shot_10pct,tfb-maelstrom_turbine_4_univariate,horizon_24,toto__server_a_day02_20260520_133059.sh
Toto/few_shot_10pct/tfb-maelstrom_turbine_4_univariate/horizon_72/toto__server_a_day02_20260519_112819.sh,Toto,few_shot_10pct,tfb-maelstrom_turbine_4_univariate,horizon_72,toto__server_a_day02_20260519_112819.sh
Toto/few_shot_10pct/tfb-maelstrom_turbine_4_univariate/horizon_72/toto__server_a_day02_20260519_123043.sh,Toto,few_shot_10pct,tfb-maelstrom_turbine_4_univariate,horizon_72,toto__server_a_day02_20260519_123043.sh
Toto/few_shot_10pct/tfb-maelstrom_turbine_4_univariate/horizon_72/toto__server_a_day02_20260519_171704.sh,Toto,few_shot_10pct,tfb-maelstrom_turbine_4_univariate,horizon_72,toto__server_a_day02_20260519_171704.sh
Toto/few_shot_10pct/tfb-maelstrom_turbine_4_univariate/horizon_72/toto__server_a_day02_20260520_133059.sh,Toto,few_shot_10pct,tfb-maelstrom_turbine_4_univariate,horizon_72,toto__server_a_day02_20260520_133059.sh
Toto/few_shot_10pct/tfb-re_europe_wind_signal_COSMO_long_no_null__MT1V_reduced_38T_1V_power/horizon_12/toto__server_a_day02_20260520_133059.sh,Toto,few_shot_10pct,tfb-re_europe_wind_signal_COSMO_long_no_null__MT1V_reduced_38T_1V_power,horizon_12,toto__server_a_day02_20260520_133059.sh
Toto/few_shot_10pct/tfb-re_europe_wind_signal_COSMO_long_no_null__MT1V_reduced_38T_1V_power/horizon_144/toto__server_a_day02_20260520_133059.sh,Toto,few_shot_10pct,tfb-re_europe_wind_signal_COSMO_long_no_null__MT1V_reduced_38T_1V_power,horizon_144,toto__server_a_day02_20260520_133059.sh
Toto/few_shot_10pct/tfb-re_europe_wind_signal_COSMO_long_no_null__MT1V_reduced_38T_1V_power/horizon_24/toto__server_a_day02_20260520_133059.sh,Toto,few_shot_10pct,tfb-re_europe_wind_signal_COSMO_long_no_null__MT1V_reduced_38T_1V_power,horizon_24,toto__server_a_day02_20260520_133059.sh
Toto/few_shot_10pct/tfb-re_europe_wind_signal_COSMO_long_no_null__MT1V_reduced_38T_1V_power/horizon_72/toto__server_a_day02_20260520_133059.sh,Toto,few_shot_10pct,tfb-re_europe_wind_signal_COSMO_long_no_null__MT1V_reduced_38T_1V_power,horizon_72,toto__server_a_day02_20260520_133059.sh
Toto/few_shot_10pct/tfb-re_europe_wind_signal_ECMWF_long_no_null__MT1V_reduced_38T_1V_power/horizon_12/toto__server_a_day01_20260519_111959.sh,Toto,few_shot_10pct,tfb-re_europe_wind_signal_ECMWF_long_no_null__MT1V_reduced_38T_1V_power,horizon_12,toto__server_a_day01_20260519_111959.sh
Toto/few_shot_10pct/tfb-re_europe_wind_signal_ECMWF_long_no_null__MT1V_reduced_38T_1V_power/horizon_12/toto__server_a_day01_20260519_122851.sh,Toto,few_shot_10pct,tfb-re_europe_wind_signal_ECMWF_long_no_null__MT1V_reduced_38T_1V_power,horizon_12,toto__server_a_day01_20260519_122851.sh
Toto/few_shot_10pct/tfb-re_europe_wind_signal_ECMWF_long_no_null__MT1V_reduced_38T_1V_power/horizon_12/toto__server_a_day01_20260519_171557.sh,Toto,few_shot_10pct,tfb-re_europe_wind_signal_ECMWF_long_no_null__MT1V_reduced_38T_1V_power,horizon_12,toto__server_a_day01_20260519_171557.sh
Toto/few_shot_10pct/tfb-re_europe_wind_signal_ECMWF_long_no_null__MT1V_reduced_38T_1V_power/horizon_12/toto__server_a_day01_20260520_132941.sh,Toto,few_shot_10pct,tfb-re_europe_wind_signal_ECMWF_long_no_null__MT1V_reduced_38T_1V_power,horizon_12,toto__server_a_day01_20260520_132941.sh
Toto/few_shot_10pct/tfb-re_europe_wind_signal_ECMWF_long_no_null__MT1V_reduced_38T_1V_power/horizon_144/toto__server_a_day01_20260519_111959.sh,Toto,few_shot_10pct,tfb-re_europe_wind_signal_ECMWF_long_no_null__MT1V_reduced_38T_1V_power,horizon_144,toto__server_a_day01_20260519_111959.sh
Toto/few_shot_10pct/tfb-re_europe_wind_signal_ECMWF_long_no_null__MT1V_reduced_38T_1V_power/horizon_144/toto__server_a_day01_20260519_122851.sh,Toto,few_shot_10pct,tfb-re_europe_wind_signal_ECMWF_long_no_null__MT1V_reduced_38T_1V_power,horizon_144,toto__server_a_day01_20260519_122851.sh
Toto/few_shot_10pct/tfb-re_europe_wind_signal_ECMWF_long_no_null__MT1V_reduced_38T_1V_power/horizon_144/toto__server_a_day01_20260519_171557.sh,Toto,few_shot_10pct,tfb-re_europe_wind_signal_ECMWF_long_no_null__MT1V_reduced_38T_1V_power,horizon_144,toto__server_a_day01_20260519_171557.sh
Toto/few_shot_10pct/tfb-re_europe_wind_signal_ECMWF_long_no_null__MT1V_reduced_38T_1V_power/horizon_144/toto__server_a_day01_20260520_132941.sh,Toto,few_shot_10pct,tfb-re_europe_wind_signal_ECMWF_long_no_null__MT1V_reduced_38T_1V_power,horizon_144,toto__server_a_day01_20260520_132941.sh
Toto/few_shot_10pct/tfb-re_europe_wind_signal_ECMWF_long_no_null__MT1V_reduced_38T_1V_power/horizon_24/toto__server_a_day01_20260519_111959.sh,Toto,few_shot_10pct,tfb-re_europe_wind_signal_ECMWF_long_no_null__MT1V_reduced_38T_1V_power,horizon_24,toto__server_a_day01_20260519_111959.sh
Toto/few_shot_10pct/tfb-re_europe_wind_signal_ECMWF_long_no_null__MT1V_reduced_38T_1V_power/horizon_24/toto__server_a_day01_20260519_122851.sh,Toto,few_shot_10pct,tfb-re_europe_wind_signal_ECMWF_long_no_null__MT1V_reduced_38T_1V_power,horizon_24,toto__server_a_day01_20260519_122851.sh
Toto/few_shot_10pct/tfb-re_europe_wind_signal_ECMWF_long_no_null__MT1V_reduced_38T_1V_power/horizon_24/toto__server_a_day01_20260519_171557.sh,Toto,few_shot_10pct,tfb-re_europe_wind_signal_ECMWF_long_no_null__MT1V_reduced_38T_1V_power,horizon_24,toto__server_a_day01_20260519_171557.sh
Toto/few_shot_10pct/tfb-re_europe_wind_signal_ECMWF_long_no_null__MT1V_reduced_38T_1V_power/horizon_24/toto__server_a_day01_20260520_132941.sh,Toto,few_shot_10pct,tfb-re_europe_wind_signal_ECMWF_long_no_null__MT1V_reduced_38T_1V_power,horizon_24,toto__server_a_day01_20260520_132941.sh
Toto/few_shot_10pct/tfb-re_europe_wind_signal_ECMWF_long_no_null__MT1V_reduced_38T_1V_power/horizon_72/toto__server_a_day01_20260519_111959.sh,Toto,few_shot_10pct,tfb-re_europe_wind_signal_ECMWF_long_no_null__MT1V_reduced_38T_1V_power,horizon_72,toto__server_a_day01_20260519_111959.sh
Toto/few_shot_10pct/tfb-re_europe_wind_signal_ECMWF_long_no_null__MT1V_reduced_38T_1V_power/horizon_72/toto__server_a_day01_20260519_122851.sh,Toto,few_shot_10pct,tfb-re_europe_wind_signal_ECMWF_long_no_null__MT1V_reduced_38T_1V_power,horizon_72,toto__server_a_day01_20260519_122851.sh
Toto/few_shot_10pct/tfb-re_europe_wind_signal_ECMWF_long_no_null__MT1V_reduced_38T_1V_power/horizon_72/toto__server_a_day01_20260519_171557.sh,Toto,few_shot_10pct,tfb-re_europe_wind_signal_ECMWF_long_no_null__MT1V_reduced_38T_1V_power,horizon_72,toto__server_a_day01_20260519_171557.sh
Toto/few_shot_10pct/tfb-re_europe_wind_signal_ECMWF_long_no_null__MT1V_reduced_38T_1V_power/horizon_72/toto__server_a_day01_20260520_132941.sh,Toto,few_shot_10pct,tfb-re_europe_wind_signal_ECMWF_long_no_null__MT1V_reduced_38T_1V_power,horizon_72,toto__server_a_day01_20260520_132941.sh
Toto/few_shot_10pct/tfb-scada_fault_10min_cleaned_numeric_only/horizon_12/toto.sh,Toto,few_shot_10pct,tfb-scada_fault_10min_cleaned_numeric_only,horizon_12,toto.sh
Toto/few_shot_10pct/tfb-scada_fault_10min_cleaned_numeric_only/horizon_144/toto.sh,Toto,few_shot_10pct,tfb-scada_fault_10min_cleaned_numeric_only,horizon_144,toto.sh
Toto/few_shot_10pct/tfb-scada_fault_10min_cleaned_numeric_only/horizon_24/toto.sh,Toto,few_shot_10pct,tfb-scada_fault_10min_cleaned_numeric_only,horizon_24,toto.sh
Toto/few_shot_10pct/tfb-scada_fault_10min_cleaned_numeric_only/horizon_72/toto.sh,Toto,few_shot_10pct,tfb-scada_fault_10min_cleaned_numeric_only,horizon_72,toto.sh
Toto/few_shot_10pct/tfb-sdwpf_245days_v1_final_final_cleaned/horizon_12/toto__icde_missing_all_sheets_day20_foundation_backfill_20260531_20260601_070521.sh,Toto,few_shot_10pct,tfb-sdwpf_245days_v1_final_final_cleaned,horizon_12,toto__icde_missing_all_sheets_day20_foundation_backfill_20260531_20260601_070521.sh
Toto/few_shot_10pct/tfb-sdwpf_245days_v1_final_final_cleaned/horizon_12/toto__icde_missing_all_sheets_day20_foundation_backfill_20260531_20260604_065200.sh,Toto,few_shot_10pct,tfb-sdwpf_245days_v1_final_final_cleaned,horizon_12,toto__icde_missing_all_sheets_day20_foundation_backfill_20260531_20260604_065200.sh
Toto/few_shot_10pct/tfb-sdwpf_245days_v1_final_final_cleaned/horizon_12/toto__icde_missing_all_sheets_day20_foundation_backfill_20260531_20260605_173457.sh,Toto,few_shot_10pct,tfb-sdwpf_245days_v1_final_final_cleaned,horizon_12,toto__icde_missing_all_sheets_day20_foundation_backfill_20260531_20260605_173457.sh
Toto/few_shot_10pct/tfb-sdwpf_245days_v1_final_final_cleaned/horizon_144/toto__icde_missing_all_sheets_day20_foundation_backfill_20260531_20260601_070521.sh,Toto,few_shot_10pct,tfb-sdwpf_245days_v1_final_final_cleaned,horizon_144,toto__icde_missing_all_sheets_day20_foundation_backfill_20260531_20260601_070521.sh
Toto/few_shot_10pct/tfb-sdwpf_245days_v1_final_final_cleaned/horizon_144/toto__icde_missing_all_sheets_day20_foundation_backfill_20260531_20260604_065200.sh,Toto,few_shot_10pct,tfb-sdwpf_245days_v1_final_final_cleaned,horizon_144,toto__icde_missing_all_sheets_day20_foundation_backfill_20260531_20260604_065200.sh
Toto/few_shot_10pct/tfb-sdwpf_245days_v1_final_final_cleaned/horizon_144/toto__icde_missing_all_sheets_day20_foundation_backfill_20260531_20260605_173457.sh,Toto,few_shot_10pct,tfb-sdwpf_245days_v1_final_final_cleaned,horizon_144,toto__icde_missing_all_sheets_day20_foundation_backfill_20260531_20260605_173457.sh
Toto/few_shot_10pct/tfb-sdwpf_245days_v1_final_final_cleaned/horizon_24/toto__icde_missing_all_sheets_day20_foundation_backfill_20260531_20260601_070521.sh,Toto,few_shot_10pct,tfb-sdwpf_245days_v1_final_final_cleaned,horizon_24,toto__icde_missing_all_sheets_day20_foundation_backfill_20260531_20260601_070521.sh
Toto/few_shot_10pct/tfb-sdwpf_245days_v1_final_final_cleaned/horizon_24/toto__icde_missing_all_sheets_day20_foundation_backfill_20260531_20260604_065200.sh,Toto,few_shot_10pct,tfb-sdwpf_245days_v1_final_final_cleaned,horizon_24,toto__icde_missing_all_sheets_day20_foundation_backfill_20260531_20260604_065200.sh
Toto/few_shot_10pct/tfb-sdwpf_245days_v1_final_final_cleaned/horizon_24/toto__icde_missing_all_sheets_day20_foundation_backfill_20260531_20260605_173457.sh,Toto,few_shot_10pct,tfb-sdwpf_245days_v1_final_final_cleaned,horizon_24,toto__icde_missing_all_sheets_day20_foundation_backfill_20260531_20260605_173457.sh
Toto/few_shot_10pct/tfb-sdwpf_245days_v1_final_final_cleaned/horizon_72/toto__icde_missing_all_sheets_day20_foundation_backfill_20260531_20260601_070521.sh,Toto,few_shot_10pct,tfb-sdwpf_245days_v1_final_final_cleaned,horizon_72,toto__icde_missing_all_sheets_day20_foundation_backfill_20260531_20260601_070521.sh
Toto/few_shot_10pct/tfb-sdwpf_245days_v1_final_final_cleaned/horizon_72/toto__icde_missing_all_sheets_day20_foundation_backfill_20260531_20260604_065200.sh,Toto,few_shot_10pct,tfb-sdwpf_245days_v1_final_final_cleaned,horizon_72,toto__icde_missing_all_sheets_day20_foundation_backfill_20260531_20260604_065200.sh
Toto/few_shot_10pct/tfb-sdwpf_245days_v1_final_final_cleaned/horizon_72/toto__icde_missing_all_sheets_day20_foundation_backfill_20260531_20260605_173457.sh,Toto,few_shot_10pct,tfb-sdwpf_245days_v1_final_final_cleaned,horizon_72,toto__icde_missing_all_sheets_day20_foundation_backfill_20260531_20260605_173457.sh
Toto/full_shot/tfb-Kelmarsh_filtered_wide__MTMV_reduced_3V_Power_(kW)/horizon_12/toto.sh,Toto,full_shot,tfb-Kelmarsh_filtered_wide__MTMV_reduced_3V_Power_(kW),horizon_12,toto.sh
Toto/full_shot/tfb-Kelmarsh_filtered_wide__MTMV_reduced_3V_Power_(kW)/horizon_144/toto.sh,Toto,full_shot,tfb-Kelmarsh_filtered_wide__MTMV_reduced_3V_Power_(kW),horizon_144,toto.sh
Toto/full_shot/tfb-Kelmarsh_filtered_wide__MTMV_reduced_3V_Power_(kW)/horizon_24/toto.sh,Toto,full_shot,tfb-Kelmarsh_filtered_wide__MTMV_reduced_3V_Power_(kW),horizon_24,toto.sh
Toto/full_shot/tfb-Kelmarsh_filtered_wide__MTMV_reduced_3V_Power_(kW)/horizon_72/toto.sh,Toto,full_shot,tfb-Kelmarsh_filtered_wide__MTMV_reduced_3V_Power_(kW),horizon_72,toto.sh
Toto/full_shot/tfb-Penmanshiel_filtered_wide__MTMV_reduced_3V_Power_(kW)__quality_trim_201607_201608_202009_202010/horizon_12/toto.sh,Toto,full_shot,tfb-Penmanshiel_filtered_wide__MTMV_reduced_3V_Power_(kW)__quality_trim_201607_201608_202009_202010,horizon_12,toto.sh
Toto/full_shot/tfb-Penmanshiel_filtered_wide__MTMV_reduced_3V_Power_(kW)__quality_trim_201607_201608_202009_202010/horizon_144/toto.sh,Toto,full_shot,tfb-Penmanshiel_filtered_wide__MTMV_reduced_3V_Power_(kW)__quality_trim_201607_201608_202009_202010,horizon_144,toto.sh
Toto/full_shot/tfb-Penmanshiel_filtered_wide__MTMV_reduced_3V_Power_(kW)__quality_trim_201607_201608_202009_202010/horizon_24/toto.sh,Toto,full_shot,tfb-Penmanshiel_filtered_wide__MTMV_reduced_3V_Power_(kW)__quality_trim_201607_201608_202009_202010,horizon_24,toto.sh
Toto/full_shot/tfb-Penmanshiel_filtered_wide__MTMV_reduced_3V_Power_(kW)__quality_trim_201607_201608_202009_202010/horizon_72/toto.sh,Toto,full_shot,tfb-Penmanshiel_filtered_wide__MTMV_reduced_3V_Power_(kW)__quality_trim_201607_201608_202009_202010,horizon_72,toto.sh
Toto/full_shot/tfb-UEBB_panel_wide_filled__MTMV_reduced_3V_active_power_total/horizon_12/toto.sh,Toto,full_shot,tfb-UEBB_panel_wide_filled__MTMV_reduced_3V_active_power_total,horizon_12,toto.sh
Toto/full_shot/tfb-UEBB_panel_wide_filled__MTMV_reduced_3V_active_power_total/horizon_144/toto.sh,Toto,full_shot,tfb-UEBB_panel_wide_filled__MTMV_reduced_3V_active_power_total,horizon_144,toto.sh
Toto/full_shot/tfb-UEBB_panel_wide_filled__MTMV_reduced_3V_active_power_total/horizon_24/toto.sh,Toto,full_shot,tfb-UEBB_panel_wide_filled__MTMV_reduced_3V_active_power_total,horizon_24,toto.sh
Toto/full_shot/tfb-UEBB_panel_wide_filled__MTMV_reduced_3V_active_power_total/horizon_72/toto.sh,Toto,full_shot,tfb-UEBB_panel_wide_filled__MTMV_reduced_3V_active_power_total,horizon_72,toto.sh
Toto/full_shot/tfb-UEPS_panel_wide_filled__MTMV_reduced_3V_active_power_total/horizon_12/toto.sh,Toto,full_shot,tfb-UEPS_panel_wide_filled__MTMV_reduced_3V_active_power_total,horizon_12,toto.sh
Toto/full_shot/tfb-UEPS_panel_wide_filled__MTMV_reduced_3V_active_power_total/horizon_144/toto.sh,Toto,full_shot,tfb-UEPS_panel_wide_filled__MTMV_reduced_3V_active_power_total,horizon_144,toto.sh
Toto/full_shot/tfb-UEPS_panel_wide_filled__MTMV_reduced_3V_active_power_total/horizon_24/toto.sh,Toto,full_shot,tfb-UEPS_panel_wide_filled__MTMV_reduced_3V_active_power_total,horizon_24,toto.sh
Toto/full_shot/tfb-UEPS_panel_wide_filled__MTMV_reduced_3V_active_power_total/horizon_72/toto.sh,Toto,full_shot,tfb-UEPS_panel_wide_filled__MTMV_reduced_3V_active_power_total,horizon_72,toto.sh
Toto/full_shot/tfb-Wind farm site 1 (Nominal capacity-99MW)_final/horizon_12/toto.sh,Toto,full_shot,tfb-Wind farm site 1 (Nominal capacity-99MW)_final,horizon_12,toto.sh
Toto/full_shot/tfb-Wind farm site 1 (Nominal capacity-99MW)_final/horizon_144/toto.sh,Toto,full_shot,tfb-Wind farm site 1 (Nominal capacity-99MW)_final,horizon_144,toto.sh
Toto/full_shot/tfb-Wind farm site 1 (Nominal capacity-99MW)_final/horizon_24/toto.sh,Toto,full_shot,tfb-Wind farm site 1 (Nominal capacity-99MW)_final,horizon_24,toto.sh
Toto/full_shot/tfb-Wind farm site 1 (Nominal capacity-99MW)_final/horizon_72/toto.sh,Toto,full_shot,tfb-Wind farm site 1 (Nominal capacity-99MW)_final,horizon_72,toto.sh
Toto/full_shot/tfb-Wind farm site 2 (Nominal capacity-200MW)_final/horizon_12/toto.sh,Toto,full_shot,tfb-Wind farm site 2 (Nominal capacity-200MW)_final,horizon_12,toto.sh
Toto/full_shot/tfb-Wind farm site 2 (Nominal capacity-200MW)_final/horizon_144/toto.sh,Toto,full_shot,tfb-Wind farm site 2 (Nominal capacity-200MW)_final,horizon_144,toto.sh
Toto/full_shot/tfb-Wind farm site 2 (Nominal capacity-200MW)_final/horizon_24/toto.sh,Toto,full_shot,tfb-Wind farm site 2 (Nominal capacity-200MW)_final,horizon_24,toto.sh
Toto/full_shot/tfb-Wind farm site 2 (Nominal capacity-200MW)_final/horizon_72/toto.sh,Toto,full_shot,tfb-Wind farm site 2 (Nominal capacity-200MW)_final,horizon_72,toto.sh
Toto/full_shot/tfb-Wind farm site 3 (Nominal capacity-99MW)_final/horizon_12/toto.sh,Toto,full_shot,tfb-Wind farm site 3 (Nominal capacity-99MW)_final,horizon_12,toto.sh
Toto/full_shot/tfb-Wind farm site 3 (Nominal capacity-99MW)_final/horizon_144/toto.sh,Toto,full_shot,tfb-Wind farm site 3 (Nominal capacity-99MW)_final,horizon_144,toto.sh
Toto/full_shot/tfb-Wind farm site 3 (Nominal capacity-99MW)_final/horizon_24/toto.sh,Toto,full_shot,tfb-Wind farm site 3 (Nominal capacity-99MW)_final,horizon_24,toto.sh
Toto/full_shot/tfb-Wind farm site 3 (Nominal capacity-99MW)_final/horizon_72/toto.sh,Toto,full_shot,tfb-Wind farm site 3 (Nominal capacity-99MW)_final,horizon_72,toto.sh
Toto/full_shot/tfb-Wind farm site 4 (Nominal capacity-66MW)_final/horizon_12/toto.sh,Toto,full_shot,tfb-Wind farm site 4 (Nominal capacity-66MW)_final,horizon_12,toto.sh
Toto/full_shot/tfb-Wind farm site 4 (Nominal capacity-66MW)_final/horizon_144/toto.sh,Toto,full_shot,tfb-Wind farm site 4 (Nominal capacity-66MW)_final,horizon_144,toto.sh
Toto/full_shot/tfb-Wind farm site 4 (Nominal capacity-66MW)_final/horizon_24/toto.sh,Toto,full_shot,tfb-Wind farm site 4 (Nominal capacity-66MW)_final,horizon_24,toto.sh
Toto/full_shot/tfb-Wind farm site 4 (Nominal capacity-66MW)_final/horizon_72/toto.sh,Toto,full_shot,tfb-Wind farm site 4 (Nominal capacity-66MW)_final,horizon_72,toto.sh
Toto/full_shot/tfb-Wind farm site 6 (Nominal capacity-96MW)_final/horizon_12/toto.sh,Toto,full_shot,tfb-Wind farm site 6 (Nominal capacity-96MW)_final,horizon_12,toto.sh
Toto/full_shot/tfb-Wind farm site 6 (Nominal capacity-96MW)_final/horizon_144/toto.sh,Toto,full_shot,tfb-Wind farm site 6 (Nominal capacity-96MW)_final,horizon_144,toto.sh
Toto/full_shot/tfb-Wind farm site 6 (Nominal capacity-96MW)_final/horizon_24/toto.sh,Toto,full_shot,tfb-Wind farm site 6 (Nominal capacity-96MW)_final,horizon_24,toto.sh
Toto/full_shot/tfb-Wind farm site 6 (Nominal capacity-96MW)_final/horizon_72/toto.sh,Toto,full_shot,tfb-Wind farm site 6 (Nominal capacity-96MW)_final,horizon_72,toto.sh
Toto/full_shot/tfb-Wind_Farm_A_filtered_wide_long_fixed__1T1V_reduced_1T_1V_windpower/horizon_12/toto.sh,Toto,full_shot,tfb-Wind_Farm_A_filtered_wide_long_fixed__1T1V_reduced_1T_1V_windpower,horizon_12,toto.sh
Toto/full_shot/tfb-Wind_Farm_A_filtered_wide_long_fixed__1T1V_reduced_1T_1V_windpower/horizon_144/toto.sh,Toto,full_shot,tfb-Wind_Farm_A_filtered_wide_long_fixed__1T1V_reduced_1T_1V_windpower,horizon_144,toto.sh
Toto/full_shot/tfb-Wind_Farm_A_filtered_wide_long_fixed__1T1V_reduced_1T_1V_windpower/horizon_24/toto.sh,Toto,full_shot,tfb-Wind_Farm_A_filtered_wide_long_fixed__1T1V_reduced_1T_1V_windpower,horizon_24,toto.sh
Toto/full_shot/tfb-Wind_Farm_A_filtered_wide_long_fixed__1T1V_reduced_1T_1V_windpower/horizon_72/toto.sh,Toto,full_shot,tfb-Wind_Farm_A_filtered_wide_long_fixed__1T1V_reduced_1T_1V_windpower,horizon_72,toto.sh
Toto/full_shot/tfb-Wind_Farm_B_filtered_wide_long_fixed__1T1V_reduced_1T_1V_windpower/horizon_12/toto.sh,Toto,full_shot,tfb-Wind_Farm_B_filtered_wide_long_fixed__1T1V_reduced_1T_1V_windpower,horizon_12,toto.sh
Toto/full_shot/tfb-Wind_Farm_B_filtered_wide_long_fixed__1T1V_reduced_1T_1V_windpower/horizon_144/toto.sh,Toto,full_shot,tfb-Wind_Farm_B_filtered_wide_long_fixed__1T1V_reduced_1T_1V_windpower,horizon_144,toto.sh
Toto/full_shot/tfb-Wind_Farm_B_filtered_wide_long_fixed__1T1V_reduced_1T_1V_windpower/horizon_24/toto.sh,Toto,full_shot,tfb-Wind_Farm_B_filtered_wide_long_fixed__1T1V_reduced_1T_1V_windpower,horizon_24,toto.sh
Toto/full_shot/tfb-Wind_Farm_B_filtered_wide_long_fixed__1T1V_reduced_1T_1V_windpower/horizon_72/toto.sh,Toto,full_shot,tfb-Wind_Farm_B_filtered_wide_long_fixed__1T1V_reduced_1T_1V_windpower,horizon_72,toto.sh
Toto/full_shot/tfb-Wind_Farm_C_filtered_wide_long_fixed__MT1V_reduced_1V_windpower/horizon_12/toto.sh,Toto,full_shot,tfb-Wind_Farm_C_filtered_wide_long_fixed__MT1V_reduced_1V_windpower,horizon_12,toto.sh
Toto/full_shot/tfb-Wind_Farm_C_filtered_wide_long_fixed__MT1V_reduced_1V_windpower/horizon_144/toto.sh,Toto,full_shot,tfb-Wind_Farm_C_filtered_wide_long_fixed__MT1V_reduced_1V_windpower,horizon_144,toto.sh
Toto/full_shot/tfb-Wind_Farm_C_filtered_wide_long_fixed__MT1V_reduced_1V_windpower/horizon_24/toto.sh,Toto,full_shot,tfb-Wind_Farm_C_filtered_wide_long_fixed__MT1V_reduced_1V_windpower,horizon_24,toto.sh
Toto/full_shot/tfb-Wind_Farm_C_filtered_wide_long_fixed__MT1V_reduced_1V_windpower/horizon_72/toto.sh,Toto,full_shot,tfb-Wind_Farm_C_filtered_wide_long_fixed__MT1V_reduced_1V_windpower,horizon_72,toto.sh
Toto/full_shot/tfb-Yalova_final_ready/horizon_12/toto.sh,Toto,full_shot,tfb-Yalova_final_ready,horizon_12,toto.sh
Toto/full_shot/tfb-Yalova_final_ready/horizon_144/toto.sh,Toto,full_shot,tfb-Yalova_final_ready,horizon_144,toto.sh
Toto/full_shot/tfb-Yalova_final_ready/horizon_24/toto.sh,Toto,full_shot,tfb-Yalova_final_ready,horizon_24,toto.sh
Toto/full_shot/tfb-Yalova_final_ready/horizon_72/toto.sh,Toto,full_shot,tfb-Yalova_final_ready,horizon_72,toto.sh
Toto/full_shot/tfb-aemo/horizon_12/toto.sh,Toto,full_shot,tfb-aemo,horizon_12,toto.sh
Toto/full_shot/tfb-aemo/horizon_144/toto.sh,Toto,full_shot,tfb-aemo,horizon_144,toto.sh
Toto/full_shot/tfb-aemo/horizon_24/toto.sh,Toto,full_shot,tfb-aemo,horizon_24,toto.sh
Toto/full_shot/tfb-aemo/horizon_72/toto.sh,Toto,full_shot,tfb-aemo,horizon_72,toto.sh
Toto/full_shot/tfb-chalmers_merged_processed_data_fixed_combined__1T1V_reduced_1min_1T_1V_power/horizon_12/toto.sh,Toto,full_shot,tfb-chalmers_merged_processed_data_fixed_combined__1T1V_reduced_1min_1T_1V_power,horizon_12,toto.sh
Toto/full_shot/tfb-chalmers_merged_processed_data_fixed_combined__1T1V_reduced_1min_1T_1V_power/horizon_144/toto.sh,Toto,full_shot,tfb-chalmers_merged_processed_data_fixed_combined__1T1V_reduced_1min_1T_1V_power,horizon_144,toto.sh
Toto/full_shot/tfb-chalmers_merged_processed_data_fixed_combined__1T1V_reduced_1min_1T_1V_power/horizon_24/toto.sh,Toto,full_shot,tfb-chalmers_merged_processed_data_fixed_combined__1T1V_reduced_1min_1T_1V_power,horizon_24,toto.sh
Toto/full_shot/tfb-chalmers_merged_processed_data_fixed_combined__1T1V_reduced_1min_1T_1V_power/horizon_72/toto.sh,Toto,full_shot,tfb-chalmers_merged_processed_data_fixed_combined__1T1V_reduced_1min_1T_1V_power,horizon_72,toto.sh
Toto/full_shot/tfb-gefcom2012/horizon_12/toto.sh,Toto,full_shot,tfb-gefcom2012,horizon_12,toto.sh
Toto/full_shot/tfb-gefcom2012/horizon_144/toto.sh,Toto,full_shot,tfb-gefcom2012,horizon_144,toto.sh
Toto/full_shot/tfb-gefcom2012/horizon_24/toto.sh,Toto,full_shot,tfb-gefcom2012,horizon_24,toto.sh
Toto/full_shot/tfb-gefcom2012/horizon_72/toto.sh,Toto,full_shot,tfb-gefcom2012,horizon_72,toto.sh
Toto/full_shot/tfb-gefcom2014/horizon_12/toto.sh,Toto,full_shot,tfb-gefcom2014,horizon_12,toto.sh
Toto/full_shot/tfb-gefcom2014/horizon_144/toto.sh,Toto,full_shot,tfb-gefcom2014,horizon_144,toto.sh
Toto/full_shot/tfb-gefcom2014/horizon_24/toto.sh,Toto,full_shot,tfb-gefcom2014,horizon_24,toto.sh
Toto/full_shot/tfb-gefcom2014/horizon_72/toto.sh,Toto,full_shot,tfb-gefcom2014,horizon_72,toto.sh
Toto/full_shot/tfb-kaggle1_final_benchmark_v3_ready_no_turbinestatus/horizon_12/toto.sh,Toto,full_shot,tfb-kaggle1_final_benchmark_v3_ready_no_turbinestatus,horizon_12,toto.sh
Toto/full_shot/tfb-kaggle1_final_benchmark_v3_ready_no_turbinestatus/horizon_144/toto.sh,Toto,full_shot,tfb-kaggle1_final_benchmark_v3_ready_no_turbinestatus,horizon_144,toto.sh
Toto/full_shot/tfb-kaggle1_final_benchmark_v3_ready_no_turbinestatus/horizon_24/toto.sh,Toto,full_shot,tfb-kaggle1_final_benchmark_v3_ready_no_turbinestatus,horizon_24,toto.sh
Toto/full_shot/tfb-kaggle1_final_benchmark_v3_ready_no_turbinestatus/horizon_72/toto.sh,Toto,full_shot,tfb-kaggle1_final_benchmark_v3_ready_no_turbinestatus,horizon_72,toto.sh
Toto/full_shot/tfb-maelstrom_turbine_1_univariate/horizon_12/toto.sh,Toto,full_shot,tfb-maelstrom_turbine_1_univariate,horizon_12,toto.sh
Toto/full_shot/tfb-maelstrom_turbine_1_univariate/horizon_144/toto.sh,Toto,full_shot,tfb-maelstrom_turbine_1_univariate,horizon_144,toto.sh
Toto/full_shot/tfb-maelstrom_turbine_1_univariate/horizon_24/toto.sh,Toto,full_shot,tfb-maelstrom_turbine_1_univariate,horizon_24,toto.sh
Toto/full_shot/tfb-maelstrom_turbine_1_univariate/horizon_72/toto.sh,Toto,full_shot,tfb-maelstrom_turbine_1_univariate,horizon_72,toto.sh
Toto/full_shot/tfb-maelstrom_turbine_2_univariate/horizon_12/toto.sh,Toto,full_shot,tfb-maelstrom_turbine_2_univariate,horizon_12,toto.sh
Toto/full_shot/tfb-maelstrom_turbine_2_univariate/horizon_144/toto.sh,Toto,full_shot,tfb-maelstrom_turbine_2_univariate,horizon_144,toto.sh
Toto/full_shot/tfb-maelstrom_turbine_2_univariate/horizon_24/toto.sh,Toto,full_shot,tfb-maelstrom_turbine_2_univariate,horizon_24,toto.sh
Toto/full_shot/tfb-maelstrom_turbine_2_univariate/horizon_72/toto.sh,Toto,full_shot,tfb-maelstrom_turbine_2_univariate,horizon_72,toto.sh
Toto/full_shot/tfb-maelstrom_turbine_3_univariate/horizon_12/toto.sh,Toto,full_shot,tfb-maelstrom_turbine_3_univariate,horizon_12,toto.sh
Toto/full_shot/tfb-maelstrom_turbine_3_univariate/horizon_144/toto.sh,Toto,full_shot,tfb-maelstrom_turbine_3_univariate,horizon_144,toto.sh
Toto/full_shot/tfb-maelstrom_turbine_3_univariate/horizon_24/toto.sh,Toto,full_shot,tfb-maelstrom_turbine_3_univariate,horizon_24,toto.sh
Toto/full_shot/tfb-maelstrom_turbine_3_univariate/horizon_72/toto.sh,Toto,full_shot,tfb-maelstrom_turbine_3_univariate,horizon_72,toto.sh
Toto/full_shot/tfb-maelstrom_turbine_4_univariate/horizon_12/toto.sh,Toto,full_shot,tfb-maelstrom_turbine_4_univariate,horizon_12,toto.sh
Toto/full_shot/tfb-maelstrom_turbine_4_univariate/horizon_144/toto.sh,Toto,full_shot,tfb-maelstrom_turbine_4_univariate,horizon_144,toto.sh
Toto/full_shot/tfb-maelstrom_turbine_4_univariate/horizon_24/toto.sh,Toto,full_shot,tfb-maelstrom_turbine_4_univariate,horizon_24,toto.sh
Toto/full_shot/tfb-maelstrom_turbine_4_univariate/horizon_72/toto.sh,Toto,full_shot,tfb-maelstrom_turbine_4_univariate,horizon_72,toto.sh
Toto/full_shot/tfb-re_europe_wind_signal_COSMO_long_no_null__MT1V_reduced_38T_1V_power/horizon_12/toto__server_a_day01_20260519_111959.sh,Toto,full_shot,tfb-re_europe_wind_signal_COSMO_long_no_null__MT1V_reduced_38T_1V_power,horizon_12,toto__server_a_day01_20260519_111959.sh
Toto/full_shot/tfb-re_europe_wind_signal_COSMO_long_no_null__MT1V_reduced_38T_1V_power/horizon_12/toto__server_a_day01_20260519_122851.sh,Toto,full_shot,tfb-re_europe_wind_signal_COSMO_long_no_null__MT1V_reduced_38T_1V_power,horizon_12,toto__server_a_day01_20260519_122851.sh
Toto/full_shot/tfb-re_europe_wind_signal_COSMO_long_no_null__MT1V_reduced_38T_1V_power/horizon_12/toto__server_a_day01_20260519_171557.sh,Toto,full_shot,tfb-re_europe_wind_signal_COSMO_long_no_null__MT1V_reduced_38T_1V_power,horizon_12,toto__server_a_day01_20260519_171557.sh
Toto/full_shot/tfb-re_europe_wind_signal_COSMO_long_no_null__MT1V_reduced_38T_1V_power/horizon_12/toto__server_a_day01_20260520_132941.sh,Toto,full_shot,tfb-re_europe_wind_signal_COSMO_long_no_null__MT1V_reduced_38T_1V_power,horizon_12,toto__server_a_day01_20260520_132941.sh
Toto/full_shot/tfb-re_europe_wind_signal_COSMO_long_no_null__MT1V_reduced_38T_1V_power/horizon_144/toto__server_a_day01_20260519_111959.sh,Toto,full_shot,tfb-re_europe_wind_signal_COSMO_long_no_null__MT1V_reduced_38T_1V_power,horizon_144,toto__server_a_day01_20260519_111959.sh
Toto/full_shot/tfb-re_europe_wind_signal_COSMO_long_no_null__MT1V_reduced_38T_1V_power/horizon_144/toto__server_a_day01_20260519_122851.sh,Toto,full_shot,tfb-re_europe_wind_signal_COSMO_long_no_null__MT1V_reduced_38T_1V_power,horizon_144,toto__server_a_day01_20260519_122851.sh
Toto/full_shot/tfb-re_europe_wind_signal_COSMO_long_no_null__MT1V_reduced_38T_1V_power/horizon_144/toto__server_a_day01_20260519_171557.sh,Toto,full_shot,tfb-re_europe_wind_signal_COSMO_long_no_null__MT1V_reduced_38T_1V_power,horizon_144,toto__server_a_day01_20260519_171557.sh
Toto/full_shot/tfb-re_europe_wind_signal_COSMO_long_no_null__MT1V_reduced_38T_1V_power/horizon_144/toto__server_a_day01_20260520_132941.sh,Toto,full_shot,tfb-re_europe_wind_signal_COSMO_long_no_null__MT1V_reduced_38T_1V_power,horizon_144,toto__server_a_day01_20260520_132941.sh
Toto/full_shot/tfb-re_europe_wind_signal_COSMO_long_no_null__MT1V_reduced_38T_1V_power/horizon_24/toto__server_a_day01_20260519_111959.sh,Toto,full_shot,tfb-re_europe_wind_signal_COSMO_long_no_null__MT1V_reduced_38T_1V_power,horizon_24,toto__server_a_day01_20260519_111959.sh
Toto/full_shot/tfb-re_europe_wind_signal_COSMO_long_no_null__MT1V_reduced_38T_1V_power/horizon_24/toto__server_a_day01_20260519_122851.sh,Toto,full_shot,tfb-re_europe_wind_signal_COSMO_long_no_null__MT1V_reduced_38T_1V_power,horizon_24,toto__server_a_day01_20260519_122851.sh
Toto/full_shot/tfb-re_europe_wind_signal_COSMO_long_no_null__MT1V_reduced_38T_1V_power/horizon_24/toto__server_a_day01_20260519_171557.sh,Toto,full_shot,tfb-re_europe_wind_signal_COSMO_long_no_null__MT1V_reduced_38T_1V_power,horizon_24,toto__server_a_day01_20260519_171557.sh
Toto/full_shot/tfb-re_europe_wind_signal_COSMO_long_no_null__MT1V_reduced_38T_1V_power/horizon_24/toto__server_a_day01_20260520_132941.sh,Toto,full_shot,tfb-re_europe_wind_signal_COSMO_long_no_null__MT1V_reduced_38T_1V_power,horizon_24,toto__server_a_day01_20260520_132941.sh
Toto/full_shot/tfb-re_europe_wind_signal_COSMO_long_no_null__MT1V_reduced_38T_1V_power/horizon_72/toto__server_a_day01_20260519_111959.sh,Toto,full_shot,tfb-re_europe_wind_signal_COSMO_long_no_null__MT1V_reduced_38T_1V_power,horizon_72,toto__server_a_day01_20260519_111959.sh
Toto/full_shot/tfb-re_europe_wind_signal_COSMO_long_no_null__MT1V_reduced_38T_1V_power/horizon_72/toto__server_a_day01_20260519_122851.sh,Toto,full_shot,tfb-re_europe_wind_signal_COSMO_long_no_null__MT1V_reduced_38T_1V_power,horizon_72,toto__server_a_day01_20260519_122851.sh
Toto/full_shot/tfb-re_europe_wind_signal_COSMO_long_no_null__MT1V_reduced_38T_1V_power/horizon_72/toto__server_a_day01_20260519_171557.sh,Toto,full_shot,tfb-re_europe_wind_signal_COSMO_long_no_null__MT1V_reduced_38T_1V_power,horizon_72,toto__server_a_day01_20260519_171557.sh
Toto/full_shot/tfb-re_europe_wind_signal_COSMO_long_no_null__MT1V_reduced_38T_1V_power/horizon_72/toto__server_a_day01_20260520_132941.sh,Toto,full_shot,tfb-re_europe_wind_signal_COSMO_long_no_null__MT1V_reduced_38T_1V_power,horizon_72,toto__server_a_day01_20260520_132941.sh
Toto/full_shot/tfb-re_europe_wind_signal_ECMWF_long_no_null__MT1V_reduced_38T_1V_power/horizon_12/toto.sh,Toto,full_shot,tfb-re_europe_wind_signal_ECMWF_long_no_null__MT1V_reduced_38T_1V_power,horizon_12,toto.sh
Toto/full_shot/tfb-re_europe_wind_signal_ECMWF_long_no_null__MT1V_reduced_38T_1V_power/horizon_144/toto.sh,Toto,full_shot,tfb-re_europe_wind_signal_ECMWF_long_no_null__MT1V_reduced_38T_1V_power,horizon_144,toto.sh
Toto/full_shot/tfb-re_europe_wind_signal_ECMWF_long_no_null__MT1V_reduced_38T_1V_power/horizon_24/toto.sh,Toto,full_shot,tfb-re_europe_wind_signal_ECMWF_long_no_null__MT1V_reduced_38T_1V_power,horizon_24,toto.sh
Toto/full_shot/tfb-re_europe_wind_signal_ECMWF_long_no_null__MT1V_reduced_38T_1V_power/horizon_72/toto.sh,Toto,full_shot,tfb-re_europe_wind_signal_ECMWF_long_no_null__MT1V_reduced_38T_1V_power,horizon_72,toto.sh
Toto/full_shot/tfb-scada_fault_10min_cleaned_numeric_only/horizon_12/toto.sh,Toto,full_shot,tfb-scada_fault_10min_cleaned_numeric_only,horizon_12,toto.sh
Toto/full_shot/tfb-scada_fault_10min_cleaned_numeric_only/horizon_144/toto.sh,Toto,full_shot,tfb-scada_fault_10min_cleaned_numeric_only,horizon_144,toto.sh
Toto/full_shot/tfb-scada_fault_10min_cleaned_numeric_only/horizon_24/toto.sh,Toto,full_shot,tfb-scada_fault_10min_cleaned_numeric_only,horizon_24,toto.sh
Toto/full_shot/tfb-scada_fault_10min_cleaned_numeric_only/horizon_72/toto.sh,Toto,full_shot,tfb-scada_fault_10min_cleaned_numeric_only,horizon_72,toto.sh
Toto/full_shot/tfb-sdwpf_245days_v1_final_final_cleaned/horizon_12/toto__icde_missing_all_sheets_day20_foundation_backfill_20260531_20260601_070521.sh,Toto,full_shot,tfb-sdwpf_245days_v1_final_final_cleaned,horizon_12,toto__icde_missing_all_sheets_day20_foundation_backfill_20260531_20260601_070521.sh
Toto/full_shot/tfb-sdwpf_245days_v1_final_final_cleaned/horizon_12/toto__icde_missing_all_sheets_day20_foundation_backfill_20260531_20260604_065200.sh,Toto,full_shot,tfb-sdwpf_245days_v1_final_final_cleaned,horizon_12,toto__icde_missing_all_sheets_day20_foundation_backfill_20260531_20260604_065200.sh
Toto/full_shot/tfb-sdwpf_245days_v1_final_final_cleaned/horizon_12/toto__icde_missing_all_sheets_day20_foundation_backfill_20260531_20260605_173457.sh,Toto,full_shot,tfb-sdwpf_245days_v1_final_final_cleaned,horizon_12,toto__icde_missing_all_sheets_day20_foundation_backfill_20260531_20260605_173457.sh
Toto/full_shot/tfb-sdwpf_245days_v1_final_final_cleaned/horizon_144/toto__icde_missing_all_sheets_day20_foundation_backfill_20260531_20260601_070521.sh,Toto,full_shot,tfb-sdwpf_245days_v1_final_final_cleaned,horizon_144,toto__icde_missing_all_sheets_day20_foundation_backfill_20260531_20260601_070521.sh
Toto/full_shot/tfb-sdwpf_245days_v1_final_final_cleaned/horizon_144/toto__icde_missing_all_sheets_day20_foundation_backfill_20260531_20260604_065200.sh,Toto,full_shot,tfb-sdwpf_245days_v1_final_final_cleaned,horizon_144,toto__icde_missing_all_sheets_day20_foundation_backfill_20260531_20260604_065200.sh
Toto/full_shot/tfb-sdwpf_245days_v1_final_final_cleaned/horizon_144/toto__icde_missing_all_sheets_day20_foundation_backfill_20260531_20260605_173457.sh,Toto,full_shot,tfb-sdwpf_245days_v1_final_final_cleaned,horizon_144,toto__icde_missing_all_sheets_day20_foundation_backfill_20260531_20260605_173457.sh
Toto/full_shot/tfb-sdwpf_245days_v1_final_final_cleaned/horizon_24/toto__icde_missing_all_sheets_day20_foundation_backfill_20260531_20260601_070521.sh,Toto,full_shot,tfb-sdwpf_245days_v1_final_final_cleaned,horizon_24,toto__icde_missing_all_sheets_day20_foundation_backfill_20260531_20260601_070521.sh
Toto/full_shot/tfb-sdwpf_245days_v1_final_final_cleaned/horizon_24/toto__icde_missing_all_sheets_day20_foundation_backfill_20260531_20260604_065200.sh,Toto,full_shot,tfb-sdwpf_245days_v1_final_final_cleaned,horizon_24,toto__icde_missing_all_sheets_day20_foundation_backfill_20260531_20260604_065200.sh
Toto/full_shot/tfb-sdwpf_245days_v1_final_final_cleaned/horizon_24/toto__icde_missing_all_sheets_day20_foundation_backfill_20260531_20260605_173457.sh,Toto,full_shot,tfb-sdwpf_245days_v1_final_final_cleaned,horizon_24,toto__icde_missing_all_sheets_day20_foundation_backfill_20260531_20260605_173457.sh
Toto/full_shot/tfb-sdwpf_245days_v1_final_final_cleaned/horizon_72/toto__icde_missing_all_sheets_day20_foundation_backfill_20260531_20260601_070521.sh,Toto,full_shot,tfb-sdwpf_245days_v1_final_final_cleaned,horizon_72,toto__icde_missing_all_sheets_day20_foundation_backfill_20260531_20260601_070521.sh
Toto/full_shot/tfb-sdwpf_245days_v1_final_final_cleaned/horizon_72/toto__icde_missing_all_sheets_day20_foundation_backfill_20260531_20260604_065200.sh,Toto,full_shot,tfb-sdwpf_245days_v1_final_final_cleaned,horizon_72,toto__icde_missing_all_sheets_day20_foundation_backfill_20260531_20260604_065200.sh
Toto/full_shot/tfb-sdwpf_245days_v1_final_final_cleaned/horizon_72/toto__icde_missing_all_sheets_day20_foundation_backfill_20260531_20260605_173457.sh,Toto,full_shot,tfb-sdwpf_245days_v1_final_final_cleaned,horizon_72,toto__icde_missing_all_sheets_day20_foundation_backfill_20260531_20260605_173457.sh
Toto/zero_shot/tfb-Kelmarsh_filtered_wide__MTMV_reduced_3V_Power_(kW)/zero_shot_all_horizons.sh,Toto,zero_shot,tfb-Kelmarsh_filtered_wide__MTMV_reduced_3V_Power_(kW),,zero_shot_all_horizons.sh
Toto/zero_shot/tfb-Penmanshiel_filtered_wide__MTMV_reduced_3V_Power_(kW)__quality_trim_201607_201608_202009_202010/horizon_12/zero_shot_all_horizons.sh,Toto,zero_shot,tfb-Penmanshiel_filtered_wide__MTMV_reduced_3V_Power_(kW)__quality_trim_201607_201608_202009_202010,horizon_12,zero_shot_all_horizons.sh
Toto/zero_shot/tfb-Penmanshiel_filtered_wide__MTMV_reduced_3V_Power_(kW)__quality_trim_201607_201608_202009_202010/horizon_144/zero_shot_all_horizons.sh,Toto,zero_shot,tfb-Penmanshiel_filtered_wide__MTMV_reduced_3V_Power_(kW)__quality_trim_201607_201608_202009_202010,horizon_144,zero_shot_all_horizons.sh
Toto/zero_shot/tfb-Penmanshiel_filtered_wide__MTMV_reduced_3V_Power_(kW)__quality_trim_201607_201608_202009_202010/horizon_24/zero_shot_all_horizons.sh,Toto,zero_shot,tfb-Penmanshiel_filtered_wide__MTMV_reduced_3V_Power_(kW)__quality_trim_201607_201608_202009_202010,horizon_24,zero_shot_all_horizons.sh
Toto/zero_shot/tfb-Penmanshiel_filtered_wide__MTMV_reduced_3V_Power_(kW)__quality_trim_201607_201608_202009_202010/horizon_72/zero_shot_all_horizons.sh,Toto,zero_shot,tfb-Penmanshiel_filtered_wide__MTMV_reduced_3V_Power_(kW)__quality_trim_201607_201608_202009_202010,horizon_72,zero_shot_all_horizons.sh
Toto/zero_shot/tfb-Penmanshiel_filtered_wide__MTMV_reduced_3V_Power_(kW)__quality_trim_201607_201608_202009_202010/zero_shot_all_horizons.sh,Toto,zero_shot,tfb-Penmanshiel_filtered_wide__MTMV_reduced_3V_Power_(kW)__quality_trim_201607_201608_202009_202010,,zero_shot_all_horizons.sh
Toto/zero_shot/tfb-UEBB_panel_wide_filled__MTMV_reduced_3V_active_power_total/horizon_12/zero_shot_all_horizons.sh,Toto,zero_shot,tfb-UEBB_panel_wide_filled__MTMV_reduced_3V_active_power_total,horizon_12,zero_shot_all_horizons.sh
Toto/zero_shot/tfb-UEBB_panel_wide_filled__MTMV_reduced_3V_active_power_total/horizon_144/zero_shot_all_horizons.sh,Toto,zero_shot,tfb-UEBB_panel_wide_filled__MTMV_reduced_3V_active_power_total,horizon_144,zero_shot_all_horizons.sh
Toto/zero_shot/tfb-UEBB_panel_wide_filled__MTMV_reduced_3V_active_power_total/horizon_24/zero_shot_all_horizons.sh,Toto,zero_shot,tfb-UEBB_panel_wide_filled__MTMV_reduced_3V_active_power_total,horizon_24,zero_shot_all_horizons.sh
Toto/zero_shot/tfb-UEBB_panel_wide_filled__MTMV_reduced_3V_active_power_total/horizon_72/zero_shot_all_horizons.sh,Toto,zero_shot,tfb-UEBB_panel_wide_filled__MTMV_reduced_3V_active_power_total,horizon_72,zero_shot_all_horizons.sh
Toto/zero_shot/tfb-UEPS_panel_wide_filled__MTMV_reduced_3V_active_power_total/horizon_12/zero_shot_all_horizons.sh,Toto,zero_shot,tfb-UEPS_panel_wide_filled__MTMV_reduced_3V_active_power_total,horizon_12,zero_shot_all_horizons.sh
Toto/zero_shot/tfb-UEPS_panel_wide_filled__MTMV_reduced_3V_active_power_total/horizon_144/zero_shot_all_horizons.sh,Toto,zero_shot,tfb-UEPS_panel_wide_filled__MTMV_reduced_3V_active_power_total,horizon_144,zero_shot_all_horizons.sh
Toto/zero_shot/tfb-UEPS_panel_wide_filled__MTMV_reduced_3V_active_power_total/horizon_24/zero_shot_all_horizons.sh,Toto,zero_shot,tfb-UEPS_panel_wide_filled__MTMV_reduced_3V_active_power_total,horizon_24,zero_shot_all_horizons.sh
Toto/zero_shot/tfb-UEPS_panel_wide_filled__MTMV_reduced_3V_active_power_total/horizon_72/zero_shot_all_horizons.sh,Toto,zero_shot,tfb-UEPS_panel_wide_filled__MTMV_reduced_3V_active_power_total,horizon_72,zero_shot_all_horizons.sh
Toto/zero_shot/tfb-Wind farm site 1 (Nominal capacity-99MW)_final/horizon_12/zero_shot_all_horizons.sh,Toto,zero_shot,tfb-Wind farm site 1 (Nominal capacity-99MW)_final,horizon_12,zero_shot_all_horizons.sh
Toto/zero_shot/tfb-Wind farm site 1 (Nominal capacity-99MW)_final/horizon_144/zero_shot_all_horizons.sh,Toto,zero_shot,tfb-Wind farm site 1 (Nominal capacity-99MW)_final,horizon_144,zero_shot_all_horizons.sh
Toto/zero_shot/tfb-Wind farm site 1 (Nominal capacity-99MW)_final/horizon_24/zero_shot_all_horizons.sh,Toto,zero_shot,tfb-Wind farm site 1 (Nominal capacity-99MW)_final,horizon_24,zero_shot_all_horizons.sh
Toto/zero_shot/tfb-Wind farm site 1 (Nominal capacity-99MW)_final/horizon_72/zero_shot_all_horizons.sh,Toto,zero_shot,tfb-Wind farm site 1 (Nominal capacity-99MW)_final,horizon_72,zero_shot_all_horizons.sh
Toto/zero_shot/tfb-Wind farm site 2 (Nominal capacity-200MW)_final/horizon_12/zero_shot_all_horizons.sh,Toto,zero_shot,tfb-Wind farm site 2 (Nominal capacity-200MW)_final,horizon_12,zero_shot_all_horizons.sh
Toto/zero_shot/tfb-Wind farm site 2 (Nominal capacity-200MW)_final/horizon_144/zero_shot_all_horizons.sh,Toto,zero_shot,tfb-Wind farm site 2 (Nominal capacity-200MW)_final,horizon_144,zero_shot_all_horizons.sh
Toto/zero_shot/tfb-Wind farm site 2 (Nominal capacity-200MW)_final/horizon_24/zero_shot_all_horizons.sh,Toto,zero_shot,tfb-Wind farm site 2 (Nominal capacity-200MW)_final,horizon_24,zero_shot_all_horizons.sh
Toto/zero_shot/tfb-Wind farm site 2 (Nominal capacity-200MW)_final/horizon_72/zero_shot_all_horizons.sh,Toto,zero_shot,tfb-Wind farm site 2 (Nominal capacity-200MW)_final,horizon_72,zero_shot_all_horizons.sh
Toto/zero_shot/tfb-Wind farm site 3 (Nominal capacity-99MW)_final/horizon_12/zero_shot_all_horizons.sh,Toto,zero_shot,tfb-Wind farm site 3 (Nominal capacity-99MW)_final,horizon_12,zero_shot_all_horizons.sh
Toto/zero_shot/tfb-Wind farm site 3 (Nominal capacity-99MW)_final/horizon_144/zero_shot_all_horizons.sh,Toto,zero_shot,tfb-Wind farm site 3 (Nominal capacity-99MW)_final,horizon_144,zero_shot_all_horizons.sh
Toto/zero_shot/tfb-Wind farm site 3 (Nominal capacity-99MW)_final/horizon_24/zero_shot_all_horizons.sh,Toto,zero_shot,tfb-Wind farm site 3 (Nominal capacity-99MW)_final,horizon_24,zero_shot_all_horizons.sh
Toto/zero_shot/tfb-Wind farm site 3 (Nominal capacity-99MW)_final/horizon_72/zero_shot_all_horizons.sh,Toto,zero_shot,tfb-Wind farm site 3 (Nominal capacity-99MW)_final,horizon_72,zero_shot_all_horizons.sh
Toto/zero_shot/tfb-Wind farm site 4 (Nominal capacity-66MW)_final/horizon_12/zero_shot_all_horizons.sh,Toto,zero_shot,tfb-Wind farm site 4 (Nominal capacity-66MW)_final,horizon_12,zero_shot_all_horizons.sh
Toto/zero_shot/tfb-Wind farm site 4 (Nominal capacity-66MW)_final/horizon_144/zero_shot_all_horizons.sh,Toto,zero_shot,tfb-Wind farm site 4 (Nominal capacity-66MW)_final,horizon_144,zero_shot_all_horizons.sh
Toto/zero_shot/tfb-Wind farm site 4 (Nominal capacity-66MW)_final/horizon_24/zero_shot_all_horizons.sh,Toto,zero_shot,tfb-Wind farm site 4 (Nominal capacity-66MW)_final,horizon_24,zero_shot_all_horizons.sh
Toto/zero_shot/tfb-Wind farm site 4 (Nominal capacity-66MW)_final/horizon_72/zero_shot_all_horizons.sh,Toto,zero_shot,tfb-Wind farm site 4 (Nominal capacity-66MW)_final,horizon_72,zero_shot_all_horizons.sh
Toto/zero_shot/tfb-Wind farm site 6 (Nominal capacity-96MW)_final/horizon_12/zero_shot_all_horizons.sh,Toto,zero_shot,tfb-Wind farm site 6 (Nominal capacity-96MW)_final,horizon_12,zero_shot_all_horizons.sh
Toto/zero_shot/tfb-Wind farm site 6 (Nominal capacity-96MW)_final/horizon_144/zero_shot_all_horizons.sh,Toto,zero_shot,tfb-Wind farm site 6 (Nominal capacity-96MW)_final,horizon_144,zero_shot_all_horizons.sh
Toto/zero_shot/tfb-Wind farm site 6 (Nominal capacity-96MW)_final/horizon_24/zero_shot_all_horizons.sh,Toto,zero_shot,tfb-Wind farm site 6 (Nominal capacity-96MW)_final,horizon_24,zero_shot_all_horizons.sh
Toto/zero_shot/tfb-Wind farm site 6 (Nominal capacity-96MW)_final/horizon_72/zero_shot_all_horizons.sh,Toto,zero_shot,tfb-Wind farm site 6 (Nominal capacity-96MW)_final,horizon_72,zero_shot_all_horizons.sh
Toto/zero_shot/tfb-Wind_Farm_A_filtered_wide_long_fixed__1T1V_reduced_1T_1V_windpower/horizon_12/zero_shot_all_horizons.sh,Toto,zero_shot,tfb-Wind_Farm_A_filtered_wide_long_fixed__1T1V_reduced_1T_1V_windpower,horizon_12,zero_shot_all_horizons.sh
Toto/zero_shot/tfb-Wind_Farm_A_filtered_wide_long_fixed__1T1V_reduced_1T_1V_windpower/horizon_144/zero_shot_all_horizons.sh,Toto,zero_shot,tfb-Wind_Farm_A_filtered_wide_long_fixed__1T1V_reduced_1T_1V_windpower,horizon_144,zero_shot_all_horizons.sh
Toto/zero_shot/tfb-Wind_Farm_A_filtered_wide_long_fixed__1T1V_reduced_1T_1V_windpower/horizon_24/zero_shot_all_horizons.sh,Toto,zero_shot,tfb-Wind_Farm_A_filtered_wide_long_fixed__1T1V_reduced_1T_1V_windpower,horizon_24,zero_shot_all_horizons.sh
Toto/zero_shot/tfb-Wind_Farm_A_filtered_wide_long_fixed__1T1V_reduced_1T_1V_windpower/horizon_72/zero_shot_all_horizons.sh,Toto,zero_shot,tfb-Wind_Farm_A_filtered_wide_long_fixed__1T1V_reduced_1T_1V_windpower,horizon_72,zero_shot_all_horizons.sh
Toto/zero_shot/tfb-Wind_Farm_B_filtered_wide_long_fixed__1T1V_reduced_1T_1V_windpower/horizon_12/zero_shot_all_horizons.sh,Toto,zero_shot,tfb-Wind_Farm_B_filtered_wide_long_fixed__1T1V_reduced_1T_1V_windpower,horizon_12,zero_shot_all_horizons.sh
Toto/zero_shot/tfb-Wind_Farm_B_filtered_wide_long_fixed__1T1V_reduced_1T_1V_windpower/horizon_144/zero_shot_all_horizons.sh,Toto,zero_shot,tfb-Wind_Farm_B_filtered_wide_long_fixed__1T1V_reduced_1T_1V_windpower,horizon_144,zero_shot_all_horizons.sh
Toto/zero_shot/tfb-Wind_Farm_B_filtered_wide_long_fixed__1T1V_reduced_1T_1V_windpower/horizon_24/zero_shot_all_horizons.sh,Toto,zero_shot,tfb-Wind_Farm_B_filtered_wide_long_fixed__1T1V_reduced_1T_1V_windpower,horizon_24,zero_shot_all_horizons.sh
Toto/zero_shot/tfb-Wind_Farm_B_filtered_wide_long_fixed__1T1V_reduced_1T_1V_windpower/horizon_72/zero_shot_all_horizons.sh,Toto,zero_shot,tfb-Wind_Farm_B_filtered_wide_long_fixed__1T1V_reduced_1T_1V_windpower,horizon_72,zero_shot_all_horizons.sh
Toto/zero_shot/tfb-Wind_Farm_C_filtered_wide_long_fixed__MT1V_reduced_1V_windpower/horizon_12/zero_shot_all_horizons.sh,Toto,zero_shot,tfb-Wind_Farm_C_filtered_wide_long_fixed__MT1V_reduced_1V_windpower,horizon_12,zero_shot_all_horizons.sh
Toto/zero_shot/tfb-Wind_Farm_C_filtered_wide_long_fixed__MT1V_reduced_1V_windpower/horizon_144/zero_shot_all_horizons.sh,Toto,zero_shot,tfb-Wind_Farm_C_filtered_wide_long_fixed__MT1V_reduced_1V_windpower,horizon_144,zero_shot_all_horizons.sh
Toto/zero_shot/tfb-Wind_Farm_C_filtered_wide_long_fixed__MT1V_reduced_1V_windpower/horizon_24/zero_shot_all_horizons.sh,Toto,zero_shot,tfb-Wind_Farm_C_filtered_wide_long_fixed__MT1V_reduced_1V_windpower,horizon_24,zero_shot_all_horizons.sh
Toto/zero_shot/tfb-Wind_Farm_C_filtered_wide_long_fixed__MT1V_reduced_1V_windpower/horizon_72/zero_shot_all_horizons.sh,Toto,zero_shot,tfb-Wind_Farm_C_filtered_wide_long_fixed__MT1V_reduced_1V_windpower,horizon_72,zero_shot_all_horizons.sh
Toto/zero_shot/tfb-Yalova_final_ready/horizon_12/zero_shot_all_horizons.sh,Toto,zero_shot,tfb-Yalova_final_ready,horizon_12,zero_shot_all_horizons.sh
Toto/zero_shot/tfb-Yalova_final_ready/horizon_144/zero_shot_all_horizons.sh,Toto,zero_shot,tfb-Yalova_final_ready,horizon_144,zero_shot_all_horizons.sh
Toto/zero_shot/tfb-Yalova_final_ready/horizon_24/zero_shot_all_horizons.sh,Toto,zero_shot,tfb-Yalova_final_ready,horizon_24,zero_shot_all_horizons.sh
Toto/zero_shot/tfb-Yalova_final_ready/horizon_72/zero_shot_all_horizons.sh,Toto,zero_shot,tfb-Yalova_final_ready,horizon_72,zero_shot_all_horizons.sh
Toto/zero_shot/tfb-aemo/zero_shot_all_horizons.sh,Toto,zero_shot,tfb-aemo,,zero_shot_all_horizons.sh
Toto/zero_shot/tfb-chalmers_merged_processed_data_fixed_combined__1T1V_reduced_1min_1T_1V_power/horizon_12/zero_shot_all_horizons.sh,Toto,zero_shot,tfb-chalmers_merged_processed_data_fixed_combined__1T1V_reduced_1min_1T_1V_power,horizon_12,zero_shot_all_horizons.sh
Toto/zero_shot/tfb-chalmers_merged_processed_data_fixed_combined__1T1V_reduced_1min_1T_1V_power/horizon_144/zero_shot_all_horizons.sh,Toto,zero_shot,tfb-chalmers_merged_processed_data_fixed_combined__1T1V_reduced_1min_1T_1V_power,horizon_144,zero_shot_all_horizons.sh
Toto/zero_shot/tfb-chalmers_merged_processed_data_fixed_combined__1T1V_reduced_1min_1T_1V_power/horizon_24/zero_shot_all_horizons.sh,Toto,zero_shot,tfb-chalmers_merged_processed_data_fixed_combined__1T1V_reduced_1min_1T_1V_power,horizon_24,zero_shot_all_horizons.sh
Toto/zero_shot/tfb-chalmers_merged_processed_data_fixed_combined__1T1V_reduced_1min_1T_1V_power/horizon_72/zero_shot_all_horizons.sh,Toto,zero_shot,tfb-chalmers_merged_processed_data_fixed_combined__1T1V_reduced_1min_1T_1V_power,horizon_72,zero_shot_all_horizons.sh
Toto/zero_shot/tfb-gefcom2012/horizon_12/zero_shot_all_horizons.sh,Toto,zero_shot,tfb-gefcom2012,horizon_12,zero_shot_all_horizons.sh
Toto/zero_shot/tfb-gefcom2012/horizon_144/zero_shot_all_horizons.sh,Toto,zero_shot,tfb-gefcom2012,horizon_144,zero_shot_all_horizons.sh
Toto/zero_shot/tfb-gefcom2012/horizon_24/zero_shot_all_horizons.sh,Toto,zero_shot,tfb-gefcom2012,horizon_24,zero_shot_all_horizons.sh
Toto/zero_shot/tfb-gefcom2012/horizon_72/zero_shot_all_horizons.sh,Toto,zero_shot,tfb-gefcom2012,horizon_72,zero_shot_all_horizons.sh
Toto/zero_shot/tfb-gefcom2014/horizon_12/zero_shot_all_horizons.sh,Toto,zero_shot,tfb-gefcom2014,horizon_12,zero_shot_all_horizons.sh
Toto/zero_shot/tfb-gefcom2014/horizon_144/zero_shot_all_horizons.sh,Toto,zero_shot,tfb-gefcom2014,horizon_144,zero_shot_all_horizons.sh
Toto/zero_shot/tfb-gefcom2014/horizon_24/zero_shot_all_horizons.sh,Toto,zero_shot,tfb-gefcom2014,horizon_24,zero_shot_all_horizons.sh
Toto/zero_shot/tfb-gefcom2014/horizon_72/zero_shot_all_horizons.sh,Toto,zero_shot,tfb-gefcom2014,horizon_72,zero_shot_all_horizons.sh
Toto/zero_shot/tfb-kaggle1_final_benchmark_v3_ready_no_turbinestatus/horizon_12/zero_shot_all_horizons.sh,Toto,zero_shot,tfb-kaggle1_final_benchmark_v3_ready_no_turbinestatus,horizon_12,zero_shot_all_horizons.sh
Toto/zero_shot/tfb-kaggle1_final_benchmark_v3_ready_no_turbinestatus/horizon_144/zero_shot_all_horizons.sh,Toto,zero_shot,tfb-kaggle1_final_benchmark_v3_ready_no_turbinestatus,horizon_144,zero_shot_all_horizons.sh
Toto/zero_shot/tfb-kaggle1_final_benchmark_v3_ready_no_turbinestatus/horizon_24/zero_shot_all_horizons.sh,Toto,zero_shot,tfb-kaggle1_final_benchmark_v3_ready_no_turbinestatus,horizon_24,zero_shot_all_horizons.sh
Toto/zero_shot/tfb-kaggle1_final_benchmark_v3_ready_no_turbinestatus/horizon_72/zero_shot_all_horizons.sh,Toto,zero_shot,tfb-kaggle1_final_benchmark_v3_ready_no_turbinestatus,horizon_72,zero_shot_all_horizons.sh
Toto/zero_shot/tfb-maelstrom_turbine_1_univariate/horizon_12/zero_shot_all_horizons.sh,Toto,zero_shot,tfb-maelstrom_turbine_1_univariate,horizon_12,zero_shot_all_horizons.sh
Toto/zero_shot/tfb-maelstrom_turbine_1_univariate/horizon_144/zero_shot_all_horizons.sh,Toto,zero_shot,tfb-maelstrom_turbine_1_univariate,horizon_144,zero_shot_all_horizons.sh
Toto/zero_shot/tfb-maelstrom_turbine_1_univariate/horizon_24/zero_shot_all_horizons.sh,Toto,zero_shot,tfb-maelstrom_turbine_1_univariate,horizon_24,zero_shot_all_horizons.sh
Toto/zero_shot/tfb-maelstrom_turbine_1_univariate/horizon_72/zero_shot_all_horizons.sh,Toto,zero_shot,tfb-maelstrom_turbine_1_univariate,horizon_72,zero_shot_all_horizons.sh
Toto/zero_shot/tfb-maelstrom_turbine_2_univariate/horizon_12/zero_shot_all_horizons.sh,Toto,zero_shot,tfb-maelstrom_turbine_2_univariate,horizon_12,zero_shot_all_horizons.sh
Toto/zero_shot/tfb-maelstrom_turbine_2_univariate/horizon_144/zero_shot_all_horizons.sh,Toto,zero_shot,tfb-maelstrom_turbine_2_univariate,horizon_144,zero_shot_all_horizons.sh
Toto/zero_shot/tfb-maelstrom_turbine_2_univariate/horizon_24/zero_shot_all_horizons.sh,Toto,zero_shot,tfb-maelstrom_turbine_2_univariate,horizon_24,zero_shot_all_horizons.sh
Toto/zero_shot/tfb-maelstrom_turbine_2_univariate/horizon_72/zero_shot_all_horizons.sh,Toto,zero_shot,tfb-maelstrom_turbine_2_univariate,horizon_72,zero_shot_all_horizons.sh
Toto/zero_shot/tfb-maelstrom_turbine_3_univariate/horizon_12/zero_shot_all_horizons.sh,Toto,zero_shot,tfb-maelstrom_turbine_3_univariate,horizon_12,zero_shot_all_horizons.sh
Toto/zero_shot/tfb-maelstrom_turbine_3_univariate/horizon_144/zero_shot_all_horizons.sh,Toto,zero_shot,tfb-maelstrom_turbine_3_univariate,horizon_144,zero_shot_all_horizons.sh
Toto/zero_shot/tfb-maelstrom_turbine_3_univariate/horizon_24/zero_shot_all_horizons.sh,Toto,zero_shot,tfb-maelstrom_turbine_3_univariate,horizon_24,zero_shot_all_horizons.sh
Toto/zero_shot/tfb-maelstrom_turbine_3_univariate/horizon_72/zero_shot_all_horizons.sh,Toto,zero_shot,tfb-maelstrom_turbine_3_univariate,horizon_72,zero_shot_all_horizons.sh
Toto/zero_shot/tfb-maelstrom_turbine_4_univariate/horizon_12/zero_shot_all_horizons.sh,Toto,zero_shot,tfb-maelstrom_turbine_4_univariate,horizon_12,zero_shot_all_horizons.sh
Toto/zero_shot/tfb-maelstrom_turbine_4_univariate/horizon_144/zero_shot_all_horizons.sh,Toto,zero_shot,tfb-maelstrom_turbine_4_univariate,horizon_144,zero_shot_all_horizons.sh
Toto/zero_shot/tfb-maelstrom_turbine_4_univariate/horizon_24/zero_shot_all_horizons.sh,Toto,zero_shot,tfb-maelstrom_turbine_4_univariate,horizon_24,zero_shot_all_horizons.sh
Toto/zero_shot/tfb-maelstrom_turbine_4_univariate/horizon_72/zero_shot_all_horizons.sh,Toto,zero_shot,tfb-maelstrom_turbine_4_univariate,horizon_72,zero_shot_all_horizons.sh
Toto/zero_shot/tfb-re_europe_wind_signal_COSMO_long_no_null__MT1V_reduced_38T_1V_power/zero_shot_all_horizons.sh,Toto,zero_shot,tfb-re_europe_wind_signal_COSMO_long_no_null__MT1V_reduced_38T_1V_power,,zero_shot_all_horizons.sh
Toto/zero_shot/tfb-re_europe_wind_signal_ECMWF_long_no_null__MT1V_reduced_38T_1V_power/horizon_12/zero_shot_all_horizons.sh,Toto,zero_shot,tfb-re_europe_wind_signal_ECMWF_long_no_null__MT1V_reduced_38T_1V_power,horizon_12,zero_shot_all_horizons.sh
Toto/zero_shot/tfb-re_europe_wind_signal_ECMWF_long_no_null__MT1V_reduced_38T_1V_power/horizon_144/zero_shot_all_horizons.sh,Toto,zero_shot,tfb-re_europe_wind_signal_ECMWF_long_no_null__MT1V_reduced_38T_1V_power,horizon_144,zero_shot_all_horizons.sh
Toto/zero_shot/tfb-re_europe_wind_signal_ECMWF_long_no_null__MT1V_reduced_38T_1V_power/horizon_24/zero_shot_all_horizons.sh,Toto,zero_shot,tfb-re_europe_wind_signal_ECMWF_long_no_null__MT1V_reduced_38T_1V_power,horizon_24,zero_shot_all_horizons.sh
Toto/zero_shot/tfb-re_europe_wind_signal_ECMWF_long_no_null__MT1V_reduced_38T_1V_power/horizon_72/zero_shot_all_horizons.sh,Toto,zero_shot,tfb-re_europe_wind_signal_ECMWF_long_no_null__MT1V_reduced_38T_1V_power,horizon_72,zero_shot_all_horizons.sh
Toto/zero_shot/tfb-scada_fault_10min_cleaned_numeric_only/zero_shot_all_horizons.sh,Toto,zero_shot,tfb-scada_fault_10min_cleaned_numeric_only,,zero_shot_all_horizons.sh
Toto/zero_shot/tfb-sdwpf_245days_v1_final_final_cleaned/zero_shot_all_horizons.sh,Toto,zero_shot,tfb-sdwpf_245days_v1_final_final_cleaned,,zero_shot_all_horizons.sh
VAR/hpo/tfb-Kelmarsh_filtered_wide__MTMV_reduced_3V_Power_(kW)/horizon_12/hpo_all_horizons.sh,VAR,hpo,tfb-Kelmarsh_filtered_wide__MTMV_reduced_3V_Power_(kW),horizon_12,hpo_all_horizons.sh
VAR/hpo/tfb-Kelmarsh_filtered_wide__MTMV_reduced_3V_Power_(kW)/horizon_144/hpo_all_horizons.sh,VAR,hpo,tfb-Kelmarsh_filtered_wide__MTMV_reduced_3V_Power_(kW),horizon_144,hpo_all_horizons.sh
VAR/hpo/tfb-Kelmarsh_filtered_wide__MTMV_reduced_3V_Power_(kW)/horizon_24/hpo_all_horizons.sh,VAR,hpo,tfb-Kelmarsh_filtered_wide__MTMV_reduced_3V_Power_(kW),horizon_24,hpo_all_horizons.sh
VAR/hpo/tfb-Kelmarsh_filtered_wide__MTMV_reduced_3V_Power_(kW)/horizon_72/hpo_all_horizons.sh,VAR,hpo,tfb-Kelmarsh_filtered_wide__MTMV_reduced_3V_Power_(kW),horizon_72,hpo_all_horizons.sh
VAR/hpo/tfb-Penmanshiel_filtered_wide__MTMV_reduced_3V_Power_(kW)__quality_trim_201607_201608_202009_202010/horizon_12/hpo_all_horizons.sh,VAR,hpo,tfb-Penmanshiel_filtered_wide__MTMV_reduced_3V_Power_(kW)__quality_trim_201607_201608_202009_202010,horizon_12,hpo_all_horizons.sh
VAR/hpo/tfb-Penmanshiel_filtered_wide__MTMV_reduced_3V_Power_(kW)__quality_trim_201607_201608_202009_202010/horizon_144/hpo_all_horizons.sh,VAR,hpo,tfb-Penmanshiel_filtered_wide__MTMV_reduced_3V_Power_(kW)__quality_trim_201607_201608_202009_202010,horizon_144,hpo_all_horizons.sh
VAR/hpo/tfb-Penmanshiel_filtered_wide__MTMV_reduced_3V_Power_(kW)__quality_trim_201607_201608_202009_202010/horizon_24/hpo_all_horizons.sh,VAR,hpo,tfb-Penmanshiel_filtered_wide__MTMV_reduced_3V_Power_(kW)__quality_trim_201607_201608_202009_202010,horizon_24,hpo_all_horizons.sh
VAR/hpo/tfb-Penmanshiel_filtered_wide__MTMV_reduced_3V_Power_(kW)__quality_trim_201607_201608_202009_202010/horizon_72/hpo_all_horizons.sh,VAR,hpo,tfb-Penmanshiel_filtered_wide__MTMV_reduced_3V_Power_(kW)__quality_trim_201607_201608_202009_202010,horizon_72,hpo_all_horizons.sh
VAR/hpo/tfb-UEBB_panel_wide_filled__MTMV_reduced_3V_active_power_total/horizon_12/hpo_all_horizons.sh,VAR,hpo,tfb-UEBB_panel_wide_filled__MTMV_reduced_3V_active_power_total,horizon_12,hpo_all_horizons.sh
VAR/hpo/tfb-UEBB_panel_wide_filled__MTMV_reduced_3V_active_power_total/horizon_144/hpo_all_horizons.sh,VAR,hpo,tfb-UEBB_panel_wide_filled__MTMV_reduced_3V_active_power_total,horizon_144,hpo_all_horizons.sh
VAR/hpo/tfb-UEBB_panel_wide_filled__MTMV_reduced_3V_active_power_total/horizon_24/hpo_all_horizons.sh,VAR,hpo,tfb-UEBB_panel_wide_filled__MTMV_reduced_3V_active_power_total,horizon_24,hpo_all_horizons.sh
VAR/hpo/tfb-UEBB_panel_wide_filled__MTMV_reduced_3V_active_power_total/horizon_72/hpo_all_horizons.sh,VAR,hpo,tfb-UEBB_panel_wide_filled__MTMV_reduced_3V_active_power_total,horizon_72,hpo_all_horizons.sh
VAR/hpo/tfb-UEPS_panel_wide_filled__MTMV_reduced_3V_active_power_total/horizon_12/hpo_all_horizons.sh,VAR,hpo,tfb-UEPS_panel_wide_filled__MTMV_reduced_3V_active_power_total,horizon_12,hpo_all_horizons.sh
VAR/hpo/tfb-UEPS_panel_wide_filled__MTMV_reduced_3V_active_power_total/horizon_144/hpo_all_horizons.sh,VAR,hpo,tfb-UEPS_panel_wide_filled__MTMV_reduced_3V_active_power_total,horizon_144,hpo_all_horizons.sh
VAR/hpo/tfb-UEPS_panel_wide_filled__MTMV_reduced_3V_active_power_total/horizon_24/hpo_all_horizons.sh,VAR,hpo,tfb-UEPS_panel_wide_filled__MTMV_reduced_3V_active_power_total,horizon_24,hpo_all_horizons.sh
VAR/hpo/tfb-UEPS_panel_wide_filled__MTMV_reduced_3V_active_power_total/horizon_72/hpo_all_horizons.sh,VAR,hpo,tfb-UEPS_panel_wide_filled__MTMV_reduced_3V_active_power_total,horizon_72,hpo_all_horizons.sh
VAR/hpo/tfb-Wind farm site 1 (Nominal capacity-99MW)_final/horizon_12/hpo_all_horizons.sh,VAR,hpo,tfb-Wind farm site 1 (Nominal capacity-99MW)_final,horizon_12,hpo_all_horizons.sh
VAR/hpo/tfb-Wind farm site 1 (Nominal capacity-99MW)_final/horizon_144/hpo_all_horizons.sh,VAR,hpo,tfb-Wind farm site 1 (Nominal capacity-99MW)_final,horizon_144,hpo_all_horizons.sh
VAR/hpo/tfb-Wind farm site 1 (Nominal capacity-99MW)_final/horizon_24/hpo_all_horizons.sh,VAR,hpo,tfb-Wind farm site 1 (Nominal capacity-99MW)_final,horizon_24,hpo_all_horizons.sh
VAR/hpo/tfb-Wind farm site 1 (Nominal capacity-99MW)_final/horizon_72/hpo_all_horizons.sh,VAR,hpo,tfb-Wind farm site 1 (Nominal capacity-99MW)_final,horizon_72,hpo_all_horizons.sh
VAR/hpo/tfb-Wind farm site 2 (Nominal capacity-200MW)_final/horizon_12/hpo_all_horizons.sh,VAR,hpo,tfb-Wind farm site 2 (Nominal capacity-200MW)_final,horizon_12,hpo_all_horizons.sh
VAR/hpo/tfb-Wind farm site 2 (Nominal capacity-200MW)_final/horizon_144/hpo_all_horizons.sh,VAR,hpo,tfb-Wind farm site 2 (Nominal capacity-200MW)_final,horizon_144,hpo_all_horizons.sh
VAR/hpo/tfb-Wind farm site 2 (Nominal capacity-200MW)_final/horizon_24/hpo_all_horizons.sh,VAR,hpo,tfb-Wind farm site 2 (Nominal capacity-200MW)_final,horizon_24,hpo_all_horizons.sh
VAR/hpo/tfb-Wind farm site 2 (Nominal capacity-200MW)_final/horizon_72/hpo_all_horizons.sh,VAR,hpo,tfb-Wind farm site 2 (Nominal capacity-200MW)_final,horizon_72,hpo_all_horizons.sh
VAR/hpo/tfb-Wind farm site 3 (Nominal capacity-99MW)_final/horizon_12/hpo_all_horizons.sh,VAR,hpo,tfb-Wind farm site 3 (Nominal capacity-99MW)_final,horizon_12,hpo_all_horizons.sh
VAR/hpo/tfb-Wind farm site 3 (Nominal capacity-99MW)_final/horizon_144/hpo_all_horizons.sh,VAR,hpo,tfb-Wind farm site 3 (Nominal capacity-99MW)_final,horizon_144,hpo_all_horizons.sh
VAR/hpo/tfb-Wind farm site 3 (Nominal capacity-99MW)_final/horizon_24/hpo_all_horizons.sh,VAR,hpo,tfb-Wind farm site 3 (Nominal capacity-99MW)_final,horizon_24,hpo_all_horizons.sh
VAR/hpo/tfb-Wind farm site 3 (Nominal capacity-99MW)_final/horizon_72/hpo_all_horizons.sh,VAR,hpo,tfb-Wind farm site 3 (Nominal capacity-99MW)_final,horizon_72,hpo_all_horizons.sh
VAR/hpo/tfb-Wind farm site 4 (Nominal capacity-66MW)_final/horizon_12/hpo_all_horizons.sh,VAR,hpo,tfb-Wind farm site 4 (Nominal capacity-66MW)_final,horizon_12,hpo_all_horizons.sh
VAR/hpo/tfb-Wind farm site 4 (Nominal capacity-66MW)_final/horizon_144/hpo_all_horizons.sh,VAR,hpo,tfb-Wind farm site 4 (Nominal capacity-66MW)_final,horizon_144,hpo_all_horizons.sh
VAR/hpo/tfb-Wind farm site 4 (Nominal capacity-66MW)_final/horizon_24/hpo_all_horizons.sh,VAR,hpo,tfb-Wind farm site 4 (Nominal capacity-66MW)_final,horizon_24,hpo_all_horizons.sh
VAR/hpo/tfb-Wind farm site 4 (Nominal capacity-66MW)_final/horizon_72/hpo_all_horizons.sh,VAR,hpo,tfb-Wind farm site 4 (Nominal capacity-66MW)_final,horizon_72,hpo_all_horizons.sh
VAR/hpo/tfb-Wind farm site 6 (Nominal capacity-96MW)_final/horizon_12/hpo_all_horizons.sh,VAR,hpo,tfb-Wind farm site 6 (Nominal capacity-96MW)_final,horizon_12,hpo_all_horizons.sh
VAR/hpo/tfb-Wind farm site 6 (Nominal capacity-96MW)_final/horizon_144/hpo_all_horizons.sh,VAR,hpo,tfb-Wind farm site 6 (Nominal capacity-96MW)_final,horizon_144,hpo_all_horizons.sh
VAR/hpo/tfb-Wind farm site 6 (Nominal capacity-96MW)_final/horizon_24/hpo_all_horizons.sh,VAR,hpo,tfb-Wind farm site 6 (Nominal capacity-96MW)_final,horizon_24,hpo_all_horizons.sh
VAR/hpo/tfb-Wind farm site 6 (Nominal capacity-96MW)_final/horizon_72/hpo_all_horizons.sh,VAR,hpo,tfb-Wind farm site 6 (Nominal capacity-96MW)_final,horizon_72,hpo_all_horizons.sh
VAR/hpo/tfb-Yalova_final_ready/horizon_12/hpo_all_horizons.sh,VAR,hpo,tfb-Yalova_final_ready,horizon_12,hpo_all_horizons.sh
VAR/hpo/tfb-Yalova_final_ready/horizon_144/hpo_all_horizons.sh,VAR,hpo,tfb-Yalova_final_ready,horizon_144,hpo_all_horizons.sh
VAR/hpo/tfb-Yalova_final_ready/horizon_24/hpo_all_horizons.sh,VAR,hpo,tfb-Yalova_final_ready,horizon_24,hpo_all_horizons.sh
VAR/hpo/tfb-Yalova_final_ready/horizon_72/hpo_all_horizons.sh,VAR,hpo,tfb-Yalova_final_ready,horizon_72,hpo_all_horizons.sh
VAR/hpo/tfb-Yalova_final_ready/hpo_all_horizons.sh,VAR,hpo,tfb-Yalova_final_ready,,hpo_all_horizons.sh
VAR/hpo/tfb-gefcom2012/horizon_12/hpo_all_horizons.sh,VAR,hpo,tfb-gefcom2012,horizon_12,hpo_all_horizons.sh
VAR/hpo/tfb-gefcom2012/horizon_144/hpo_all_horizons.sh,VAR,hpo,tfb-gefcom2012,horizon_144,hpo_all_horizons.sh
VAR/hpo/tfb-gefcom2012/horizon_24/hpo_all_horizons.sh,VAR,hpo,tfb-gefcom2012,horizon_24,hpo_all_horizons.sh
VAR/hpo/tfb-gefcom2012/horizon_72/hpo_all_horizons.sh,VAR,hpo,tfb-gefcom2012,horizon_72,hpo_all_horizons.sh
VAR/hpo/tfb-gefcom2014/horizon_12/hpo_all_horizons.sh,VAR,hpo,tfb-gefcom2014,horizon_12,hpo_all_horizons.sh
VAR/hpo/tfb-gefcom2014/horizon_144/hpo_all_horizons.sh,VAR,hpo,tfb-gefcom2014,horizon_144,hpo_all_horizons.sh
VAR/hpo/tfb-gefcom2014/horizon_24/hpo_all_horizons.sh,VAR,hpo,tfb-gefcom2014,horizon_24,hpo_all_horizons.sh
VAR/hpo/tfb-gefcom2014/horizon_72/hpo_all_horizons.sh,VAR,hpo,tfb-gefcom2014,horizon_72,hpo_all_horizons.sh
VAR/hpo/tfb-kaggle1_final_benchmark_v3_ready_no_turbinestatus/horizon_12/hpo_all_horizons.sh,VAR,hpo,tfb-kaggle1_final_benchmark_v3_ready_no_turbinestatus,horizon_12,hpo_all_horizons.sh
VAR/hpo/tfb-kaggle1_final_benchmark_v3_ready_no_turbinestatus/horizon_144/hpo_all_horizons.sh,VAR,hpo,tfb-kaggle1_final_benchmark_v3_ready_no_turbinestatus,horizon_144,hpo_all_horizons.sh
VAR/hpo/tfb-kaggle1_final_benchmark_v3_ready_no_turbinestatus/horizon_24/hpo_all_horizons.sh,VAR,hpo,tfb-kaggle1_final_benchmark_v3_ready_no_turbinestatus,horizon_24,hpo_all_horizons.sh
VAR/hpo/tfb-kaggle1_final_benchmark_v3_ready_no_turbinestatus/horizon_72/hpo_all_horizons.sh,VAR,hpo,tfb-kaggle1_final_benchmark_v3_ready_no_turbinestatus,horizon_72,hpo_all_horizons.sh
VAR/hpo/tfb-scada_fault_10min_cleaned_numeric_only/horizon_12/hpo_all_horizons.sh,VAR,hpo,tfb-scada_fault_10min_cleaned_numeric_only,horizon_12,hpo_all_horizons.sh
VAR/hpo/tfb-scada_fault_10min_cleaned_numeric_only/horizon_144/hpo_all_horizons.sh,VAR,hpo,tfb-scada_fault_10min_cleaned_numeric_only,horizon_144,hpo_all_horizons.sh
VAR/hpo/tfb-scada_fault_10min_cleaned_numeric_only/horizon_24/hpo_all_horizons.sh,VAR,hpo,tfb-scada_fault_10min_cleaned_numeric_only,horizon_24,hpo_all_horizons.sh
VAR/hpo/tfb-scada_fault_10min_cleaned_numeric_only/horizon_72/hpo_all_horizons.sh,VAR,hpo,tfb-scada_fault_10min_cleaned_numeric_only,horizon_72,hpo_all_horizons.sh
VAR/hpo/tfb-sdwpf_245days_v1_final_final_cleaned/horizon_12/hpo_all_horizons.sh,VAR,hpo,tfb-sdwpf_245days_v1_final_final_cleaned,horizon_12,hpo_all_horizons.sh
VAR/hpo/tfb-sdwpf_245days_v1_final_final_cleaned/horizon_144/hpo_all_horizons.sh,VAR,hpo,tfb-sdwpf_245days_v1_final_final_cleaned,horizon_144,hpo_all_horizons.sh
VAR/hpo/tfb-sdwpf_245days_v1_final_final_cleaned/horizon_24/hpo_all_horizons.sh,VAR,hpo,tfb-sdwpf_245days_v1_final_final_cleaned,horizon_24,hpo_all_horizons.sh
VAR/hpo/tfb-sdwpf_245days_v1_final_final_cleaned/horizon_72/hpo_all_horizons.sh,VAR,hpo,tfb-sdwpf_245days_v1_final_final_cleaned,horizon_72,hpo_all_horizons.sh
Xlinear/hpo/tfb-Kelmarsh_filtered_wide__MTMV_reduced_3V_Power_(kW)/horizon_12/xlinear.sh,Xlinear,hpo,tfb-Kelmarsh_filtered_wide__MTMV_reduced_3V_Power_(kW),horizon_12,xlinear.sh
Xlinear/hpo/tfb-Kelmarsh_filtered_wide__MTMV_reduced_3V_Power_(kW)/horizon_144/xlinear.sh,Xlinear,hpo,tfb-Kelmarsh_filtered_wide__MTMV_reduced_3V_Power_(kW),horizon_144,xlinear.sh
Xlinear/hpo/tfb-Kelmarsh_filtered_wide__MTMV_reduced_3V_Power_(kW)/horizon_24/xlinear.sh,Xlinear,hpo,tfb-Kelmarsh_filtered_wide__MTMV_reduced_3V_Power_(kW),horizon_24,xlinear.sh
Xlinear/hpo/tfb-Kelmarsh_filtered_wide__MTMV_reduced_3V_Power_(kW)/horizon_72/xlinear.sh,Xlinear,hpo,tfb-Kelmarsh_filtered_wide__MTMV_reduced_3V_Power_(kW),horizon_72,xlinear.sh
Xlinear/hpo/tfb-Penmanshiel_filtered_wide__MTMV_reduced_3V_Power_(kW)__quality_trim_201607_201608_202009_202010/horizon_12/xlinear.sh,Xlinear,hpo,tfb-Penmanshiel_filtered_wide__MTMV_reduced_3V_Power_(kW)__quality_trim_201607_201608_202009_202010,horizon_12,xlinear.sh
Xlinear/hpo/tfb-Penmanshiel_filtered_wide__MTMV_reduced_3V_Power_(kW)__quality_trim_201607_201608_202009_202010/horizon_144/xlinear.sh,Xlinear,hpo,tfb-Penmanshiel_filtered_wide__MTMV_reduced_3V_Power_(kW)__quality_trim_201607_201608_202009_202010,horizon_144,xlinear.sh
Xlinear/hpo/tfb-Penmanshiel_filtered_wide__MTMV_reduced_3V_Power_(kW)__quality_trim_201607_201608_202009_202010/horizon_24/xlinear.sh,Xlinear,hpo,tfb-Penmanshiel_filtered_wide__MTMV_reduced_3V_Power_(kW)__quality_trim_201607_201608_202009_202010,horizon_24,xlinear.sh
Xlinear/hpo/tfb-Penmanshiel_filtered_wide__MTMV_reduced_3V_Power_(kW)__quality_trim_201607_201608_202009_202010/horizon_72/xlinear.sh,Xlinear,hpo,tfb-Penmanshiel_filtered_wide__MTMV_reduced_3V_Power_(kW)__quality_trim_201607_201608_202009_202010,horizon_72,xlinear.sh
Xlinear/hpo/tfb-UEBB_panel_wide_filled__MTMV_reduced_3V_active_power_total/horizon_12/xlinear.sh,Xlinear,hpo,tfb-UEBB_panel_wide_filled__MTMV_reduced_3V_active_power_total,horizon_12,xlinear.sh
Xlinear/hpo/tfb-UEBB_panel_wide_filled__MTMV_reduced_3V_active_power_total/horizon_144/xlinear.sh,Xlinear,hpo,tfb-UEBB_panel_wide_filled__MTMV_reduced_3V_active_power_total,horizon_144,xlinear.sh
Xlinear/hpo/tfb-UEBB_panel_wide_filled__MTMV_reduced_3V_active_power_total/horizon_24/xlinear.sh,Xlinear,hpo,tfb-UEBB_panel_wide_filled__MTMV_reduced_3V_active_power_total,horizon_24,xlinear.sh
Xlinear/hpo/tfb-UEBB_panel_wide_filled__MTMV_reduced_3V_active_power_total/horizon_72/xlinear.sh,Xlinear,hpo,tfb-UEBB_panel_wide_filled__MTMV_reduced_3V_active_power_total,horizon_72,xlinear.sh
Xlinear/hpo/tfb-UEPS_panel_wide_filled__MTMV_reduced_3V_active_power_total/horizon_12/xlinear.sh,Xlinear,hpo,tfb-UEPS_panel_wide_filled__MTMV_reduced_3V_active_power_total,horizon_12,xlinear.sh
Xlinear/hpo/tfb-UEPS_panel_wide_filled__MTMV_reduced_3V_active_power_total/horizon_144/xlinear.sh,Xlinear,hpo,tfb-UEPS_panel_wide_filled__MTMV_reduced_3V_active_power_total,horizon_144,xlinear.sh
Xlinear/hpo/tfb-UEPS_panel_wide_filled__MTMV_reduced_3V_active_power_total/horizon_24/xlinear.sh,Xlinear,hpo,tfb-UEPS_panel_wide_filled__MTMV_reduced_3V_active_power_total,horizon_24,xlinear.sh
Xlinear/hpo/tfb-UEPS_panel_wide_filled__MTMV_reduced_3V_active_power_total/horizon_72/xlinear.sh,Xlinear,hpo,tfb-UEPS_panel_wide_filled__MTMV_reduced_3V_active_power_total,horizon_72,xlinear.sh
Xlinear/hpo/tfb-Wind farm site 1 (Nominal capacity-99MW)_final/horizon_12/xlinear.sh,Xlinear,hpo,tfb-Wind farm site 1 (Nominal capacity-99MW)_final,horizon_12,xlinear.sh
Xlinear/hpo/tfb-Wind farm site 1 (Nominal capacity-99MW)_final/horizon_144/xlinear.sh,Xlinear,hpo,tfb-Wind farm site 1 (Nominal capacity-99MW)_final,horizon_144,xlinear.sh
Xlinear/hpo/tfb-Wind farm site 1 (Nominal capacity-99MW)_final/horizon_24/xlinear.sh,Xlinear,hpo,tfb-Wind farm site 1 (Nominal capacity-99MW)_final,horizon_24,xlinear.sh
Xlinear/hpo/tfb-Wind farm site 1 (Nominal capacity-99MW)_final/horizon_72/xlinear.sh,Xlinear,hpo,tfb-Wind farm site 1 (Nominal capacity-99MW)_final,horizon_72,xlinear.sh
Xlinear/hpo/tfb-Wind farm site 2 (Nominal capacity-200MW)_final/horizon_12/xlinear.sh,Xlinear,hpo,tfb-Wind farm site 2 (Nominal capacity-200MW)_final,horizon_12,xlinear.sh
Xlinear/hpo/tfb-Wind farm site 2 (Nominal capacity-200MW)_final/horizon_144/xlinear.sh,Xlinear,hpo,tfb-Wind farm site 2 (Nominal capacity-200MW)_final,horizon_144,xlinear.sh
Xlinear/hpo/tfb-Wind farm site 2 (Nominal capacity-200MW)_final/horizon_24/xlinear.sh,Xlinear,hpo,tfb-Wind farm site 2 (Nominal capacity-200MW)_final,horizon_24,xlinear.sh
Xlinear/hpo/tfb-Wind farm site 2 (Nominal capacity-200MW)_final/horizon_72/xlinear.sh,Xlinear,hpo,tfb-Wind farm site 2 (Nominal capacity-200MW)_final,horizon_72,xlinear.sh
Xlinear/hpo/tfb-Wind farm site 3 (Nominal capacity-99MW)_final/horizon_12/xlinear.sh,Xlinear,hpo,tfb-Wind farm site 3 (Nominal capacity-99MW)_final,horizon_12,xlinear.sh
Xlinear/hpo/tfb-Wind farm site 3 (Nominal capacity-99MW)_final/horizon_144/xlinear.sh,Xlinear,hpo,tfb-Wind farm site 3 (Nominal capacity-99MW)_final,horizon_144,xlinear.sh
Xlinear/hpo/tfb-Wind farm site 3 (Nominal capacity-99MW)_final/horizon_24/xlinear.sh,Xlinear,hpo,tfb-Wind farm site 3 (Nominal capacity-99MW)_final,horizon_24,xlinear.sh
Xlinear/hpo/tfb-Wind farm site 3 (Nominal capacity-99MW)_final/horizon_72/xlinear.sh,Xlinear,hpo,tfb-Wind farm site 3 (Nominal capacity-99MW)_final,horizon_72,xlinear.sh
Xlinear/hpo/tfb-Wind farm site 4 (Nominal capacity-66MW)_final/horizon_12/xlinear.sh,Xlinear,hpo,tfb-Wind farm site 4 (Nominal capacity-66MW)_final,horizon_12,xlinear.sh
Xlinear/hpo/tfb-Wind farm site 4 (Nominal capacity-66MW)_final/horizon_144/xlinear.sh,Xlinear,hpo,tfb-Wind farm site 4 (Nominal capacity-66MW)_final,horizon_144,xlinear.sh
Xlinear/hpo/tfb-Wind farm site 4 (Nominal capacity-66MW)_final/horizon_24/xlinear.sh,Xlinear,hpo,tfb-Wind farm site 4 (Nominal capacity-66MW)_final,horizon_24,xlinear.sh
Xlinear/hpo/tfb-Wind farm site 4 (Nominal capacity-66MW)_final/horizon_72/xlinear.sh,Xlinear,hpo,tfb-Wind farm site 4 (Nominal capacity-66MW)_final,horizon_72,xlinear.sh
Xlinear/hpo/tfb-Wind farm site 6 (Nominal capacity-96MW)_final/horizon_12/xlinear.sh,Xlinear,hpo,tfb-Wind farm site 6 (Nominal capacity-96MW)_final,horizon_12,xlinear.sh
Xlinear/hpo/tfb-Wind farm site 6 (Nominal capacity-96MW)_final/horizon_144/xlinear.sh,Xlinear,hpo,tfb-Wind farm site 6 (Nominal capacity-96MW)_final,horizon_144,xlinear.sh
Xlinear/hpo/tfb-Wind farm site 6 (Nominal capacity-96MW)_final/horizon_24/xlinear.sh,Xlinear,hpo,tfb-Wind farm site 6 (Nominal capacity-96MW)_final,horizon_24,xlinear.sh
Xlinear/hpo/tfb-Wind farm site 6 (Nominal capacity-96MW)_final/horizon_72/xlinear.sh,Xlinear,hpo,tfb-Wind farm site 6 (Nominal capacity-96MW)_final,horizon_72,xlinear.sh
Xlinear/hpo/tfb-Wind_Farm_A_filtered_wide_long_fixed__1T1V_reduced_1T_1V_windpower/horizon_12/xlinear.sh,Xlinear,hpo,tfb-Wind_Farm_A_filtered_wide_long_fixed__1T1V_reduced_1T_1V_windpower,horizon_12,xlinear.sh
Xlinear/hpo/tfb-Wind_Farm_A_filtered_wide_long_fixed__1T1V_reduced_1T_1V_windpower/horizon_144/xlinear.sh,Xlinear,hpo,tfb-Wind_Farm_A_filtered_wide_long_fixed__1T1V_reduced_1T_1V_windpower,horizon_144,xlinear.sh
Xlinear/hpo/tfb-Wind_Farm_A_filtered_wide_long_fixed__1T1V_reduced_1T_1V_windpower/horizon_24/xlinear.sh,Xlinear,hpo,tfb-Wind_Farm_A_filtered_wide_long_fixed__1T1V_reduced_1T_1V_windpower,horizon_24,xlinear.sh
Xlinear/hpo/tfb-Wind_Farm_A_filtered_wide_long_fixed__1T1V_reduced_1T_1V_windpower/horizon_72/xlinear.sh,Xlinear,hpo,tfb-Wind_Farm_A_filtered_wide_long_fixed__1T1V_reduced_1T_1V_windpower,horizon_72,xlinear.sh
Xlinear/hpo/tfb-Wind_Farm_B_filtered_wide_long_fixed__1T1V_reduced_1T_1V_windpower/horizon_12/xlinear.sh,Xlinear,hpo,tfb-Wind_Farm_B_filtered_wide_long_fixed__1T1V_reduced_1T_1V_windpower,horizon_12,xlinear.sh
Xlinear/hpo/tfb-Wind_Farm_B_filtered_wide_long_fixed__1T1V_reduced_1T_1V_windpower/horizon_144/xlinear.sh,Xlinear,hpo,tfb-Wind_Farm_B_filtered_wide_long_fixed__1T1V_reduced_1T_1V_windpower,horizon_144,xlinear.sh
Xlinear/hpo/tfb-Wind_Farm_B_filtered_wide_long_fixed__1T1V_reduced_1T_1V_windpower/horizon_24/xlinear.sh,Xlinear,hpo,tfb-Wind_Farm_B_filtered_wide_long_fixed__1T1V_reduced_1T_1V_windpower,horizon_24,xlinear.sh
Xlinear/hpo/tfb-Wind_Farm_B_filtered_wide_long_fixed__1T1V_reduced_1T_1V_windpower/horizon_72/xlinear.sh,Xlinear,hpo,tfb-Wind_Farm_B_filtered_wide_long_fixed__1T1V_reduced_1T_1V_windpower,horizon_72,xlinear.sh
Xlinear/hpo/tfb-Wind_Farm_C_filtered_wide_long_fixed__MT1V_reduced_1V_windpower/horizon_12/xlinear.sh,Xlinear,hpo,tfb-Wind_Farm_C_filtered_wide_long_fixed__MT1V_reduced_1V_windpower,horizon_12,xlinear.sh
Xlinear/hpo/tfb-Wind_Farm_C_filtered_wide_long_fixed__MT1V_reduced_1V_windpower/horizon_144/xlinear.sh,Xlinear,hpo,tfb-Wind_Farm_C_filtered_wide_long_fixed__MT1V_reduced_1V_windpower,horizon_144,xlinear.sh
Xlinear/hpo/tfb-Wind_Farm_C_filtered_wide_long_fixed__MT1V_reduced_1V_windpower/horizon_24/xlinear.sh,Xlinear,hpo,tfb-Wind_Farm_C_filtered_wide_long_fixed__MT1V_reduced_1V_windpower,horizon_24,xlinear.sh
Xlinear/hpo/tfb-Wind_Farm_C_filtered_wide_long_fixed__MT1V_reduced_1V_windpower/horizon_72/xlinear.sh,Xlinear,hpo,tfb-Wind_Farm_C_filtered_wide_long_fixed__MT1V_reduced_1V_windpower,horizon_72,xlinear.sh
Xlinear/hpo/tfb-Yalova_final_ready/horizon_12/xlinear.sh,Xlinear,hpo,tfb-Yalova_final_ready,horizon_12,xlinear.sh
Xlinear/hpo/tfb-Yalova_final_ready/horizon_144/xlinear.sh,Xlinear,hpo,tfb-Yalova_final_ready,horizon_144,xlinear.sh
Xlinear/hpo/tfb-Yalova_final_ready/horizon_24/xlinear.sh,Xlinear,hpo,tfb-Yalova_final_ready,horizon_24,xlinear.sh
Xlinear/hpo/tfb-Yalova_final_ready/horizon_72/xlinear.sh,Xlinear,hpo,tfb-Yalova_final_ready,horizon_72,xlinear.sh
Xlinear/hpo/tfb-aemo/horizon_12/xlinear.sh,Xlinear,hpo,tfb-aemo,horizon_12,xlinear.sh
Xlinear/hpo/tfb-aemo/horizon_144/xlinear.sh,Xlinear,hpo,tfb-aemo,horizon_144,xlinear.sh
Xlinear/hpo/tfb-aemo/horizon_24/xlinear.sh,Xlinear,hpo,tfb-aemo,horizon_24,xlinear.sh
Xlinear/hpo/tfb-aemo/horizon_72/xlinear.sh,Xlinear,hpo,tfb-aemo,horizon_72,xlinear.sh
Xlinear/hpo/tfb-chalmers_merged_processed_data_fixed_combined__1T1V_reduced_1min_1T_1V_power/horizon_12/xlinear.sh,Xlinear,hpo,tfb-chalmers_merged_processed_data_fixed_combined__1T1V_reduced_1min_1T_1V_power,horizon_12,xlinear.sh
Xlinear/hpo/tfb-chalmers_merged_processed_data_fixed_combined__1T1V_reduced_1min_1T_1V_power/horizon_144/xlinear.sh,Xlinear,hpo,tfb-chalmers_merged_processed_data_fixed_combined__1T1V_reduced_1min_1T_1V_power,horizon_144,xlinear.sh
Xlinear/hpo/tfb-chalmers_merged_processed_data_fixed_combined__1T1V_reduced_1min_1T_1V_power/horizon_24/xlinear.sh,Xlinear,hpo,tfb-chalmers_merged_processed_data_fixed_combined__1T1V_reduced_1min_1T_1V_power,horizon_24,xlinear.sh
Xlinear/hpo/tfb-chalmers_merged_processed_data_fixed_combined__1T1V_reduced_1min_1T_1V_power/horizon_72/xlinear.sh,Xlinear,hpo,tfb-chalmers_merged_processed_data_fixed_combined__1T1V_reduced_1min_1T_1V_power,horizon_72,xlinear.sh
Xlinear/hpo/tfb-gefcom2012/horizon_12/xlinear.sh,Xlinear,hpo,tfb-gefcom2012,horizon_12,xlinear.sh
Xlinear/hpo/tfb-gefcom2012/horizon_144/xlinear.sh,Xlinear,hpo,tfb-gefcom2012,horizon_144,xlinear.sh
Xlinear/hpo/tfb-gefcom2012/horizon_24/xlinear.sh,Xlinear,hpo,tfb-gefcom2012,horizon_24,xlinear.sh
Xlinear/hpo/tfb-gefcom2012/horizon_72/xlinear.sh,Xlinear,hpo,tfb-gefcom2012,horizon_72,xlinear.sh
Xlinear/hpo/tfb-gefcom2014/horizon_12/xlinear.sh,Xlinear,hpo,tfb-gefcom2014,horizon_12,xlinear.sh
Xlinear/hpo/tfb-gefcom2014/horizon_144/xlinear.sh,Xlinear,hpo,tfb-gefcom2014,horizon_144,xlinear.sh
Xlinear/hpo/tfb-gefcom2014/horizon_24/xlinear.sh,Xlinear,hpo,tfb-gefcom2014,horizon_24,xlinear.sh
Xlinear/hpo/tfb-gefcom2014/horizon_72/xlinear.sh,Xlinear,hpo,tfb-gefcom2014,horizon_72,xlinear.sh
Xlinear/hpo/tfb-kaggle1_final_benchmark_v3_ready_no_turbinestatus/horizon_12/xlinear.sh,Xlinear,hpo,tfb-kaggle1_final_benchmark_v3_ready_no_turbinestatus,horizon_12,xlinear.sh
Xlinear/hpo/tfb-kaggle1_final_benchmark_v3_ready_no_turbinestatus/horizon_144/xlinear.sh,Xlinear,hpo,tfb-kaggle1_final_benchmark_v3_ready_no_turbinestatus,horizon_144,xlinear.sh
Xlinear/hpo/tfb-kaggle1_final_benchmark_v3_ready_no_turbinestatus/horizon_24/xlinear.sh,Xlinear,hpo,tfb-kaggle1_final_benchmark_v3_ready_no_turbinestatus,horizon_24,xlinear.sh
Xlinear/hpo/tfb-kaggle1_final_benchmark_v3_ready_no_turbinestatus/horizon_72/xlinear.sh,Xlinear,hpo,tfb-kaggle1_final_benchmark_v3_ready_no_turbinestatus,horizon_72,xlinear.sh
Xlinear/hpo/tfb-maelstrom_turbine_1_univariate/horizon_12/xlinear.sh,Xlinear,hpo,tfb-maelstrom_turbine_1_univariate,horizon_12,xlinear.sh
Xlinear/hpo/tfb-maelstrom_turbine_1_univariate/horizon_144/xlinear.sh,Xlinear,hpo,tfb-maelstrom_turbine_1_univariate,horizon_144,xlinear.sh
Xlinear/hpo/tfb-maelstrom_turbine_1_univariate/horizon_24/xlinear.sh,Xlinear,hpo,tfb-maelstrom_turbine_1_univariate,horizon_24,xlinear.sh
Xlinear/hpo/tfb-maelstrom_turbine_1_univariate/horizon_72/xlinear.sh,Xlinear,hpo,tfb-maelstrom_turbine_1_univariate,horizon_72,xlinear.sh
Xlinear/hpo/tfb-maelstrom_turbine_2_univariate/horizon_12/xlinear.sh,Xlinear,hpo,tfb-maelstrom_turbine_2_univariate,horizon_12,xlinear.sh
Xlinear/hpo/tfb-maelstrom_turbine_2_univariate/horizon_144/xlinear.sh,Xlinear,hpo,tfb-maelstrom_turbine_2_univariate,horizon_144,xlinear.sh
Xlinear/hpo/tfb-maelstrom_turbine_2_univariate/horizon_24/xlinear.sh,Xlinear,hpo,tfb-maelstrom_turbine_2_univariate,horizon_24,xlinear.sh
Xlinear/hpo/tfb-maelstrom_turbine_2_univariate/horizon_72/xlinear.sh,Xlinear,hpo,tfb-maelstrom_turbine_2_univariate,horizon_72,xlinear.sh
Xlinear/hpo/tfb-maelstrom_turbine_3_univariate/horizon_12/xlinear.sh,Xlinear,hpo,tfb-maelstrom_turbine_3_univariate,horizon_12,xlinear.sh
Xlinear/hpo/tfb-maelstrom_turbine_3_univariate/horizon_144/xlinear.sh,Xlinear,hpo,tfb-maelstrom_turbine_3_univariate,horizon_144,xlinear.sh
Xlinear/hpo/tfb-maelstrom_turbine_3_univariate/horizon_24/xlinear.sh,Xlinear,hpo,tfb-maelstrom_turbine_3_univariate,horizon_24,xlinear.sh
Xlinear/hpo/tfb-maelstrom_turbine_3_univariate/horizon_72/xlinear.sh,Xlinear,hpo,tfb-maelstrom_turbine_3_univariate,horizon_72,xlinear.sh
Xlinear/hpo/tfb-maelstrom_turbine_4_univariate/horizon_12/xlinear.sh,Xlinear,hpo,tfb-maelstrom_turbine_4_univariate,horizon_12,xlinear.sh
Xlinear/hpo/tfb-maelstrom_turbine_4_univariate/horizon_144/xlinear.sh,Xlinear,hpo,tfb-maelstrom_turbine_4_univariate,horizon_144,xlinear.sh
Xlinear/hpo/tfb-maelstrom_turbine_4_univariate/horizon_24/xlinear.sh,Xlinear,hpo,tfb-maelstrom_turbine_4_univariate,horizon_24,xlinear.sh
Xlinear/hpo/tfb-maelstrom_turbine_4_univariate/horizon_72/xlinear.sh,Xlinear,hpo,tfb-maelstrom_turbine_4_univariate,horizon_72,xlinear.sh
Xlinear/hpo/tfb-re_europe_wind_signal_COSMO_long_no_null__MT1V_reduced_38T_1V_power/horizon_12/hpo_all_horizons.sh,Xlinear,hpo,tfb-re_europe_wind_signal_COSMO_long_no_null__MT1V_reduced_38T_1V_power,horizon_12,hpo_all_horizons.sh
Xlinear/hpo/tfb-re_europe_wind_signal_COSMO_long_no_null__MT1V_reduced_38T_1V_power/horizon_12/xlinear__server_a_day00_20260519_122429.sh,Xlinear,hpo,tfb-re_europe_wind_signal_COSMO_long_no_null__MT1V_reduced_38T_1V_power,horizon_12,xlinear__server_a_day00_20260519_122429.sh
Xlinear/hpo/tfb-re_europe_wind_signal_COSMO_long_no_null__MT1V_reduced_38T_1V_power/horizon_12/xlinear__server_a_day00_20260519_170534.sh,Xlinear,hpo,tfb-re_europe_wind_signal_COSMO_long_no_null__MT1V_reduced_38T_1V_power,horizon_12,xlinear__server_a_day00_20260519_170534.sh
Xlinear/hpo/tfb-re_europe_wind_signal_COSMO_long_no_null__MT1V_reduced_38T_1V_power/horizon_144/hpo_all_horizons.sh,Xlinear,hpo,tfb-re_europe_wind_signal_COSMO_long_no_null__MT1V_reduced_38T_1V_power,horizon_144,hpo_all_horizons.sh
Xlinear/hpo/tfb-re_europe_wind_signal_COSMO_long_no_null__MT1V_reduced_38T_1V_power/horizon_144/xlinear__server_a_day00_20260519_122429.sh,Xlinear,hpo,tfb-re_europe_wind_signal_COSMO_long_no_null__MT1V_reduced_38T_1V_power,horizon_144,xlinear__server_a_day00_20260519_122429.sh
Xlinear/hpo/tfb-re_europe_wind_signal_COSMO_long_no_null__MT1V_reduced_38T_1V_power/horizon_144/xlinear__server_a_day00_20260519_170534.sh,Xlinear,hpo,tfb-re_europe_wind_signal_COSMO_long_no_null__MT1V_reduced_38T_1V_power,horizon_144,xlinear__server_a_day00_20260519_170534.sh
Xlinear/hpo/tfb-re_europe_wind_signal_COSMO_long_no_null__MT1V_reduced_38T_1V_power/horizon_24/hpo_all_horizons.sh,Xlinear,hpo,tfb-re_europe_wind_signal_COSMO_long_no_null__MT1V_reduced_38T_1V_power,horizon_24,hpo_all_horizons.sh
Xlinear/hpo/tfb-re_europe_wind_signal_COSMO_long_no_null__MT1V_reduced_38T_1V_power/horizon_24/xlinear__server_a_day00_20260519_122429.sh,Xlinear,hpo,tfb-re_europe_wind_signal_COSMO_long_no_null__MT1V_reduced_38T_1V_power,horizon_24,xlinear__server_a_day00_20260519_122429.sh
Xlinear/hpo/tfb-re_europe_wind_signal_COSMO_long_no_null__MT1V_reduced_38T_1V_power/horizon_24/xlinear__server_a_day00_20260519_170534.sh,Xlinear,hpo,tfb-re_europe_wind_signal_COSMO_long_no_null__MT1V_reduced_38T_1V_power,horizon_24,xlinear__server_a_day00_20260519_170534.sh
Xlinear/hpo/tfb-re_europe_wind_signal_COSMO_long_no_null__MT1V_reduced_38T_1V_power/horizon_72/hpo_all_horizons.sh,Xlinear,hpo,tfb-re_europe_wind_signal_COSMO_long_no_null__MT1V_reduced_38T_1V_power,horizon_72,hpo_all_horizons.sh
Xlinear/hpo/tfb-re_europe_wind_signal_COSMO_long_no_null__MT1V_reduced_38T_1V_power/horizon_72/xlinear__server_a_day00_20260519_122429.sh,Xlinear,hpo,tfb-re_europe_wind_signal_COSMO_long_no_null__MT1V_reduced_38T_1V_power,horizon_72,xlinear__server_a_day00_20260519_122429.sh
Xlinear/hpo/tfb-re_europe_wind_signal_COSMO_long_no_null__MT1V_reduced_38T_1V_power/horizon_72/xlinear__server_a_day00_20260519_170534.sh,Xlinear,hpo,tfb-re_europe_wind_signal_COSMO_long_no_null__MT1V_reduced_38T_1V_power,horizon_72,xlinear__server_a_day00_20260519_170534.sh
Xlinear/hpo/tfb-re_europe_wind_signal_ECMWF_long_no_null__MT1V_reduced_38T_1V_power/horizon_12/hpo_all_horizons.sh,Xlinear,hpo,tfb-re_europe_wind_signal_ECMWF_long_no_null__MT1V_reduced_38T_1V_power,horizon_12,hpo_all_horizons.sh
Xlinear/hpo/tfb-re_europe_wind_signal_ECMWF_long_no_null__MT1V_reduced_38T_1V_power/horizon_12/xlinear__server_a_day00_20260519_122429.sh,Xlinear,hpo,tfb-re_europe_wind_signal_ECMWF_long_no_null__MT1V_reduced_38T_1V_power,horizon_12,xlinear__server_a_day00_20260519_122429.sh
Xlinear/hpo/tfb-re_europe_wind_signal_ECMWF_long_no_null__MT1V_reduced_38T_1V_power/horizon_12/xlinear__server_a_day00_20260519_170534.sh,Xlinear,hpo,tfb-re_europe_wind_signal_ECMWF_long_no_null__MT1V_reduced_38T_1V_power,horizon_12,xlinear__server_a_day00_20260519_170534.sh
Xlinear/hpo/tfb-re_europe_wind_signal_ECMWF_long_no_null__MT1V_reduced_38T_1V_power/horizon_144/hpo_all_horizons.sh,Xlinear,hpo,tfb-re_europe_wind_signal_ECMWF_long_no_null__MT1V_reduced_38T_1V_power,horizon_144,hpo_all_horizons.sh
Xlinear/hpo/tfb-re_europe_wind_signal_ECMWF_long_no_null__MT1V_reduced_38T_1V_power/horizon_144/xlinear__server_a_day00_20260519_122429.sh,Xlinear,hpo,tfb-re_europe_wind_signal_ECMWF_long_no_null__MT1V_reduced_38T_1V_power,horizon_144,xlinear__server_a_day00_20260519_122429.sh
Xlinear/hpo/tfb-re_europe_wind_signal_ECMWF_long_no_null__MT1V_reduced_38T_1V_power/horizon_144/xlinear__server_a_day00_20260519_170534.sh,Xlinear,hpo,tfb-re_europe_wind_signal_ECMWF_long_no_null__MT1V_reduced_38T_1V_power,horizon_144,xlinear__server_a_day00_20260519_170534.sh
Xlinear/hpo/tfb-re_europe_wind_signal_ECMWF_long_no_null__MT1V_reduced_38T_1V_power/horizon_24/hpo_all_horizons.sh,Xlinear,hpo,tfb-re_europe_wind_signal_ECMWF_long_no_null__MT1V_reduced_38T_1V_power,horizon_24,hpo_all_horizons.sh
Xlinear/hpo/tfb-re_europe_wind_signal_ECMWF_long_no_null__MT1V_reduced_38T_1V_power/horizon_24/xlinear__server_a_day00_20260519_122429.sh,Xlinear,hpo,tfb-re_europe_wind_signal_ECMWF_long_no_null__MT1V_reduced_38T_1V_power,horizon_24,xlinear__server_a_day00_20260519_122429.sh
Xlinear/hpo/tfb-re_europe_wind_signal_ECMWF_long_no_null__MT1V_reduced_38T_1V_power/horizon_24/xlinear__server_a_day00_20260519_170534.sh,Xlinear,hpo,tfb-re_europe_wind_signal_ECMWF_long_no_null__MT1V_reduced_38T_1V_power,horizon_24,xlinear__server_a_day00_20260519_170534.sh
Xlinear/hpo/tfb-re_europe_wind_signal_ECMWF_long_no_null__MT1V_reduced_38T_1V_power/horizon_72/hpo_all_horizons.sh,Xlinear,hpo,tfb-re_europe_wind_signal_ECMWF_long_no_null__MT1V_reduced_38T_1V_power,horizon_72,hpo_all_horizons.sh
Xlinear/hpo/tfb-re_europe_wind_signal_ECMWF_long_no_null__MT1V_reduced_38T_1V_power/horizon_72/xlinear__server_a_day00_20260519_122429.sh,Xlinear,hpo,tfb-re_europe_wind_signal_ECMWF_long_no_null__MT1V_reduced_38T_1V_power,horizon_72,xlinear__server_a_day00_20260519_122429.sh
Xlinear/hpo/tfb-re_europe_wind_signal_ECMWF_long_no_null__MT1V_reduced_38T_1V_power/horizon_72/xlinear__server_a_day00_20260519_170534.sh,Xlinear,hpo,tfb-re_europe_wind_signal_ECMWF_long_no_null__MT1V_reduced_38T_1V_power,horizon_72,xlinear__server_a_day00_20260519_170534.sh
Xlinear/hpo/tfb-scada_fault_10min_cleaned_numeric_only/horizon_12/xlinear.sh,Xlinear,hpo,tfb-scada_fault_10min_cleaned_numeric_only,horizon_12,xlinear.sh
Xlinear/hpo/tfb-scada_fault_10min_cleaned_numeric_only/horizon_144/xlinear.sh,Xlinear,hpo,tfb-scada_fault_10min_cleaned_numeric_only,horizon_144,xlinear.sh
Xlinear/hpo/tfb-scada_fault_10min_cleaned_numeric_only/horizon_24/xlinear.sh,Xlinear,hpo,tfb-scada_fault_10min_cleaned_numeric_only,horizon_24,xlinear.sh
Xlinear/hpo/tfb-scada_fault_10min_cleaned_numeric_only/horizon_72/xlinear.sh,Xlinear,hpo,tfb-scada_fault_10min_cleaned_numeric_only,horizon_72,xlinear.sh
Xlinear/hpo/tfb-sdwpf_245days_v1_final_final_cleaned/horizon_12/xlinear.sh,Xlinear,hpo,tfb-sdwpf_245days_v1_final_final_cleaned,horizon_12,xlinear.sh
Xlinear/hpo/tfb-sdwpf_245days_v1_final_final_cleaned/horizon_144/xlinear.sh,Xlinear,hpo,tfb-sdwpf_245days_v1_final_final_cleaned,horizon_144,xlinear.sh
Xlinear/hpo/tfb-sdwpf_245days_v1_final_final_cleaned/horizon_24/xlinear.sh,Xlinear,hpo,tfb-sdwpf_245days_v1_final_final_cleaned,horizon_24,xlinear.sh
Xlinear/hpo/tfb-sdwpf_245days_v1_final_final_cleaned/horizon_72/xlinear.sh,Xlinear,hpo,tfb-sdwpf_245days_v1_final_final_cleaned,horizon_72,xlinear.sh
bigst.sh,,,,,bigst.sh
iTransformer/hpo/tfb-Kelmarsh_filtered_wide__MTMV_reduced_3V_Power_(kW)/horizon_12/itransformer.sh,iTransformer,hpo,tfb-Kelmarsh_filtered_wide__MTMV_reduced_3V_Power_(kW),horizon_12,itransformer.sh
iTransformer/hpo/tfb-Kelmarsh_filtered_wide__MTMV_reduced_3V_Power_(kW)/horizon_144/itransformer.sh,iTransformer,hpo,tfb-Kelmarsh_filtered_wide__MTMV_reduced_3V_Power_(kW),horizon_144,itransformer.sh
iTransformer/hpo/tfb-Kelmarsh_filtered_wide__MTMV_reduced_3V_Power_(kW)/horizon_24/itransformer.sh,iTransformer,hpo,tfb-Kelmarsh_filtered_wide__MTMV_reduced_3V_Power_(kW),horizon_24,itransformer.sh
iTransformer/hpo/tfb-Kelmarsh_filtered_wide__MTMV_reduced_3V_Power_(kW)/horizon_72/itransformer.sh,iTransformer,hpo,tfb-Kelmarsh_filtered_wide__MTMV_reduced_3V_Power_(kW),horizon_72,itransformer.sh
iTransformer/hpo/tfb-Penmanshiel_filtered_wide__MTMV_reduced_3V_Power_(kW)__quality_trim_201607_201608_202009_202010/horizon_12/itransformer.sh,iTransformer,hpo,tfb-Penmanshiel_filtered_wide__MTMV_reduced_3V_Power_(kW)__quality_trim_201607_201608_202009_202010,horizon_12,itransformer.sh
iTransformer/hpo/tfb-Penmanshiel_filtered_wide__MTMV_reduced_3V_Power_(kW)__quality_trim_201607_201608_202009_202010/horizon_144/itransformer.sh,iTransformer,hpo,tfb-Penmanshiel_filtered_wide__MTMV_reduced_3V_Power_(kW)__quality_trim_201607_201608_202009_202010,horizon_144,itransformer.sh
iTransformer/hpo/tfb-Penmanshiel_filtered_wide__MTMV_reduced_3V_Power_(kW)__quality_trim_201607_201608_202009_202010/horizon_24/itransformer.sh,iTransformer,hpo,tfb-Penmanshiel_filtered_wide__MTMV_reduced_3V_Power_(kW)__quality_trim_201607_201608_202009_202010,horizon_24,itransformer.sh
iTransformer/hpo/tfb-Penmanshiel_filtered_wide__MTMV_reduced_3V_Power_(kW)__quality_trim_201607_201608_202009_202010/horizon_72/itransformer.sh,iTransformer,hpo,tfb-Penmanshiel_filtered_wide__MTMV_reduced_3V_Power_(kW)__quality_trim_201607_201608_202009_202010,horizon_72,itransformer.sh
iTransformer/hpo/tfb-UEBB_panel_wide_filled__MTMV_reduced_3V_active_power_total/horizon_12/itransformer.sh,iTransformer,hpo,tfb-UEBB_panel_wide_filled__MTMV_reduced_3V_active_power_total,horizon_12,itransformer.sh
iTransformer/hpo/tfb-UEBB_panel_wide_filled__MTMV_reduced_3V_active_power_total/horizon_144/itransformer.sh,iTransformer,hpo,tfb-UEBB_panel_wide_filled__MTMV_reduced_3V_active_power_total,horizon_144,itransformer.sh
iTransformer/hpo/tfb-UEBB_panel_wide_filled__MTMV_reduced_3V_active_power_total/horizon_24/itransformer.sh,iTransformer,hpo,tfb-UEBB_panel_wide_filled__MTMV_reduced_3V_active_power_total,horizon_24,itransformer.sh
iTransformer/hpo/tfb-UEBB_panel_wide_filled__MTMV_reduced_3V_active_power_total/horizon_72/itransformer.sh,iTransformer,hpo,tfb-UEBB_panel_wide_filled__MTMV_reduced_3V_active_power_total,horizon_72,itransformer.sh
iTransformer/hpo/tfb-UEPS_panel_wide_filled__MTMV_reduced_3V_active_power_total/horizon_12/itransformer.sh,iTransformer,hpo,tfb-UEPS_panel_wide_filled__MTMV_reduced_3V_active_power_total,horizon_12,itransformer.sh
iTransformer/hpo/tfb-UEPS_panel_wide_filled__MTMV_reduced_3V_active_power_total/horizon_144/itransformer.sh,iTransformer,hpo,tfb-UEPS_panel_wide_filled__MTMV_reduced_3V_active_power_total,horizon_144,itransformer.sh
iTransformer/hpo/tfb-UEPS_panel_wide_filled__MTMV_reduced_3V_active_power_total/horizon_24/itransformer.sh,iTransformer,hpo,tfb-UEPS_panel_wide_filled__MTMV_reduced_3V_active_power_total,horizon_24,itransformer.sh
iTransformer/hpo/tfb-UEPS_panel_wide_filled__MTMV_reduced_3V_active_power_total/horizon_72/itransformer.sh,iTransformer,hpo,tfb-UEPS_panel_wide_filled__MTMV_reduced_3V_active_power_total,horizon_72,itransformer.sh
iTransformer/hpo/tfb-Wind farm site 1 (Nominal capacity-99MW)_final/horizon_12/itransformer.sh,iTransformer,hpo,tfb-Wind farm site 1 (Nominal capacity-99MW)_final,horizon_12,itransformer.sh
iTransformer/hpo/tfb-Wind farm site 1 (Nominal capacity-99MW)_final/horizon_144/itransformer.sh,iTransformer,hpo,tfb-Wind farm site 1 (Nominal capacity-99MW)_final,horizon_144,itransformer.sh
iTransformer/hpo/tfb-Wind farm site 1 (Nominal capacity-99MW)_final/horizon_24/itransformer.sh,iTransformer,hpo,tfb-Wind farm site 1 (Nominal capacity-99MW)_final,horizon_24,itransformer.sh
iTransformer/hpo/tfb-Wind farm site 1 (Nominal capacity-99MW)_final/horizon_72/itransformer.sh,iTransformer,hpo,tfb-Wind farm site 1 (Nominal capacity-99MW)_final,horizon_72,itransformer.sh
iTransformer/hpo/tfb-Wind farm site 2 (Nominal capacity-200MW)_final/horizon_12/itransformer.sh,iTransformer,hpo,tfb-Wind farm site 2 (Nominal capacity-200MW)_final,horizon_12,itransformer.sh
iTransformer/hpo/tfb-Wind farm site 2 (Nominal capacity-200MW)_final/horizon_144/itransformer.sh,iTransformer,hpo,tfb-Wind farm site 2 (Nominal capacity-200MW)_final,horizon_144,itransformer.sh
iTransformer/hpo/tfb-Wind farm site 2 (Nominal capacity-200MW)_final/horizon_24/itransformer.sh,iTransformer,hpo,tfb-Wind farm site 2 (Nominal capacity-200MW)_final,horizon_24,itransformer.sh
iTransformer/hpo/tfb-Wind farm site 2 (Nominal capacity-200MW)_final/horizon_72/itransformer.sh,iTransformer,hpo,tfb-Wind farm site 2 (Nominal capacity-200MW)_final,horizon_72,itransformer.sh
iTransformer/hpo/tfb-Wind farm site 3 (Nominal capacity-99MW)_final/horizon_12/itransformer.sh,iTransformer,hpo,tfb-Wind farm site 3 (Nominal capacity-99MW)_final,horizon_12,itransformer.sh
iTransformer/hpo/tfb-Wind farm site 3 (Nominal capacity-99MW)_final/horizon_144/itransformer.sh,iTransformer,hpo,tfb-Wind farm site 3 (Nominal capacity-99MW)_final,horizon_144,itransformer.sh
iTransformer/hpo/tfb-Wind farm site 3 (Nominal capacity-99MW)_final/horizon_24/itransformer.sh,iTransformer,hpo,tfb-Wind farm site 3 (Nominal capacity-99MW)_final,horizon_24,itransformer.sh
iTransformer/hpo/tfb-Wind farm site 3 (Nominal capacity-99MW)_final/horizon_72/itransformer.sh,iTransformer,hpo,tfb-Wind farm site 3 (Nominal capacity-99MW)_final,horizon_72,itransformer.sh
iTransformer/hpo/tfb-Wind farm site 4 (Nominal capacity-66MW)_final/horizon_12/itransformer.sh,iTransformer,hpo,tfb-Wind farm site 4 (Nominal capacity-66MW)_final,horizon_12,itransformer.sh
iTransformer/hpo/tfb-Wind farm site 4 (Nominal capacity-66MW)_final/horizon_144/itransformer.sh,iTransformer,hpo,tfb-Wind farm site 4 (Nominal capacity-66MW)_final,horizon_144,itransformer.sh
iTransformer/hpo/tfb-Wind farm site 4 (Nominal capacity-66MW)_final/horizon_24/itransformer.sh,iTransformer,hpo,tfb-Wind farm site 4 (Nominal capacity-66MW)_final,horizon_24,itransformer.sh
iTransformer/hpo/tfb-Wind farm site 4 (Nominal capacity-66MW)_final/horizon_72/itransformer.sh,iTransformer,hpo,tfb-Wind farm site 4 (Nominal capacity-66MW)_final,horizon_72,itransformer.sh
iTransformer/hpo/tfb-Wind farm site 6 (Nominal capacity-96MW)_final/horizon_12/itransformer.sh,iTransformer,hpo,tfb-Wind farm site 6 (Nominal capacity-96MW)_final,horizon_12,itransformer.sh
iTransformer/hpo/tfb-Wind farm site 6 (Nominal capacity-96MW)_final/horizon_144/itransformer.sh,iTransformer,hpo,tfb-Wind farm site 6 (Nominal capacity-96MW)_final,horizon_144,itransformer.sh
iTransformer/hpo/tfb-Wind farm site 6 (Nominal capacity-96MW)_final/horizon_24/itransformer.sh,iTransformer,hpo,tfb-Wind farm site 6 (Nominal capacity-96MW)_final,horizon_24,itransformer.sh
iTransformer/hpo/tfb-Wind farm site 6 (Nominal capacity-96MW)_final/horizon_72/itransformer.sh,iTransformer,hpo,tfb-Wind farm site 6 (Nominal capacity-96MW)_final,horizon_72,itransformer.sh
iTransformer/hpo/tfb-Wind_Farm_A_filtered_wide_long_fixed__1T1V_reduced_1T_1V_windpower/horizon_12/itransformer.sh,iTransformer,hpo,tfb-Wind_Farm_A_filtered_wide_long_fixed__1T1V_reduced_1T_1V_windpower,horizon_12,itransformer.sh
iTransformer/hpo/tfb-Wind_Farm_A_filtered_wide_long_fixed__1T1V_reduced_1T_1V_windpower/horizon_144/itransformer.sh,iTransformer,hpo,tfb-Wind_Farm_A_filtered_wide_long_fixed__1T1V_reduced_1T_1V_windpower,horizon_144,itransformer.sh
iTransformer/hpo/tfb-Wind_Farm_A_filtered_wide_long_fixed__1T1V_reduced_1T_1V_windpower/horizon_24/itransformer.sh,iTransformer,hpo,tfb-Wind_Farm_A_filtered_wide_long_fixed__1T1V_reduced_1T_1V_windpower,horizon_24,itransformer.sh
iTransformer/hpo/tfb-Wind_Farm_A_filtered_wide_long_fixed__1T1V_reduced_1T_1V_windpower/horizon_72/itransformer.sh,iTransformer,hpo,tfb-Wind_Farm_A_filtered_wide_long_fixed__1T1V_reduced_1T_1V_windpower,horizon_72,itransformer.sh
iTransformer/hpo/tfb-Wind_Farm_B_filtered_wide_long_fixed__1T1V_reduced_1T_1V_windpower/horizon_12/itransformer.sh,iTransformer,hpo,tfb-Wind_Farm_B_filtered_wide_long_fixed__1T1V_reduced_1T_1V_windpower,horizon_12,itransformer.sh
iTransformer/hpo/tfb-Wind_Farm_B_filtered_wide_long_fixed__1T1V_reduced_1T_1V_windpower/horizon_144/itransformer.sh,iTransformer,hpo,tfb-Wind_Farm_B_filtered_wide_long_fixed__1T1V_reduced_1T_1V_windpower,horizon_144,itransformer.sh
iTransformer/hpo/tfb-Wind_Farm_B_filtered_wide_long_fixed__1T1V_reduced_1T_1V_windpower/horizon_24/itransformer.sh,iTransformer,hpo,tfb-Wind_Farm_B_filtered_wide_long_fixed__1T1V_reduced_1T_1V_windpower,horizon_24,itransformer.sh
iTransformer/hpo/tfb-Wind_Farm_B_filtered_wide_long_fixed__1T1V_reduced_1T_1V_windpower/horizon_72/itransformer.sh,iTransformer,hpo,tfb-Wind_Farm_B_filtered_wide_long_fixed__1T1V_reduced_1T_1V_windpower,horizon_72,itransformer.sh
iTransformer/hpo/tfb-Wind_Farm_C_filtered_wide_long_fixed__MT1V_reduced_1V_windpower/horizon_12/itransformer.sh,iTransformer,hpo,tfb-Wind_Farm_C_filtered_wide_long_fixed__MT1V_reduced_1V_windpower,horizon_12,itransformer.sh
iTransformer/hpo/tfb-Wind_Farm_C_filtered_wide_long_fixed__MT1V_reduced_1V_windpower/horizon_144/itransformer.sh,iTransformer,hpo,tfb-Wind_Farm_C_filtered_wide_long_fixed__MT1V_reduced_1V_windpower,horizon_144,itransformer.sh
iTransformer/hpo/tfb-Wind_Farm_C_filtered_wide_long_fixed__MT1V_reduced_1V_windpower/horizon_24/itransformer.sh,iTransformer,hpo,tfb-Wind_Farm_C_filtered_wide_long_fixed__MT1V_reduced_1V_windpower,horizon_24,itransformer.sh
iTransformer/hpo/tfb-Wind_Farm_C_filtered_wide_long_fixed__MT1V_reduced_1V_windpower/horizon_72/itransformer.sh,iTransformer,hpo,tfb-Wind_Farm_C_filtered_wide_long_fixed__MT1V_reduced_1V_windpower,horizon_72,itransformer.sh
iTransformer/hpo/tfb-Yalova_final_ready/horizon_12/itransformer.sh,iTransformer,hpo,tfb-Yalova_final_ready,horizon_12,itransformer.sh
iTransformer/hpo/tfb-Yalova_final_ready/horizon_144/itransformer.sh,iTransformer,hpo,tfb-Yalova_final_ready,horizon_144,itransformer.sh
iTransformer/hpo/tfb-Yalova_final_ready/horizon_24/itransformer.sh,iTransformer,hpo,tfb-Yalova_final_ready,horizon_24,itransformer.sh
iTransformer/hpo/tfb-Yalova_final_ready/horizon_72/itransformer.sh,iTransformer,hpo,tfb-Yalova_final_ready,horizon_72,itransformer.sh
iTransformer/hpo/tfb-aemo/horizon_12/itransformer.sh,iTransformer,hpo,tfb-aemo,horizon_12,itransformer.sh
iTransformer/hpo/tfb-aemo/horizon_144/itransformer.sh,iTransformer,hpo,tfb-aemo,horizon_144,itransformer.sh
iTransformer/hpo/tfb-aemo/horizon_24/itransformer.sh,iTransformer,hpo,tfb-aemo,horizon_24,itransformer.sh
iTransformer/hpo/tfb-aemo/horizon_72/itransformer.sh,iTransformer,hpo,tfb-aemo,horizon_72,itransformer.sh
iTransformer/hpo/tfb-chalmers_merged_processed_data_fixed_combined__1T1V_reduced_1min_1T_1V_power/horizon_12/itransformer.sh,iTransformer,hpo,tfb-chalmers_merged_processed_data_fixed_combined__1T1V_reduced_1min_1T_1V_power,horizon_12,itransformer.sh
iTransformer/hpo/tfb-chalmers_merged_processed_data_fixed_combined__1T1V_reduced_1min_1T_1V_power/horizon_144/itransformer.sh,iTransformer,hpo,tfb-chalmers_merged_processed_data_fixed_combined__1T1V_reduced_1min_1T_1V_power,horizon_144,itransformer.sh
iTransformer/hpo/tfb-chalmers_merged_processed_data_fixed_combined__1T1V_reduced_1min_1T_1V_power/horizon_24/itransformer.sh,iTransformer,hpo,tfb-chalmers_merged_processed_data_fixed_combined__1T1V_reduced_1min_1T_1V_power,horizon_24,itransformer.sh
iTransformer/hpo/tfb-chalmers_merged_processed_data_fixed_combined__1T1V_reduced_1min_1T_1V_power/horizon_72/itransformer.sh,iTransformer,hpo,tfb-chalmers_merged_processed_data_fixed_combined__1T1V_reduced_1min_1T_1V_power,horizon_72,itransformer.sh
iTransformer/hpo/tfb-gefcom2012/horizon_12/itransformer.sh,iTransformer,hpo,tfb-gefcom2012,horizon_12,itransformer.sh
iTransformer/hpo/tfb-gefcom2012/horizon_144/itransformer.sh,iTransformer,hpo,tfb-gefcom2012,horizon_144,itransformer.sh
iTransformer/hpo/tfb-gefcom2012/horizon_24/itransformer.sh,iTransformer,hpo,tfb-gefcom2012,horizon_24,itransformer.sh
iTransformer/hpo/tfb-gefcom2012/horizon_72/itransformer.sh,iTransformer,hpo,tfb-gefcom2012,horizon_72,itransformer.sh
iTransformer/hpo/tfb-gefcom2014/horizon_12/itransformer.sh,iTransformer,hpo,tfb-gefcom2014,horizon_12,itransformer.sh
iTransformer/hpo/tfb-gefcom2014/horizon_144/itransformer.sh,iTransformer,hpo,tfb-gefcom2014,horizon_144,itransformer.sh
iTransformer/hpo/tfb-gefcom2014/horizon_24/itransformer.sh,iTransformer,hpo,tfb-gefcom2014,horizon_24,itransformer.sh
iTransformer/hpo/tfb-gefcom2014/horizon_72/itransformer.sh,iTransformer,hpo,tfb-gefcom2014,horizon_72,itransformer.sh
iTransformer/hpo/tfb-kaggle1_final_benchmark_v3_ready_no_turbinestatus/horizon_12/itransformer.sh,iTransformer,hpo,tfb-kaggle1_final_benchmark_v3_ready_no_turbinestatus,horizon_12,itransformer.sh
iTransformer/hpo/tfb-kaggle1_final_benchmark_v3_ready_no_turbinestatus/horizon_144/itransformer.sh,iTransformer,hpo,tfb-kaggle1_final_benchmark_v3_ready_no_turbinestatus,horizon_144,itransformer.sh
iTransformer/hpo/tfb-kaggle1_final_benchmark_v3_ready_no_turbinestatus/horizon_24/itransformer.sh,iTransformer,hpo,tfb-kaggle1_final_benchmark_v3_ready_no_turbinestatus,horizon_24,itransformer.sh
iTransformer/hpo/tfb-kaggle1_final_benchmark_v3_ready_no_turbinestatus/horizon_72/itransformer.sh,iTransformer,hpo,tfb-kaggle1_final_benchmark_v3_ready_no_turbinestatus,horizon_72,itransformer.sh
iTransformer/hpo/tfb-maelstrom_turbine_1_univariate/horizon_12/itransformer.sh,iTransformer,hpo,tfb-maelstrom_turbine_1_univariate,horizon_12,itransformer.sh
iTransformer/hpo/tfb-maelstrom_turbine_1_univariate/horizon_144/itransformer.sh,iTransformer,hpo,tfb-maelstrom_turbine_1_univariate,horizon_144,itransformer.sh
iTransformer/hpo/tfb-maelstrom_turbine_1_univariate/horizon_24/itransformer.sh,iTransformer,hpo,tfb-maelstrom_turbine_1_univariate,horizon_24,itransformer.sh
iTransformer/hpo/tfb-maelstrom_turbine_1_univariate/horizon_72/itransformer.sh,iTransformer,hpo,tfb-maelstrom_turbine_1_univariate,horizon_72,itransformer.sh
iTransformer/hpo/tfb-maelstrom_turbine_2_univariate/horizon_12/itransformer.sh,iTransformer,hpo,tfb-maelstrom_turbine_2_univariate,horizon_12,itransformer.sh
iTransformer/hpo/tfb-maelstrom_turbine_2_univariate/horizon_144/itransformer.sh,iTransformer,hpo,tfb-maelstrom_turbine_2_univariate,horizon_144,itransformer.sh
iTransformer/hpo/tfb-maelstrom_turbine_2_univariate/horizon_24/itransformer.sh,iTransformer,hpo,tfb-maelstrom_turbine_2_univariate,horizon_24,itransformer.sh
iTransformer/hpo/tfb-maelstrom_turbine_2_univariate/horizon_72/itransformer.sh,iTransformer,hpo,tfb-maelstrom_turbine_2_univariate,horizon_72,itransformer.sh
iTransformer/hpo/tfb-maelstrom_turbine_3_univariate/horizon_12/itransformer.sh,iTransformer,hpo,tfb-maelstrom_turbine_3_univariate,horizon_12,itransformer.sh
iTransformer/hpo/tfb-maelstrom_turbine_3_univariate/horizon_144/itransformer.sh,iTransformer,hpo,tfb-maelstrom_turbine_3_univariate,horizon_144,itransformer.sh
iTransformer/hpo/tfb-maelstrom_turbine_3_univariate/horizon_24/itransformer.sh,iTransformer,hpo,tfb-maelstrom_turbine_3_univariate,horizon_24,itransformer.sh
iTransformer/hpo/tfb-maelstrom_turbine_3_univariate/horizon_72/itransformer.sh,iTransformer,hpo,tfb-maelstrom_turbine_3_univariate,horizon_72,itransformer.sh
iTransformer/hpo/tfb-maelstrom_turbine_4_univariate/horizon_12/itransformer.sh,iTransformer,hpo,tfb-maelstrom_turbine_4_univariate,horizon_12,itransformer.sh
iTransformer/hpo/tfb-maelstrom_turbine_4_univariate/horizon_144/itransformer.sh,iTransformer,hpo,tfb-maelstrom_turbine_4_univariate,horizon_144,itransformer.sh
iTransformer/hpo/tfb-maelstrom_turbine_4_univariate/horizon_24/itransformer.sh,iTransformer,hpo,tfb-maelstrom_turbine_4_univariate,horizon_24,itransformer.sh
iTransformer/hpo/tfb-maelstrom_turbine_4_univariate/horizon_72/itransformer.sh,iTransformer,hpo,tfb-maelstrom_turbine_4_univariate,horizon_72,itransformer.sh
iTransformer/hpo/tfb-re_europe_wind_signal_COSMO_long_no_null__MT1V_reduced_38T_1V_power/horizon_12/itransformer__server_a_day02_20260519_171704.sh,iTransformer,hpo,tfb-re_europe_wind_signal_COSMO_long_no_null__MT1V_reduced_38T_1V_power,horizon_12,itransformer__server_a_day02_20260519_171704.sh
iTransformer/hpo/tfb-re_europe_wind_signal_COSMO_long_no_null__MT1V_reduced_38T_1V_power/horizon_12/itransformer__server_a_day02_20260520_133059.sh,iTransformer,hpo,tfb-re_europe_wind_signal_COSMO_long_no_null__MT1V_reduced_38T_1V_power,horizon_12,itransformer__server_a_day02_20260520_133059.sh
iTransformer/hpo/tfb-re_europe_wind_signal_COSMO_long_no_null__MT1V_reduced_38T_1V_power/horizon_144/itransformer__server_a_day02_20260519_171704.sh,iTransformer,hpo,tfb-re_europe_wind_signal_COSMO_long_no_null__MT1V_reduced_38T_1V_power,horizon_144,itransformer__server_a_day02_20260519_171704.sh
iTransformer/hpo/tfb-re_europe_wind_signal_COSMO_long_no_null__MT1V_reduced_38T_1V_power/horizon_144/itransformer__server_a_day02_20260520_133059.sh,iTransformer,hpo,tfb-re_europe_wind_signal_COSMO_long_no_null__MT1V_reduced_38T_1V_power,horizon_144,itransformer__server_a_day02_20260520_133059.sh
iTransformer/hpo/tfb-re_europe_wind_signal_COSMO_long_no_null__MT1V_reduced_38T_1V_power/horizon_24/itransformer__server_a_day02_20260519_171704.sh,iTransformer,hpo,tfb-re_europe_wind_signal_COSMO_long_no_null__MT1V_reduced_38T_1V_power,horizon_24,itransformer__server_a_day02_20260519_171704.sh
iTransformer/hpo/tfb-re_europe_wind_signal_COSMO_long_no_null__MT1V_reduced_38T_1V_power/horizon_24/itransformer__server_a_day02_20260520_133059.sh,iTransformer,hpo,tfb-re_europe_wind_signal_COSMO_long_no_null__MT1V_reduced_38T_1V_power,horizon_24,itransformer__server_a_day02_20260520_133059.sh
iTransformer/hpo/tfb-re_europe_wind_signal_COSMO_long_no_null__MT1V_reduced_38T_1V_power/horizon_72/itransformer__server_a_day02_20260519_171704.sh,iTransformer,hpo,tfb-re_europe_wind_signal_COSMO_long_no_null__MT1V_reduced_38T_1V_power,horizon_72,itransformer__server_a_day02_20260519_171704.sh
iTransformer/hpo/tfb-re_europe_wind_signal_COSMO_long_no_null__MT1V_reduced_38T_1V_power/horizon_72/itransformer__server_a_day02_20260520_133059.sh,iTransformer,hpo,tfb-re_europe_wind_signal_COSMO_long_no_null__MT1V_reduced_38T_1V_power,horizon_72,itransformer__server_a_day02_20260520_133059.sh
iTransformer/hpo/tfb-re_europe_wind_signal_ECMWF_long_no_null__MT1V_reduced_38T_1V_power/horizon_12/itransformer__server_a_day02_20260520_133059.sh,iTransformer,hpo,tfb-re_europe_wind_signal_ECMWF_long_no_null__MT1V_reduced_38T_1V_power,horizon_12,itransformer__server_a_day02_20260520_133059.sh
iTransformer/hpo/tfb-re_europe_wind_signal_ECMWF_long_no_null__MT1V_reduced_38T_1V_power/horizon_144/itransformer__server_a_day02_20260520_133059.sh,iTransformer,hpo,tfb-re_europe_wind_signal_ECMWF_long_no_null__MT1V_reduced_38T_1V_power,horizon_144,itransformer__server_a_day02_20260520_133059.sh
iTransformer/hpo/tfb-re_europe_wind_signal_ECMWF_long_no_null__MT1V_reduced_38T_1V_power/horizon_24/itransformer__server_a_day02_20260520_133059.sh,iTransformer,hpo,tfb-re_europe_wind_signal_ECMWF_long_no_null__MT1V_reduced_38T_1V_power,horizon_24,itransformer__server_a_day02_20260520_133059.sh
iTransformer/hpo/tfb-re_europe_wind_signal_ECMWF_long_no_null__MT1V_reduced_38T_1V_power/horizon_72/itransformer__server_a_day02_20260520_133059.sh,iTransformer,hpo,tfb-re_europe_wind_signal_ECMWF_long_no_null__MT1V_reduced_38T_1V_power,horizon_72,itransformer__server_a_day02_20260520_133059.sh
iTransformer/hpo/tfb-scada_fault_10min_cleaned_numeric_only/horizon_12/itransformer.sh,iTransformer,hpo,tfb-scada_fault_10min_cleaned_numeric_only,horizon_12,itransformer.sh
iTransformer/hpo/tfb-scada_fault_10min_cleaned_numeric_only/horizon_144/itransformer.sh,iTransformer,hpo,tfb-scada_fault_10min_cleaned_numeric_only,horizon_144,itransformer.sh
iTransformer/hpo/tfb-scada_fault_10min_cleaned_numeric_only/horizon_24/itransformer.sh,iTransformer,hpo,tfb-scada_fault_10min_cleaned_numeric_only,horizon_24,itransformer.sh
iTransformer/hpo/tfb-scada_fault_10min_cleaned_numeric_only/horizon_72/itransformer.sh,iTransformer,hpo,tfb-scada_fault_10min_cleaned_numeric_only,horizon_72,itransformer.sh
iTransformer/hpo/tfb-sdwpf_245days_v1_final_final_cleaned/horizon_12/itransformer.sh,iTransformer,hpo,tfb-sdwpf_245days_v1_final_final_cleaned,horizon_12,itransformer.sh
iTransformer/hpo/tfb-sdwpf_245days_v1_final_final_cleaned/horizon_144/itransformer.sh,iTransformer,hpo,tfb-sdwpf_245days_v1_final_final_cleaned,horizon_144,itransformer.sh
iTransformer/hpo/tfb-sdwpf_245days_v1_final_final_cleaned/horizon_24/itransformer.sh,iTransformer,hpo,tfb-sdwpf_245days_v1_final_final_cleaned,horizon_24,itransformer.sh
iTransformer/hpo/tfb-sdwpf_245days_v1_final_final_cleaned/horizon_72/itransformer.sh,iTransformer,hpo,tfb-sdwpf_245days_v1_final_final_cleaned,horizon_72,itransformer.sh
patchtst.sh,,,,,patchtst.sh
stdn.sh,,,,,stdn.sh
timer.sh,,,,,timer.sh
xPatch/hpo/tfb-Kelmarsh_filtered_wide__MTMV_reduced_3V_Power_(kW)/horizon_12/xpatch.sh,xPatch,hpo,tfb-Kelmarsh_filtered_wide__MTMV_reduced_3V_Power_(kW),horizon_12,xpatch.sh
xPatch/hpo/tfb-Kelmarsh_filtered_wide__MTMV_reduced_3V_Power_(kW)/horizon_144/xpatch.sh,xPatch,hpo,tfb-Kelmarsh_filtered_wide__MTMV_reduced_3V_Power_(kW),horizon_144,xpatch.sh
xPatch/hpo/tfb-Kelmarsh_filtered_wide__MTMV_reduced_3V_Power_(kW)/horizon_24/xpatch.sh,xPatch,hpo,tfb-Kelmarsh_filtered_wide__MTMV_reduced_3V_Power_(kW),horizon_24,xpatch.sh
xPatch/hpo/tfb-Kelmarsh_filtered_wide__MTMV_reduced_3V_Power_(kW)/horizon_72/xpatch.sh,xPatch,hpo,tfb-Kelmarsh_filtered_wide__MTMV_reduced_3V_Power_(kW),horizon_72,xpatch.sh
xPatch/hpo/tfb-Penmanshiel_filtered_wide__MTMV_reduced_3V_Power_(kW)__quality_trim_201607_201608_202009_202010/horizon_12/xpatch.sh,xPatch,hpo,tfb-Penmanshiel_filtered_wide__MTMV_reduced_3V_Power_(kW)__quality_trim_201607_201608_202009_202010,horizon_12,xpatch.sh
xPatch/hpo/tfb-Penmanshiel_filtered_wide__MTMV_reduced_3V_Power_(kW)__quality_trim_201607_201608_202009_202010/horizon_144/xpatch.sh,xPatch,hpo,tfb-Penmanshiel_filtered_wide__MTMV_reduced_3V_Power_(kW)__quality_trim_201607_201608_202009_202010,horizon_144,xpatch.sh
xPatch/hpo/tfb-Penmanshiel_filtered_wide__MTMV_reduced_3V_Power_(kW)__quality_trim_201607_201608_202009_202010/horizon_24/xpatch.sh,xPatch,hpo,tfb-Penmanshiel_filtered_wide__MTMV_reduced_3V_Power_(kW)__quality_trim_201607_201608_202009_202010,horizon_24,xpatch.sh
xPatch/hpo/tfb-Penmanshiel_filtered_wide__MTMV_reduced_3V_Power_(kW)__quality_trim_201607_201608_202009_202010/horizon_72/xpatch.sh,xPatch,hpo,tfb-Penmanshiel_filtered_wide__MTMV_reduced_3V_Power_(kW)__quality_trim_201607_201608_202009_202010,horizon_72,xpatch.sh
xPatch/hpo/tfb-UEBB_panel_wide_filled__MTMV_reduced_3V_active_power_total/horizon_12/xpatch.sh,xPatch,hpo,tfb-UEBB_panel_wide_filled__MTMV_reduced_3V_active_power_total,horizon_12,xpatch.sh
xPatch/hpo/tfb-UEBB_panel_wide_filled__MTMV_reduced_3V_active_power_total/horizon_144/xpatch.sh,xPatch,hpo,tfb-UEBB_panel_wide_filled__MTMV_reduced_3V_active_power_total,horizon_144,xpatch.sh
xPatch/hpo/tfb-UEBB_panel_wide_filled__MTMV_reduced_3V_active_power_total/horizon_24/xpatch.sh,xPatch,hpo,tfb-UEBB_panel_wide_filled__MTMV_reduced_3V_active_power_total,horizon_24,xpatch.sh
xPatch/hpo/tfb-UEBB_panel_wide_filled__MTMV_reduced_3V_active_power_total/horizon_72/xpatch.sh,xPatch,hpo,tfb-UEBB_panel_wide_filled__MTMV_reduced_3V_active_power_total,horizon_72,xpatch.sh
xPatch/hpo/tfb-UEPS_panel_wide_filled__MTMV_reduced_3V_active_power_total/horizon_12/xpatch.sh,xPatch,hpo,tfb-UEPS_panel_wide_filled__MTMV_reduced_3V_active_power_total,horizon_12,xpatch.sh
xPatch/hpo/tfb-UEPS_panel_wide_filled__MTMV_reduced_3V_active_power_total/horizon_144/xpatch.sh,xPatch,hpo,tfb-UEPS_panel_wide_filled__MTMV_reduced_3V_active_power_total,horizon_144,xpatch.sh
xPatch/hpo/tfb-UEPS_panel_wide_filled__MTMV_reduced_3V_active_power_total/horizon_24/xpatch.sh,xPatch,hpo,tfb-UEPS_panel_wide_filled__MTMV_reduced_3V_active_power_total,horizon_24,xpatch.sh
xPatch/hpo/tfb-UEPS_panel_wide_filled__MTMV_reduced_3V_active_power_total/horizon_72/xpatch.sh,xPatch,hpo,tfb-UEPS_panel_wide_filled__MTMV_reduced_3V_active_power_total,horizon_72,xpatch.sh
xPatch/hpo/tfb-Wind farm site 1 (Nominal capacity-99MW)_final/horizon_12/xpatch.sh,xPatch,hpo,tfb-Wind farm site 1 (Nominal capacity-99MW)_final,horizon_12,xpatch.sh
xPatch/hpo/tfb-Wind farm site 1 (Nominal capacity-99MW)_final/horizon_144/xpatch.sh,xPatch,hpo,tfb-Wind farm site 1 (Nominal capacity-99MW)_final,horizon_144,xpatch.sh
xPatch/hpo/tfb-Wind farm site 1 (Nominal capacity-99MW)_final/horizon_24/xpatch.sh,xPatch,hpo,tfb-Wind farm site 1 (Nominal capacity-99MW)_final,horizon_24,xpatch.sh
xPatch/hpo/tfb-Wind farm site 1 (Nominal capacity-99MW)_final/horizon_72/xpatch.sh,xPatch,hpo,tfb-Wind farm site 1 (Nominal capacity-99MW)_final,horizon_72,xpatch.sh
xPatch/hpo/tfb-Wind farm site 2 (Nominal capacity-200MW)_final/horizon_12/xpatch.sh,xPatch,hpo,tfb-Wind farm site 2 (Nominal capacity-200MW)_final,horizon_12,xpatch.sh
xPatch/hpo/tfb-Wind farm site 2 (Nominal capacity-200MW)_final/horizon_144/xpatch.sh,xPatch,hpo,tfb-Wind farm site 2 (Nominal capacity-200MW)_final,horizon_144,xpatch.sh
xPatch/hpo/tfb-Wind farm site 2 (Nominal capacity-200MW)_final/horizon_24/xpatch.sh,xPatch,hpo,tfb-Wind farm site 2 (Nominal capacity-200MW)_final,horizon_24,xpatch.sh
xPatch/hpo/tfb-Wind farm site 2 (Nominal capacity-200MW)_final/horizon_72/xpatch.sh,xPatch,hpo,tfb-Wind farm site 2 (Nominal capacity-200MW)_final,horizon_72,xpatch.sh
xPatch/hpo/tfb-Wind farm site 3 (Nominal capacity-99MW)_final/horizon_12/xpatch.sh,xPatch,hpo,tfb-Wind farm site 3 (Nominal capacity-99MW)_final,horizon_12,xpatch.sh
xPatch/hpo/tfb-Wind farm site 3 (Nominal capacity-99MW)_final/horizon_144/xpatch.sh,xPatch,hpo,tfb-Wind farm site 3 (Nominal capacity-99MW)_final,horizon_144,xpatch.sh
xPatch/hpo/tfb-Wind farm site 3 (Nominal capacity-99MW)_final/horizon_24/xpatch.sh,xPatch,hpo,tfb-Wind farm site 3 (Nominal capacity-99MW)_final,horizon_24,xpatch.sh
xPatch/hpo/tfb-Wind farm site 3 (Nominal capacity-99MW)_final/horizon_72/xpatch.sh,xPatch,hpo,tfb-Wind farm site 3 (Nominal capacity-99MW)_final,horizon_72,xpatch.sh
xPatch/hpo/tfb-Wind farm site 4 (Nominal capacity-66MW)_final/horizon_12/xpatch.sh,xPatch,hpo,tfb-Wind farm site 4 (Nominal capacity-66MW)_final,horizon_12,xpatch.sh
xPatch/hpo/tfb-Wind farm site 4 (Nominal capacity-66MW)_final/horizon_144/xpatch.sh,xPatch,hpo,tfb-Wind farm site 4 (Nominal capacity-66MW)_final,horizon_144,xpatch.sh
xPatch/hpo/tfb-Wind farm site 4 (Nominal capacity-66MW)_final/horizon_24/xpatch.sh,xPatch,hpo,tfb-Wind farm site 4 (Nominal capacity-66MW)_final,horizon_24,xpatch.sh
xPatch/hpo/tfb-Wind farm site 4 (Nominal capacity-66MW)_final/horizon_72/xpatch.sh,xPatch,hpo,tfb-Wind farm site 4 (Nominal capacity-66MW)_final,horizon_72,xpatch.sh
xPatch/hpo/tfb-Wind farm site 6 (Nominal capacity-96MW)_final/horizon_12/xpatch.sh,xPatch,hpo,tfb-Wind farm site 6 (Nominal capacity-96MW)_final,horizon_12,xpatch.sh
xPatch/hpo/tfb-Wind farm site 6 (Nominal capacity-96MW)_final/horizon_144/xpatch.sh,xPatch,hpo,tfb-Wind farm site 6 (Nominal capacity-96MW)_final,horizon_144,xpatch.sh
xPatch/hpo/tfb-Wind farm site 6 (Nominal capacity-96MW)_final/horizon_24/xpatch.sh,xPatch,hpo,tfb-Wind farm site 6 (Nominal capacity-96MW)_final,horizon_24,xpatch.sh
xPatch/hpo/tfb-Wind farm site 6 (Nominal capacity-96MW)_final/horizon_72/xpatch.sh,xPatch,hpo,tfb-Wind farm site 6 (Nominal capacity-96MW)_final,horizon_72,xpatch.sh
xPatch/hpo/tfb-Wind_Farm_A_filtered_wide_long_fixed__1T1V_reduced_1T_1V_windpower/horizon_12/xpatch.sh,xPatch,hpo,tfb-Wind_Farm_A_filtered_wide_long_fixed__1T1V_reduced_1T_1V_windpower,horizon_12,xpatch.sh
xPatch/hpo/tfb-Wind_Farm_A_filtered_wide_long_fixed__1T1V_reduced_1T_1V_windpower/horizon_144/xpatch.sh,xPatch,hpo,tfb-Wind_Farm_A_filtered_wide_long_fixed__1T1V_reduced_1T_1V_windpower,horizon_144,xpatch.sh
xPatch/hpo/tfb-Wind_Farm_A_filtered_wide_long_fixed__1T1V_reduced_1T_1V_windpower/horizon_24/xpatch.sh,xPatch,hpo,tfb-Wind_Farm_A_filtered_wide_long_fixed__1T1V_reduced_1T_1V_windpower,horizon_24,xpatch.sh
xPatch/hpo/tfb-Wind_Farm_A_filtered_wide_long_fixed__1T1V_reduced_1T_1V_windpower/horizon_72/xpatch.sh,xPatch,hpo,tfb-Wind_Farm_A_filtered_wide_long_fixed__1T1V_reduced_1T_1V_windpower,horizon_72,xpatch.sh
xPatch/hpo/tfb-Wind_Farm_B_filtered_wide_long_fixed__1T1V_reduced_1T_1V_windpower/horizon_12/xpatch.sh,xPatch,hpo,tfb-Wind_Farm_B_filtered_wide_long_fixed__1T1V_reduced_1T_1V_windpower,horizon_12,xpatch.sh
xPatch/hpo/tfb-Wind_Farm_B_filtered_wide_long_fixed__1T1V_reduced_1T_1V_windpower/horizon_144/xpatch.sh,xPatch,hpo,tfb-Wind_Farm_B_filtered_wide_long_fixed__1T1V_reduced_1T_1V_windpower,horizon_144,xpatch.sh
xPatch/hpo/tfb-Wind_Farm_B_filtered_wide_long_fixed__1T1V_reduced_1T_1V_windpower/horizon_24/xpatch.sh,xPatch,hpo,tfb-Wind_Farm_B_filtered_wide_long_fixed__1T1V_reduced_1T_1V_windpower,horizon_24,xpatch.sh
xPatch/hpo/tfb-Wind_Farm_B_filtered_wide_long_fixed__1T1V_reduced_1T_1V_windpower/horizon_72/xpatch.sh,xPatch,hpo,tfb-Wind_Farm_B_filtered_wide_long_fixed__1T1V_reduced_1T_1V_windpower,horizon_72,xpatch.sh
xPatch/hpo/tfb-Wind_Farm_B_filtered_wide_long_fixed__1T1V_reduced_1T_1V_windpower/xpatch_all.sh,xPatch,hpo,tfb-Wind_Farm_B_filtered_wide_long_fixed__1T1V_reduced_1T_1V_windpower,,xpatch_all.sh
xPatch/hpo/tfb-Wind_Farm_C_filtered_wide_long_fixed__MT1V_reduced_1V_windpower/horizon_12/xpatch.sh,xPatch,hpo,tfb-Wind_Farm_C_filtered_wide_long_fixed__MT1V_reduced_1V_windpower,horizon_12,xpatch.sh
xPatch/hpo/tfb-Wind_Farm_C_filtered_wide_long_fixed__MT1V_reduced_1V_windpower/horizon_144/xpatch.sh,xPatch,hpo,tfb-Wind_Farm_C_filtered_wide_long_fixed__MT1V_reduced_1V_windpower,horizon_144,xpatch.sh
xPatch/hpo/tfb-Wind_Farm_C_filtered_wide_long_fixed__MT1V_reduced_1V_windpower/horizon_24/xpatch.sh,xPatch,hpo,tfb-Wind_Farm_C_filtered_wide_long_fixed__MT1V_reduced_1V_windpower,horizon_24,xpatch.sh
xPatch/hpo/tfb-Wind_Farm_C_filtered_wide_long_fixed__MT1V_reduced_1V_windpower/horizon_72/xpatch.sh,xPatch,hpo,tfb-Wind_Farm_C_filtered_wide_long_fixed__MT1V_reduced_1V_windpower,horizon_72,xpatch.sh
xPatch/hpo/tfb-Yalova_final_ready/horizon_12/xpatch.sh,xPatch,hpo,tfb-Yalova_final_ready,horizon_12,xpatch.sh
xPatch/hpo/tfb-Yalova_final_ready/horizon_144/xpatch.sh,xPatch,hpo,tfb-Yalova_final_ready,horizon_144,xpatch.sh
xPatch/hpo/tfb-Yalova_final_ready/horizon_24/xpatch.sh,xPatch,hpo,tfb-Yalova_final_ready,horizon_24,xpatch.sh
xPatch/hpo/tfb-Yalova_final_ready/horizon_72/xpatch.sh,xPatch,hpo,tfb-Yalova_final_ready,horizon_72,xpatch.sh
xPatch/hpo/tfb-aemo/horizon_12/xpatch.sh,xPatch,hpo,tfb-aemo,horizon_12,xpatch.sh
xPatch/hpo/tfb-aemo/horizon_144/xpatch.sh,xPatch,hpo,tfb-aemo,horizon_144,xpatch.sh
xPatch/hpo/tfb-aemo/horizon_24/xpatch.sh,xPatch,hpo,tfb-aemo,horizon_24,xpatch.sh
xPatch/hpo/tfb-aemo/horizon_72/xpatch.sh,xPatch,hpo,tfb-aemo,horizon_72,xpatch.sh
xPatch/hpo/tfb-chalmers_merged_processed_data_fixed_combined__1T1V_reduced_1min_1T_1V_power/horizon_12/xpatch.sh,xPatch,hpo,tfb-chalmers_merged_processed_data_fixed_combined__1T1V_reduced_1min_1T_1V_power,horizon_12,xpatch.sh
xPatch/hpo/tfb-chalmers_merged_processed_data_fixed_combined__1T1V_reduced_1min_1T_1V_power/horizon_144/xpatch.sh,xPatch,hpo,tfb-chalmers_merged_processed_data_fixed_combined__1T1V_reduced_1min_1T_1V_power,horizon_144,xpatch.sh
xPatch/hpo/tfb-chalmers_merged_processed_data_fixed_combined__1T1V_reduced_1min_1T_1V_power/horizon_24/xpatch.sh,xPatch,hpo,tfb-chalmers_merged_processed_data_fixed_combined__1T1V_reduced_1min_1T_1V_power,horizon_24,xpatch.sh
xPatch/hpo/tfb-chalmers_merged_processed_data_fixed_combined__1T1V_reduced_1min_1T_1V_power/horizon_72/xpatch.sh,xPatch,hpo,tfb-chalmers_merged_processed_data_fixed_combined__1T1V_reduced_1min_1T_1V_power,horizon_72,xpatch.sh
xPatch/hpo/tfb-gefcom2012/horizon_12/xpatch.sh,xPatch,hpo,tfb-gefcom2012,horizon_12,xpatch.sh
xPatch/hpo/tfb-gefcom2012/horizon_144/xpatch.sh,xPatch,hpo,tfb-gefcom2012,horizon_144,xpatch.sh
xPatch/hpo/tfb-gefcom2012/horizon_24/xpatch.sh,xPatch,hpo,tfb-gefcom2012,horizon_24,xpatch.sh
xPatch/hpo/tfb-gefcom2012/horizon_72/xpatch.sh,xPatch,hpo,tfb-gefcom2012,horizon_72,xpatch.sh
xPatch/hpo/tfb-gefcom2014/horizon_12/xpatch.sh,xPatch,hpo,tfb-gefcom2014,horizon_12,xpatch.sh
xPatch/hpo/tfb-gefcom2014/horizon_144/xpatch.sh,xPatch,hpo,tfb-gefcom2014,horizon_144,xpatch.sh
xPatch/hpo/tfb-gefcom2014/horizon_24/xpatch.sh,xPatch,hpo,tfb-gefcom2014,horizon_24,xpatch.sh
xPatch/hpo/tfb-gefcom2014/horizon_72/xpatch.sh,xPatch,hpo,tfb-gefcom2014,horizon_72,xpatch.sh
xPatch/hpo/tfb-kaggle1_final_benchmark_v3_ready_no_turbinestatus/horizon_12/xpatch.sh,xPatch,hpo,tfb-kaggle1_final_benchmark_v3_ready_no_turbinestatus,horizon_12,xpatch.sh
xPatch/hpo/tfb-kaggle1_final_benchmark_v3_ready_no_turbinestatus/horizon_144/xpatch.sh,xPatch,hpo,tfb-kaggle1_final_benchmark_v3_ready_no_turbinestatus,horizon_144,xpatch.sh
xPatch/hpo/tfb-kaggle1_final_benchmark_v3_ready_no_turbinestatus/horizon_24/xpatch.sh,xPatch,hpo,tfb-kaggle1_final_benchmark_v3_ready_no_turbinestatus,horizon_24,xpatch.sh
xPatch/hpo/tfb-kaggle1_final_benchmark_v3_ready_no_turbinestatus/horizon_72/xpatch.sh,xPatch,hpo,tfb-kaggle1_final_benchmark_v3_ready_no_turbinestatus,horizon_72,xpatch.sh
xPatch/hpo/tfb-maelstrom_turbine_1_univariate/horizon_12/xpatch.sh,xPatch,hpo,tfb-maelstrom_turbine_1_univariate,horizon_12,xpatch.sh
xPatch/hpo/tfb-maelstrom_turbine_1_univariate/horizon_144/xpatch.sh,xPatch,hpo,tfb-maelstrom_turbine_1_univariate,horizon_144,xpatch.sh
xPatch/hpo/tfb-maelstrom_turbine_1_univariate/horizon_24/xpatch.sh,xPatch,hpo,tfb-maelstrom_turbine_1_univariate,horizon_24,xpatch.sh
xPatch/hpo/tfb-maelstrom_turbine_1_univariate/horizon_72/xpatch.sh,xPatch,hpo,tfb-maelstrom_turbine_1_univariate,horizon_72,xpatch.sh
xPatch/hpo/tfb-maelstrom_turbine_1_univariate/xpatch_all.sh,xPatch,hpo,tfb-maelstrom_turbine_1_univariate,,xpatch_all.sh
xPatch/hpo/tfb-maelstrom_turbine_2_univariate/horizon_12/xpatch.sh,xPatch,hpo,tfb-maelstrom_turbine_2_univariate,horizon_12,xpatch.sh
xPatch/hpo/tfb-maelstrom_turbine_2_univariate/horizon_144/xpatch.sh,xPatch,hpo,tfb-maelstrom_turbine_2_univariate,horizon_144,xpatch.sh
xPatch/hpo/tfb-maelstrom_turbine_2_univariate/horizon_24/xpatch.sh,xPatch,hpo,tfb-maelstrom_turbine_2_univariate,horizon_24,xpatch.sh
xPatch/hpo/tfb-maelstrom_turbine_2_univariate/horizon_72/xpatch.sh,xPatch,hpo,tfb-maelstrom_turbine_2_univariate,horizon_72,xpatch.sh
xPatch/hpo/tfb-maelstrom_turbine_3_univariate/horizon_12/xpatch.sh,xPatch,hpo,tfb-maelstrom_turbine_3_univariate,horizon_12,xpatch.sh
xPatch/hpo/tfb-maelstrom_turbine_3_univariate/horizon_144/xpatch.sh,xPatch,hpo,tfb-maelstrom_turbine_3_univariate,horizon_144,xpatch.sh
xPatch/hpo/tfb-maelstrom_turbine_3_univariate/horizon_24/xpatch.sh,xPatch,hpo,tfb-maelstrom_turbine_3_univariate,horizon_24,xpatch.sh
xPatch/hpo/tfb-maelstrom_turbine_3_univariate/horizon_72/xpatch.sh,xPatch,hpo,tfb-maelstrom_turbine_3_univariate,horizon_72,xpatch.sh
xPatch/hpo/tfb-maelstrom_turbine_4_univariate/horizon_12/xpatch.sh,xPatch,hpo,tfb-maelstrom_turbine_4_univariate,horizon_12,xpatch.sh
xPatch/hpo/tfb-maelstrom_turbine_4_univariate/horizon_144/xpatch.sh,xPatch,hpo,tfb-maelstrom_turbine_4_univariate,horizon_144,xpatch.sh
xPatch/hpo/tfb-maelstrom_turbine_4_univariate/horizon_24/xpatch.sh,xPatch,hpo,tfb-maelstrom_turbine_4_univariate,horizon_24,xpatch.sh
xPatch/hpo/tfb-maelstrom_turbine_4_univariate/horizon_72/xpatch.sh,xPatch,hpo,tfb-maelstrom_turbine_4_univariate,horizon_72,xpatch.sh
xPatch/hpo/tfb-re_europe_wind_signal_COSMO_long_no_null__MT1V_reduced_38T_1V_power/horizon_12/xpatch.sh,xPatch,hpo,tfb-re_europe_wind_signal_COSMO_long_no_null__MT1V_reduced_38T_1V_power,horizon_12,xpatch.sh
xPatch/hpo/tfb-re_europe_wind_signal_COSMO_long_no_null__MT1V_reduced_38T_1V_power/horizon_12/xpatch__server_a_day01_20260519_111959.sh,xPatch,hpo,tfb-re_europe_wind_signal_COSMO_long_no_null__MT1V_reduced_38T_1V_power,horizon_12,xpatch__server_a_day01_20260519_111959.sh
xPatch/hpo/tfb-re_europe_wind_signal_COSMO_long_no_null__MT1V_reduced_38T_1V_power/horizon_12/xpatch__server_a_day01_20260519_122851.sh,xPatch,hpo,tfb-re_europe_wind_signal_COSMO_long_no_null__MT1V_reduced_38T_1V_power,horizon_12,xpatch__server_a_day01_20260519_122851.sh
xPatch/hpo/tfb-re_europe_wind_signal_COSMO_long_no_null__MT1V_reduced_38T_1V_power/horizon_12/xpatch__server_a_day01_20260519_171557.sh,xPatch,hpo,tfb-re_europe_wind_signal_COSMO_long_no_null__MT1V_reduced_38T_1V_power,horizon_12,xpatch__server_a_day01_20260519_171557.sh
xPatch/hpo/tfb-re_europe_wind_signal_COSMO_long_no_null__MT1V_reduced_38T_1V_power/horizon_12/xpatch__server_a_day01_20260520_132941.sh,xPatch,hpo,tfb-re_europe_wind_signal_COSMO_long_no_null__MT1V_reduced_38T_1V_power,horizon_12,xpatch__server_a_day01_20260520_132941.sh
xPatch/hpo/tfb-re_europe_wind_signal_COSMO_long_no_null__MT1V_reduced_38T_1V_power/horizon_144/hpo_all_horizons.sh,xPatch,hpo,tfb-re_europe_wind_signal_COSMO_long_no_null__MT1V_reduced_38T_1V_power,horizon_144,hpo_all_horizons.sh
xPatch/hpo/tfb-re_europe_wind_signal_COSMO_long_no_null__MT1V_reduced_38T_1V_power/horizon_144/xpatch__server_a_day01_20260519_111959.sh,xPatch,hpo,tfb-re_europe_wind_signal_COSMO_long_no_null__MT1V_reduced_38T_1V_power,horizon_144,xpatch__server_a_day01_20260519_111959.sh
xPatch/hpo/tfb-re_europe_wind_signal_COSMO_long_no_null__MT1V_reduced_38T_1V_power/horizon_144/xpatch__server_a_day01_20260519_122851.sh,xPatch,hpo,tfb-re_europe_wind_signal_COSMO_long_no_null__MT1V_reduced_38T_1V_power,horizon_144,xpatch__server_a_day01_20260519_122851.sh
xPatch/hpo/tfb-re_europe_wind_signal_COSMO_long_no_null__MT1V_reduced_38T_1V_power/horizon_144/xpatch__server_a_day01_20260519_171557.sh,xPatch,hpo,tfb-re_europe_wind_signal_COSMO_long_no_null__MT1V_reduced_38T_1V_power,horizon_144,xpatch__server_a_day01_20260519_171557.sh
xPatch/hpo/tfb-re_europe_wind_signal_COSMO_long_no_null__MT1V_reduced_38T_1V_power/horizon_144/xpatch__server_a_day01_20260520_132941.sh,xPatch,hpo,tfb-re_europe_wind_signal_COSMO_long_no_null__MT1V_reduced_38T_1V_power,horizon_144,xpatch__server_a_day01_20260520_132941.sh
xPatch/hpo/tfb-re_europe_wind_signal_COSMO_long_no_null__MT1V_reduced_38T_1V_power/horizon_24/hpo_all_horizons.sh,xPatch,hpo,tfb-re_europe_wind_signal_COSMO_long_no_null__MT1V_reduced_38T_1V_power,horizon_24,hpo_all_horizons.sh
xPatch/hpo/tfb-re_europe_wind_signal_COSMO_long_no_null__MT1V_reduced_38T_1V_power/horizon_24/xpatch__server_a_day01_20260519_111959.sh,xPatch,hpo,tfb-re_europe_wind_signal_COSMO_long_no_null__MT1V_reduced_38T_1V_power,horizon_24,xpatch__server_a_day01_20260519_111959.sh
xPatch/hpo/tfb-re_europe_wind_signal_COSMO_long_no_null__MT1V_reduced_38T_1V_power/horizon_24/xpatch__server_a_day01_20260519_122851.sh,xPatch,hpo,tfb-re_europe_wind_signal_COSMO_long_no_null__MT1V_reduced_38T_1V_power,horizon_24,xpatch__server_a_day01_20260519_122851.sh
xPatch/hpo/tfb-re_europe_wind_signal_COSMO_long_no_null__MT1V_reduced_38T_1V_power/horizon_24/xpatch__server_a_day01_20260519_171557.sh,xPatch,hpo,tfb-re_europe_wind_signal_COSMO_long_no_null__MT1V_reduced_38T_1V_power,horizon_24,xpatch__server_a_day01_20260519_171557.sh
xPatch/hpo/tfb-re_europe_wind_signal_COSMO_long_no_null__MT1V_reduced_38T_1V_power/horizon_24/xpatch__server_a_day01_20260520_132941.sh,xPatch,hpo,tfb-re_europe_wind_signal_COSMO_long_no_null__MT1V_reduced_38T_1V_power,horizon_24,xpatch__server_a_day01_20260520_132941.sh
xPatch/hpo/tfb-re_europe_wind_signal_COSMO_long_no_null__MT1V_reduced_38T_1V_power/horizon_72/hpo_all_horizons.sh,xPatch,hpo,tfb-re_europe_wind_signal_COSMO_long_no_null__MT1V_reduced_38T_1V_power,horizon_72,hpo_all_horizons.sh
xPatch/hpo/tfb-re_europe_wind_signal_COSMO_long_no_null__MT1V_reduced_38T_1V_power/horizon_72/xpatch__server_a_day01_20260519_111959.sh,xPatch,hpo,tfb-re_europe_wind_signal_COSMO_long_no_null__MT1V_reduced_38T_1V_power,horizon_72,xpatch__server_a_day01_20260519_111959.sh
xPatch/hpo/tfb-re_europe_wind_signal_COSMO_long_no_null__MT1V_reduced_38T_1V_power/horizon_72/xpatch__server_a_day01_20260519_122851.sh,xPatch,hpo,tfb-re_europe_wind_signal_COSMO_long_no_null__MT1V_reduced_38T_1V_power,horizon_72,xpatch__server_a_day01_20260519_122851.sh
xPatch/hpo/tfb-re_europe_wind_signal_COSMO_long_no_null__MT1V_reduced_38T_1V_power/horizon_72/xpatch__server_a_day01_20260519_171557.sh,xPatch,hpo,tfb-re_europe_wind_signal_COSMO_long_no_null__MT1V_reduced_38T_1V_power,horizon_72,xpatch__server_a_day01_20260519_171557.sh
xPatch/hpo/tfb-re_europe_wind_signal_COSMO_long_no_null__MT1V_reduced_38T_1V_power/horizon_72/xpatch__server_a_day01_20260520_132941.sh,xPatch,hpo,tfb-re_europe_wind_signal_COSMO_long_no_null__MT1V_reduced_38T_1V_power,horizon_72,xpatch__server_a_day01_20260520_132941.sh
xPatch/hpo/tfb-re_europe_wind_signal_ECMWF_long_no_null__MT1V_reduced_38T_1V_power/horizon_12/xpatch.sh,xPatch,hpo,tfb-re_europe_wind_signal_ECMWF_long_no_null__MT1V_reduced_38T_1V_power,horizon_12,xpatch.sh
xPatch/hpo/tfb-re_europe_wind_signal_ECMWF_long_no_null__MT1V_reduced_38T_1V_power/horizon_144/xpatch.sh,xPatch,hpo,tfb-re_europe_wind_signal_ECMWF_long_no_null__MT1V_reduced_38T_1V_power,horizon_144,xpatch.sh
xPatch/hpo/tfb-re_europe_wind_signal_ECMWF_long_no_null__MT1V_reduced_38T_1V_power/horizon_24/xpatch.sh,xPatch,hpo,tfb-re_europe_wind_signal_ECMWF_long_no_null__MT1V_reduced_38T_1V_power,horizon_24,xpatch.sh
xPatch/hpo/tfb-re_europe_wind_signal_ECMWF_long_no_null__MT1V_reduced_38T_1V_power/horizon_72/xpatch.sh,xPatch,hpo,tfb-re_europe_wind_signal_ECMWF_long_no_null__MT1V_reduced_38T_1V_power,horizon_72,xpatch.sh
xPatch/hpo/tfb-scada_fault_10min_cleaned_numeric_only/horizon_12/xpatch.sh,xPatch,hpo,tfb-scada_fault_10min_cleaned_numeric_only,horizon_12,xpatch.sh
xPatch/hpo/tfb-scada_fault_10min_cleaned_numeric_only/horizon_144/xpatch.sh,xPatch,hpo,tfb-scada_fault_10min_cleaned_numeric_only,horizon_144,xpatch.sh
xPatch/hpo/tfb-scada_fault_10min_cleaned_numeric_only/horizon_24/xpatch.sh,xPatch,hpo,tfb-scada_fault_10min_cleaned_numeric_only,horizon_24,xpatch.sh
xPatch/hpo/tfb-scada_fault_10min_cleaned_numeric_only/horizon_72/xpatch.sh,xPatch,hpo,tfb-scada_fault_10min_cleaned_numeric_only,horizon_72,xpatch.sh
xPatch/hpo/tfb-sdwpf_245days_v1_final_final_cleaned/horizon_12/xpatch__icde_missing_all_sheets_day17_gpu5_80g_final2_20260529_20260531_071513.sh,xPatch,hpo,tfb-sdwpf_245days_v1_final_final_cleaned,horizon_12,xpatch__icde_missing_all_sheets_day17_gpu5_80g_final2_20260529_20260531_071513.sh
xPatch/hpo/tfb-sdwpf_245days_v1_final_final_cleaned/horizon_12/xpatch__icde_missing_all_sheets_day17_gpu5_80g_final2_20260529_20260601_043403.sh,xPatch,hpo,tfb-sdwpf_245days_v1_final_final_cleaned,horizon_12,xpatch__icde_missing_all_sheets_day17_gpu5_80g_final2_20260529_20260601_043403.sh
xPatch/hpo/tfb-sdwpf_245days_v1_final_final_cleaned/horizon_12/xpatch__icde_missing_all_sheets_day17_gpu5_80g_final2_20260529_20260604_065156.sh,xPatch,hpo,tfb-sdwpf_245days_v1_final_final_cleaned,horizon_12,xpatch__icde_missing_all_sheets_day17_gpu5_80g_final2_20260529_20260604_065156.sh
xPatch/hpo/tfb-sdwpf_245days_v1_final_final_cleaned/horizon_12/xpatch__icde_missing_all_sheets_day17_gpu5_80g_final2_20260529_20260605_173453.sh,xPatch,hpo,tfb-sdwpf_245days_v1_final_final_cleaned,horizon_12,xpatch__icde_missing_all_sheets_day17_gpu5_80g_final2_20260529_20260605_173453.sh
xPatch/hpo/tfb-sdwpf_245days_v1_final_final_cleaned/horizon_144/xpatch__icde_missing_all_sheets_day17_gpu5_80g_final2_20260529_20260601_043403.sh,xPatch,hpo,tfb-sdwpf_245days_v1_final_final_cleaned,horizon_144,xpatch__icde_missing_all_sheets_day17_gpu5_80g_final2_20260529_20260601_043403.sh
xPatch/hpo/tfb-sdwpf_245days_v1_final_final_cleaned/horizon_144/xpatch__icde_missing_all_sheets_day17_gpu5_80g_final2_20260529_20260604_065156.sh,xPatch,hpo,tfb-sdwpf_245days_v1_final_final_cleaned,horizon_144,xpatch__icde_missing_all_sheets_day17_gpu5_80g_final2_20260529_20260604_065156.sh
xPatch/hpo/tfb-sdwpf_245days_v1_final_final_cleaned/horizon_144/xpatch__icde_missing_all_sheets_day17_gpu5_80g_final2_20260529_20260605_173453.sh,xPatch,hpo,tfb-sdwpf_245days_v1_final_final_cleaned,horizon_144,xpatch__icde_missing_all_sheets_day17_gpu5_80g_final2_20260529_20260605_173453.sh
xPatch/hpo/tfb-sdwpf_245days_v1_final_final_cleaned/horizon_24/xpatch__icde_missing_all_sheets_day17_gpu5_80g_final2_20260529_20260531_071513.sh,xPatch,hpo,tfb-sdwpf_245days_v1_final_final_cleaned,horizon_24,xpatch__icde_missing_all_sheets_day17_gpu5_80g_final2_20260529_20260531_071513.sh
xPatch/hpo/tfb-sdwpf_245days_v1_final_final_cleaned/horizon_24/xpatch__icde_missing_all_sheets_day17_gpu5_80g_final2_20260529_20260601_043403.sh,xPatch,hpo,tfb-sdwpf_245days_v1_final_final_cleaned,horizon_24,xpatch__icde_missing_all_sheets_day17_gpu5_80g_final2_20260529_20260601_043403.sh
xPatch/hpo/tfb-sdwpf_245days_v1_final_final_cleaned/horizon_24/xpatch__icde_missing_all_sheets_day17_gpu5_80g_final2_20260529_20260604_065156.sh,xPatch,hpo,tfb-sdwpf_245days_v1_final_final_cleaned,horizon_24,xpatch__icde_missing_all_sheets_day17_gpu5_80g_final2_20260529_20260604_065156.sh
xPatch/hpo/tfb-sdwpf_245days_v1_final_final_cleaned/horizon_24/xpatch__icde_missing_all_sheets_day17_gpu5_80g_final2_20260529_20260605_173453.sh,xPatch,hpo,tfb-sdwpf_245days_v1_final_final_cleaned,horizon_24,xpatch__icde_missing_all_sheets_day17_gpu5_80g_final2_20260529_20260605_173453.sh
xPatch/hpo/tfb-sdwpf_245days_v1_final_final_cleaned/horizon_72/xpatch__icde_missing_all_sheets_day17_gpu5_80g_final2_20260529_20260531_071513.sh,xPatch,hpo,tfb-sdwpf_245days_v1_final_final_cleaned,horizon_72,xpatch__icde_missing_all_sheets_day17_gpu5_80g_final2_20260529_20260531_071513.sh
xPatch/hpo/tfb-sdwpf_245days_v1_final_final_cleaned/horizon_72/xpatch__icde_missing_all_sheets_day17_gpu5_80g_final2_20260529_20260601_043403.sh,xPatch,hpo,tfb-sdwpf_245days_v1_final_final_cleaned,horizon_72,xpatch__icde_missing_all_sheets_day17_gpu5_80g_final2_20260529_20260601_043403.sh
xPatch/hpo/tfb-sdwpf_245days_v1_final_final_cleaned/horizon_72/xpatch__icde_missing_all_sheets_day17_gpu5_80g_final2_20260529_20260604_065156.sh,xPatch,hpo,tfb-sdwpf_245days_v1_final_final_cleaned,horizon_72,xpatch__icde_missing_all_sheets_day17_gpu5_80g_final2_20260529_20260604_065156.sh
xPatch/hpo/tfb-sdwpf_245days_v1_final_final_cleaned/horizon_72/xpatch__icde_missing_all_sheets_day17_gpu5_80g_final2_20260529_20260605_173453.sh,xPatch,hpo,tfb-sdwpf_245days_v1_final_final_cleaned,horizon_72,xpatch__icde_missing_all_sheets_day17_gpu5_80g_final2_20260529_20260605_173453.sh
